-- MariaDB dump 10.19  Distrib 10.6.11-MariaDB, for debian-linux-gnu (x86_64)
--
-- Host: localhost    Database: ejemplares_BN
-- ------------------------------------------------------
-- Server version	10.6.11-MariaDB-0ubuntu0.22.04.1

/*!40101 SET @OLD_CHARACTER_SET_CLIENT=@@CHARACTER_SET_CLIENT */;
/*!40101 SET @OLD_CHARACTER_SET_RESULTS=@@CHARACTER_SET_RESULTS */;
/*!40101 SET @OLD_COLLATION_CONNECTION=@@COLLATION_CONNECTION */;
/*!40101 SET NAMES utf8mb4 */;
/*!40103 SET @OLD_TIME_ZONE=@@TIME_ZONE */;
/*!40103 SET TIME_ZONE='+00:00' */;
/*!40014 SET @OLD_UNIQUE_CHECKS=@@UNIQUE_CHECKS, UNIQUE_CHECKS=0 */;
/*!40014 SET @OLD_FOREIGN_KEY_CHECKS=@@FOREIGN_KEY_CHECKS, FOREIGN_KEY_CHECKS=0 */;
/*!40101 SET @OLD_SQL_MODE=@@SQL_MODE, SQL_MODE='NO_AUTO_VALUE_ON_ZERO' */;
/*!40111 SET @OLD_SQL_NOTES=@@SQL_NOTES, SQL_NOTES=0 */;

--
-- Current Database: `ejemplares_BN`
--

CREATE DATABASE /*!32312 IF NOT EXISTS*/ `ejemplares_BN` /*!40100 DEFAULT CHARACTER SET utf16 COLLATE utf16_spanish2_ci */;

USE `ejemplares_BN`;

--
-- Table structure for table `colectores`
--

DROP TABLE IF EXISTS `colectores`;
/*!40101 SET @saved_cs_client     = @@character_set_client */;
/*!40101 SET character_set_client = utf8 */;
CREATE TABLE `colectores` (
  `id_colector` char(3) NOT NULL,
  `nombre` char(50) NOT NULL,
  `apellido_paterno` char(50) NOT NULL,
  `apellido_materno` char(50) NOT NULL,
  PRIMARY KEY (`id_colector`)
) ENGINE=InnoDB DEFAULT CHARSET=utf16 COLLATE=utf16_spanish_ci;
/*!40101 SET character_set_client = @saved_cs_client */;

--
-- Dumping data for table `colectores`
--

LOCK TABLES `colectores` WRITE;
/*!40000 ALTER TABLE `colectores` DISABLE KEYS */;
INSERT INTO `colectores` VALUES ('AGC','Diana Alejandra','Gutierrez','Cortés'),('ALC','Antonio','López','Chávez'),('APP','Alberto E.','Pérez','Pedraza'),('EL','Eduardo','Leyva','-'),('EV','Eduardo','Villalobos','-'),('HRC','Hernando Alonso','Rodríguez','Correa'),('JCM','Juan Felipe','Charre','Medellin'),('JLM','Jesús','Llanderal','Mendoza'),('MNB','Lizeth Melissa','Naranjo','Bravo'),('MRR','José Manuel','Rangel','Rojas'),('RAJ','R','A','J'),('RGL','Ricardo','Gaytán','L.'),('RJ','Raúl','Jara','-'),('SMR','Sergio','Marrugo','Rondón'),('SZA','Sofía','Zorrilla','Azcué'),('YVS','Yesenia Margarita','Vega','Sánchez');
/*!40000 ALTER TABLE `colectores` ENABLE KEYS */;
UNLOCK TABLES;

--
-- Table structure for table `ejemplares`
--

DROP TABLE IF EXISTS `ejemplares`;
/*!40101 SET @saved_cs_client     = @@character_set_client */;
/*!40101 SET character_set_client = utf8 */;
CREATE TABLE `ejemplares` (
  `id_ejemplar` int(11) NOT NULL,
  `id_individuo` int(11) DEFAULT NULL,
  `codigo_colecta` varchar(100) DEFAULT NULL,
  `localizacion` varchar(14) DEFAULT NULL,
  `fecha_ingreso_bd` varchar(10) DEFAULT NULL,
  PRIMARY KEY (`id_ejemplar`),
  KEY `02_ejemplares_FK` (`id_individuo`),
  CONSTRAINT `02_ejemplares_FK` FOREIGN KEY (`id_individuo`) REFERENCES `individuos` (`id_individuo`) ON UPDATE CASCADE
) ENGINE=InnoDB DEFAULT CHARSET=utf16 COLLATE=utf16_spanish_ci;
/*!40101 SET character_set_client = @saved_cs_client */;

--
-- Dumping data for table `ejemplares`
--

LOCK TABLES `ejemplares` WRITE;
/*!40000 ALTER TABLE `ejemplares` DISABLE KEYS */;
INSERT INTO `ejemplares` VALUES (1,1,'UnionDGa','Caja4. Chiapas','2022-06-13'),(2,1,'UnionDGb','Caja4. Chiapas','2022-06-13'),(3,2,'MoreDG15a','Caja4. Chiapas','2022-06-13'),(4,2,'MoreDG15b','Caja4. Chiapas','2022-06-13'),(5,3,'MORE15','Caja4. Chiapas','2022-06-13'),(6,4,'MORE13a','Caja4. Chiapas','2022-06-13'),(7,4,'MORE13b','Caja4. Chiapas','2022-06-13'),(8,5,'MORE14a','Caja4. Chiapas','2022-06-13'),(9,5,'MORE14b','Caja4. Chiapas','2022-06-13'),(10,6,'More01a','Caja4. Chiapas','2022-06-13'),(11,6,'More01b','Caja4. Chiapas','2022-06-13'),(12,7,'More7a','Caja4. Chiapas','2022-06-13'),(13,7,'More7b','Caja4. Chiapas','2022-06-13'),(14,8,'More6a','Caja4. Chiapas','2022-06-13'),(15,8,'More6b','Caja4. Chiapas','2022-06-13'),(16,9,'More5a','Caja4. Chiapas','2022-06-13'),(17,9,'More5b','Caja4. Chiapas','2022-06-13'),(18,10,'More4a','Caja4. Chiapas','2022-06-13'),(19,300,'More4b','Caja4. Chiapas','2022-06-13'),(20,11,'More3a','Caja4. Chiapas','2022-06-13'),(21,11,'More3b','Caja4. Chiapas','2022-06-13'),(22,12,'More2a','Caja4. Chiapas','2022-06-13'),(23,12,'More2b','Caja4. Chiapas','2022-06-13'),(24,13,'Union01a','Caja4. Chiapas','2022-06-13'),(25,13,'Union01b','Caja4. Chiapas','2022-06-13'),(26,13,'Union01c','Caja4. Chiapas','2022-06-13'),(27,14,'Union02a','Caja4. Chiapas','2022-06-13'),(28,14,'Union02b','Caja4. Chiapas','2022-06-13'),(29,14,'Union02c','Caja4. Chiapas','2022-06-13'),(30,15,'Colom02a','Caja4. Chiapas','2022-06-13'),(31,15,'Colom02b','Caja4. Chiapas','2022-06-13'),(32,15,'Colom02c','Caja4. Chiapas','2022-06-13'),(33,16,'F963_01','Caja4. Chiapas','2022-06-13'),(34,17,'F963_02','Caja4. Chiapas','2022-06-13'),(35,18,'F963_03','Caja4. Chiapas','2022-06-13'),(36,19,'F963_04','Caja4. Chiapas','2022-06-13'),(37,20,'F963_05','Caja4. Chiapas','2022-06-13'),(38,21,'F963_06','Caja4. Chiapas','2022-06-13'),(39,22,'F963_07','Caja4. Chiapas','2022-06-13'),(40,23,'F963_08','Caja4. Chiapas','2022-06-13'),(41,24,'QUESAN3_01','Caja4. Chiapas','2022-06-13'),(42,25,'QUESAN3_02','Caja4. Chiapas','2022-06-13'),(43,26,'QUESAN3_03','Caja4. Chiapas','2022-06-13'),(44,27,'QUESAN3_04','Caja4. Chiapas','2022-06-13'),(45,28,'QUESAN3_05','Caja4. Chiapas','2022-06-13'),(46,29,'QUESAN3_06','Caja4. Chiapas','2022-06-13'),(47,30,'More08a','Caja4. Chiapas','2022-06-13'),(48,30,'More08b','Caja4. Chiapas','2022-06-13'),(49,31,'More09a','Caja4. Chiapas','2022-06-13'),(50,31,'More09b','Caja4. Chiapas','2022-06-13'),(51,32,'More11a','Caja4. Chiapas','2022-06-13'),(52,32,'More11b','Caja4. Chiapas','2022-06-13'),(53,33,'More12a','Caja4. Chiapas','2022-06-13'),(54,33,'More12b','Caja4. Chiapas','2022-06-13'),(55,34,'Xy_Q09_Q17a','Caja3.Gaytan','2022-06-13'),(56,34,'Xy_Q09_Q17c','Caja3.Gaytan','2022-06-13'),(57,35,'Q30A_pedun','Caja3.Gaytan','2022-06-13'),(58,35,'Q30C_pedun','Caja3.Gaytan','2022-06-13'),(59,36,'Q35b_pedun','Caja3.Gaytan','2022-06-13'),(60,37,'Q55c_pedun','Caja3.Gaytan','2022-06-13'),(61,38,'TlatlaSpp2_pedun','Caja2. Alberto','2022-06-13'),(62,39,'More13a','Caja4. Chiapas','2022-06-13'),(63,39,'More13b','Caja4. Chiapas','2022-06-13'),(64,39,'More13c','Caja4. Chiapas','2022-06-13'),(65,40,'San Miguel02','Caja4. Chiapas','2022-06-13'),(66,41,'San Miguel#3','Caja4. Chiapas','2022-06-13'),(67,42,'San Miguel#5','Caja4. Chiapas','2022-06-13'),(68,43,'San Miguel#08','Caja4. Chiapas','2022-06-13'),(69,44,'San Miguel#17','Caja4. Chiapas','2022-06-13'),(70,45,'San Miguel#18','Caja4. Chiapas','2022-06-13'),(71,46,'San Miguel#21','Caja4. Chiapas','2022-06-13'),(72,47,'San Miguel#30','Caja4. Chiapas','2022-06-13'),(73,48,'SMiguel#3','Caja4. Chiapas','2022-06-13'),(74,49,'Xy_Q09_Q16a','Caja3.Gaytan','2022-06-13'),(75,49,'XY_Q09_Q16c','Caja3.Gaytan','2022-06-13'),(76,50,'Quercus_Vic01a','Caja5. Chiapas','2022-06-13'),(77,50,'Quercus_Vic01b','Caja5. Chiapas','2022-06-13'),(78,50,'Quercus_Vic01c','Caja5. Chiapas','2022-06-13'),(79,51,'Quercus_Vic02a','Caja5. Chiapas','2022-06-13'),(80,51,'Quercus_Vic02b','Caja5. Chiapas','2022-06-13'),(81,51,'Quercus_Vic02c','Caja5. Chiapas','2022-06-13'),(82,52,'MORE01a','Caja5. Chiapas','2022-06-13'),(83,299,'MORE01b','Caja5. Chiapas','2022-06-13'),(84,53,'Cafè01a','Caja5. Chiapas','2022-06-13'),(85,53,'Cafè01b','Caja5. Chiapas','2022-06-13'),(86,54,'Laguna_01a','Caja5. Chiapas','2022-06-13'),(87,54,'Lagu_01b','Caja5. Chiapas','2022-06-13'),(88,54,'Lagu_01c','Caja5. Chiapas','2022-06-13'),(89,55,'ATZ04_ind2_corru','Caja3.Gaytan','2022-06-13'),(90,56,'ATZ04b','Caja3.Gaytan','2022-06-13'),(91,56,'ATZ04c','Caja3.Gaytan','2022-06-13'),(92,57,'Q56Pa_corru','Caja3.Gaytan','2022-06-13'),(93,57,'Q56Pb_corru','Caja3.Gaytan','2022-06-13'),(94,58,'Oxtasp1_corru','Caja2.Alberto','2022-06-13'),(95,59,'Oxtasp4_corru','Caja2.Alberto','2022-06-13'),(96,60,'Oxtlasp5_corru','Caja2.Alberto','2022-06-13'),(97,61,'Xiutesp_corru','Caja2.Alberto','2022-06-13'),(98,62,'Tesp1-1_corru','Caja2.Alberto','2022-06-13'),(99,63,'QueSan2_1a','Caja5. Chiapas','2022-06-13'),(100,63,'QueSan2_1b','Caja5. Chiapas','2022-06-13'),(101,63,'QueSan2_1c','Caja5. Chiapas','2022-06-13'),(102,64,'QueSan2_2a','Caja5. Chiapas','2022-06-13'),(103,64,'QueSan2_2b','Caja5. Chiapas','2022-06-13'),(104,64,'QueSan2_2c','Caja5. Chiapas','2022-06-13'),(105,65,'Union04a','Caja5. Chiapas','2022-06-13'),(106,65,'Union04b','Caja5. Chiapas','2022-06-13'),(107,66,'Q08b_sapo','Caja3.Gaytan','2022-06-13'),(108,66,'Q08c_sapo','Caja3.Gaytan','2022-06-13'),(109,67,'Q21a_sapo','Caja3.Gaytan','2022-06-13'),(110,67,'Q21c_sapo','Caja3.Gaytan','2022-06-13'),(111,68,'Xy_Q21_Q22a','Caja3.Gaytan','2022-06-13'),(112,68,'Xy_Q21_Q22b','Caja3.Gaytan','2022-06-13'),(113,68,'Xy_Q21_Q22c','Caja3.Gaytan','2022-06-13'),(114,69,'Q41c_sapo','Caja3.Gaytan','2022-06-13'),(115,70,'Oxtaspp5','Caja2.Alberto','2022-06-13'),(116,71,'Qeli01','Caja5. Chiapas','2022-06-13'),(117,72,'Qeli02','Caja5. Chiapas','2022-06-13'),(118,73,'Qeli03','Caja5. Chiapas','2022-06-13'),(119,74,'Qeli04','Caja5. Chiapas','2022-06-13'),(120,75,'Qeli05','Caja5. Chiapas','2022-06-13'),(121,76,'Qeli06','Caja5. Chiapas','2022-06-13'),(122,77,'Qeli07','Caja5. Chiapas','2022-06-13'),(123,78,'More14a','Caja5. Chiapas','2022-06-13'),(124,78,'Morena14b','Caja5. Chiapas','2022-06-13'),(125,79,'N013','Caja1. Jalisco','2022-06-13'),(126,80,'N014','Caja1. Jalisco','2022-06-13'),(127,81,'N015','Caja1. Jalisco','2022-06-13'),(128,82,'N020','Caja1. Jalisco','2022-06-13'),(129,83,'N021','Caja1. Jalisco','2022-06-13'),(130,84,'Q40a','Caja3.Gaytan','2022-06-13'),(131,84,'Q40b','Caja3.Gaytan','2022-06-13'),(132,85,'Q41b','Caja3.Gaytan','2022-06-13'),(133,86,'San Miguel#7','Caja5. Chiapas','2022-06-13'),(134,87,'San Miguel#9','Caja5. Chiapas','2022-06-13'),(135,88,'San Miguel#10','Caja5. Chiapas','2022-06-13'),(136,89,'San Miguel#11','Caja5. Chiapas','2022-06-13'),(137,90,'San Miguel#14','Caja5. Chiapas','2022-06-13'),(138,91,'San Miguel#23','Caja5. Chiapas','2022-06-13'),(139,92,'San Miguel#24','Caja5. Chiapas','2022-06-13'),(140,93,'QSP_Sant1c','Caja5. Chiapas','2022-06-13'),(141,94,'Colom01a','Caja5. Chiapas','2022-06-13'),(142,94,'Colom01b','Caja5. Chiapas','2022-06-13'),(143,94,'Colom01c','Caja5. Chiapas','2022-06-13'),(144,95,'MORE02a','Caja5. Chiapas','2022-06-13'),(145,95,'MORE02b','Caja5. Chiapas','2022-06-13'),(146,96,'MORE03a','Caja5. Chiapas','2022-06-13'),(147,96,'MORE03b','Caja5. Chiapas','2022-06-13'),(148,97,'MORE04a','Caja5. Chiapas','2022-06-13'),(149,97,'MORE04b','Caja5. Chiapas','2022-06-13'),(150,98,'MORE05u','Caja5. Chiapas','2022-06-13'),(151,99,'MORE06a','Caja5. Chiapas','2022-06-13'),(152,99,'MORE06b','Caja5. Chiapas','2022-06-13'),(153,100,'MORE07u','Caja5. Chiapas','2022-06-13'),(154,101,'MORE08a','Caja5. Chiapas','2022-06-13'),(155,101,'MORE08b','Caja5. Chiapas','2022-06-13'),(156,102,'MORE09a','Caja5. Chiapas','2022-06-13'),(157,102,'MORE09b','Caja5. Chiapas','2022-06-13'),(158,103,'MORE10u','Caja5. Chiapas','2022-06-13'),(159,104,'MORE11','Caja5. Chiapas','2022-06-13'),(160,105,'MORE12a','Caja5. Chiapas','2022-06-13'),(161,105,'MORE12b','Caja5. Chiapas','2022-06-13'),(162,106,'Union03a','Caja5. Chiapas','2022-06-13'),(163,106,'Union03b','Caja5. Chiapas','2022-06-13'),(164,107,'Union05a','Caja5. Chiapas','2022-06-13'),(165,107,'Union05b','Caja5. Chiapas','2022-06-13'),(166,108,'Union06a','Caja5. Chiapas','2022-06-13'),(167,108,'Union06b','Caja5. Chiapas','2022-06-13'),(168,109,'Union09a','Caja5. Chiapas','2022-06-13'),(169,110,'Union10a','Caja5. Chiapas','2022-06-13'),(170,110,'Union10b','Caja5. Chiapas','2022-06-13'),(171,111,'Union11a','Caja5. Chiapas','2022-06-13'),(172,112,'Union12a','Caja5. Chiapas','2022-06-13'),(173,112,'Union12b','Caja5. Chiapas','2022-06-13'),(174,113,'Union13a','Caja5. Chiapas','2022-06-13'),(175,113,'Union13b','Caja5. Chiapas','2022-06-13'),(176,114,'QueSan2_6c','Caja5. Chiapas','2022-06-13'),(177,115,'QueSan2_7a','Caja5. Chiapas','2022-06-13'),(178,115,'QueSan2_7b','Caja5. Chiapas','2022-06-13'),(179,115,'QueSan2_7c','Caja5. Chiapas','2022-06-13'),(180,116,'QueSan2_8a','Caja5. Chiapas','2022-06-13'),(181,116,'QueSan2_8b','Caja5. Chiapas','2022-06-13'),(182,116,'QueSan2_8c','Caja5. Chiapas','2022-06-13'),(183,117,'QueSan2_9a','Caja5. Chiapas','2022-06-13'),(184,117,'QueSan_9b','Caja5. Chiapas','2022-06-13'),(185,118,'QueSan2_2c','Caja5. Chiapas','2022-06-13'),(186,119,'QueSan2_10a','Caja5. Chiapas','2022-06-13'),(187,119,'QueSan2_10b','Caja5. Chiapas','2022-06-13'),(188,119,'QueSan2_10c','Caja5. Chiapas','2022-06-13'),(189,120,'QueSan2_11a','Caja5. Chiapas','2022-06-13'),(190,120,'QueSan2_11b','Caja5. Chiapas','2022-06-13'),(191,120,'QueSan2_11c','Caja5. Chiapas','2022-06-13'),(192,121,'QueSan2_12a','Caja5. Chiapas','2022-06-13'),(193,121,'QueSan2_12b','Caja5. Chiapas','2022-06-13'),(194,121,'QueSan2_12c','Caja5. Chiapas','2022-06-13'),(195,122,'QueSan2_13a','Caja5. Chiapas','2022-06-13'),(196,122,'QueSan2_13b','Caja5. Chiapas','2022-06-13'),(197,122,'QueSan2_13c','Caja5. Chiapas','2022-06-13'),(198,123,'QueSan2_15u','Caja5. Chiapas','2022-06-13'),(199,124,'QueSan2_17u','Caja5. Chiapas','2022-06-13'),(200,125,'QueSan2_19u','Caja5. Chiapas','2022-06-13'),(201,126,'Q01b_paxta','Caja3.Gaytan','2022-06-13'),(202,126,'Q01c_paxta','Caja3.Gaytan','2022-06-13'),(203,127,'Q03b_paxta','Caja3.Gaytan','2022-06-13'),(204,127,'Q03c_paxta','Caja3.Gaytan','2022-06-13'),(205,128,'Q05a_paxta','Caja3.Gaytan','2022-06-13'),(206,129,'Q06a_paxta','Caja3.Gaytan','2022-06-13'),(207,129,'Q06b_paxta','Caja3.Gaytan','2022-06-13'),(208,129,'Q06c_paxta','Caja3.Gaytan','2022-06-13'),(209,130,'Q07c_paxta','Caja3.Gaytan','2022-06-13'),(210,131,'Xiote1_paxta','Caja2.Alberto','2022-06-13'),(211,132,'5palos4_paxta','Caja2.Alberto','2022-06-13'),(212,133,'5palos6_paxta','Caja2.Alberto','2022-06-13'),(213,134,'5palos7_paxta','Caja2.Alberto','2022-06-13'),(214,135,'5palos10_paxta','Caja2.Alberto','2022-06-13'),(215,136,'Tlanchi8_paxta','Caja2.Alberto','2022-06-13'),(216,137,'QueSan2_3a','Caja5. Chiapas','2022-06-13'),(217,137,'QueSan2_3b','Caja5. Chiapas','2022-06-13'),(218,137,'QueSan2_3c','Caja5. Chiapas','2022-06-13'),(219,138,'QueSan2_4a','Caja5. Chiapas','2022-06-13'),(220,138,'QueSan2_4b','Caja5. Chiapas','2022-06-13'),(221,138,'QueSan2_4c','Caja5. Chiapas','2022-06-13'),(222,139,'QueSan2_5','Caja5. Chiapas','2022-06-13'),(223,140,'QueSan2_14u','Caja5. Chiapas','2022-06-13'),(224,140,'QueSan2_16u','Caja5. Chiapas','2022-06-13'),(225,141,'QueSa_1','Caja5. Chiapas','2022-06-13'),(226,141,'QueSa_2','Caja5. Chiapas','2022-06-13'),(227,142,'QueSan2A_1','Caja5. Chiapas','2022-06-13'),(228,142,'QueSan2A_2','Caja5. Chiapas','2022-06-13'),(229,142,'QueSan2A_3','Caja5. Chiapas','2022-06-13'),(230,143,'Qinsignis_San003','Caja5. Chiapas','2022-06-13'),(231,144,'SantOax01','Caja1. Jalisco','2022-06-13'),(232,145,'Nins001','Caja1. Jalisco','2022-06-13'),(233,146,'Nins002','Caja1. Jalisco','2022-06-13'),(234,147,'Nins003','Caja1. Jalisco','2022-06-13'),(235,148,'Nins004','Caja1. Jalisco','2022-06-13'),(236,149,'Nins008','Caja1. Jalisco','2022-06-13'),(237,150,'Nins009','Caja1. Jalisco','2022-06-13'),(238,151,'Nins010','Caja1. Jalisco','2022-06-13'),(239,152,'Nins011','Caja1. Jalisco','2022-06-13'),(240,153,'ATZ01a','Caja3.Gaytan','2022-06-13'),(241,154,'ATZO1c','Caja3.Gaytan','2022-06-13'),(242,155,'A4B_insig','Caja3.Gaytan','2022-06-13'),(243,156,'A8a_insig','Caja3.Gaytan','2022-06-13'),(244,156,'A8c_insig','Caja3.Gaytan','2022-06-13'),(245,157,'Q55_insig','Caja3.Gaytan','2022-06-13'),(246,158,'VER74b','Caja3.Gaytan','2022-06-13'),(247,159,'Nilt018','Caja1. Jalisco','2022-06-13'),(248,160,'Nilt019','Caja1. Jalisco','2022-06-13'),(249,161,'Nmag022','Caja1. Jalisco','2022-06-13'),(250,162,'Nmag028','Caja1. Jalisco','2022-06-13'),(251,163,'Nmag029','Caja1. Jalisco','2022-06-13'),(252,164,'Q.sp6_Surutato','Caja3.Gaytan','2022-06-13'),(253,165,'Ncris024','Caja1. Jalisco','2022-06-13'),(254,166,'Lachao_crispi','Caja2. Alberto','2022-06-13'),(255,167,'Ncal016','Caja1. Jalisco','2022-06-13'),(256,168,'Ncal017','Caja1. Jalisco','2022-06-13'),(257,169,'Xy_Q10_Q18a','Caja3.Gaytan','2022-06-13'),(258,169,'Xy_Q10_Q18b','Caja3.Gaytan','2022-06-13'),(259,169,'Xy_Q10_Q18c','Caja3.Gaytan','2022-06-13'),(260,170,'Q23B_calo','Caja3.Gaytan','2022-06-13'),(261,171,'Xy_23_Q24a','Caja3.Gaytan','2022-06-13'),(262,171,'Xy_23_Q24b','Caja3.Gaytan','2022-06-13'),(263,172,'Q37b_calo','Caja3.Gaytan','2022-06-13'),(264,172,'Q37c_calo','Caja3.Gaytan','2022-06-13'),(265,173,'Nuxo005','Caja1. Jalisco','2022-06-13'),(266,174,'Nuxo006','Caja1. Jalisco','2022-06-13'),(267,175,'Nuxo007','Caja1. Jalisco','2022-06-13'),(268,176,'Nuxo012','Caja1. Jalisco','2022-06-13'),(269,177,'StaFeLachao5.3_uxo','Caja2. Alberto','2022-06-13'),(270,178,'StaFeLachao5.5_uxo','Caja2. Alberto','2022-06-13'),(271,179,'Nre023','Caja1. Jalisco','2022-06-13'),(272,180,'Nre025','Caja1. Jalisco','2022-06-13'),(273,181,'Nre030','Caja1. Jalisco','2022-06-13'),(274,182,'Nre031','Caja1. Jalisco','2022-06-13'),(275,183,'Nnov026','Caja1. Jalisco','2022-06-13'),(276,184,'Nnov027','Caja1. Jalisco','2022-06-13'),(277,185,'Q31c_poly','Caja3.Gaytan','2022-06-13'),(278,186,'Q32b_poly','Caja3.Gaytan','2022-06-13'),(279,186,'Q32c_poly','Caja3.Gaytan','2022-06-13'),(280,187,'Q36a_poly','Caja3.Gaytan','2022-06-13'),(281,187,'Q36b_poly','Caja3.Gaytan','2022-06-13'),(282,187,'Q36c_poly','Caja3.Gaytan','2022-06-13'),(283,188,'Q39b_poly','Caja3.Gaytan','2022-06-13'),(284,188,'Q39c_poly','Caja3.Gaytan','2022-06-13'),(285,189,'Aquismosp_poly','Caja2.Alberto','2022-06-13'),(286,190,'Q25a_corte','Caja3.Gaytan','2022-06-13'),(287,190,'Q25b_corte','Caja3.Gaytan','2022-06-13'),(288,191,'Quetesp6_cortesii','Caja2.Alberto','2022-06-13'),(289,192,'Q.sp5_choix','Caja3.Gaytan','2022-06-13'),(290,193,'Q.sp1_Badiraguato','Caja3.Gaytan','2022-06-13'),(291,194,'Q.sp2_Badiraguato','Caja3.Gaytan','2022-06-13'),(292,195,'Q34a_mea','Caja3.Gaytan','2022-06-13'),(293,196,'Oxta3_mea','Caja2. Alberto','2022-06-13'),(294,197,'Oxta7_mea','Caja2. Alberto','2022-06-13'),(295,198,'Xiute6_mea','Caja2. Alberto','2022-06-13'),(296,199,'Tenango8_mea','Caja2. Alberto','2022-06-13'),(297,200,'Q33a_sarto','Caja3.Gaytan','2022-06-13'),(298,200,'Q33b_sarto','Caja3.Gaytan','2022-06-13'),(299,201,'Q49b_sarto','Caja3.Gaytan','2022-06-13'),(300,202,'Q50c_sarto','Caja3.Gaytan','2022-06-13'),(301,203,'Q51c_sarto','Caja3.Gaytan','2022-06-13'),(302,204,'Q52b_sarto','Caja3.Gaytan','2022-06-13'),(303,205,'Q53a_sarto','Caja3.Gaytan','2022-06-13'),(304,206,'Tetela1_sarto','Caja2.Alberto','2022-06-13'),(305,207,'Aquismo4_sarto','Caja2.Alberto','2022-06-13'),(306,208,'Tlatla2_sarto','Caja2.Alberto','2022-06-13'),(307,209,'Tlatla7_sarto','Caja2.Alberto','2022-06-13'),(308,210,'Manzano7_sarto','Caja2.Alberto','2022-06-13'),(309,211,'Q45a_acuti','Caja3.Gaytan','2022-06-13'),(310,211,'Q45c_acuti','Caja3.Gaytan','2022-06-13'),(311,212,'LachiD1_acuti','Caja2. Alberto','2022-06-13'),(312,213,'C2.6Animas_acuti','Caja2. Alberto','2022-06-13'),(313,214,'Etu2.8_acuti','Caja2. Alberto','2022-06-13'),(314,215,'Etu2.9_acuti','Caja2. Alberto','2022-06-13'),(315,216,'Q38a_acher','Caja3.Gaytan','2022-06-13'),(316,216,'Q38b_acher','Caja3.Gaytan','2022-06-13'),(317,217,'Q4Cañadas_A','Caja3.Gaytan','2022-06-13'),(318,217,'Q4Cañadas_C','Caja3.Gaytan','2022-06-13'),(319,218,'Q57_Qsp2_PA','Caja3.Gaytan','2022-06-13'),(320,218,'Q57_Qsp2_PB','Caja3.Gaytan','2022-06-13'),(321,219,'5palos1x_lanci','Caja2.Alberto','2022-06-13'),(322,220,'Xy_Q08_Q09a','Caja3.Gaytan','2022-06-13'),(323,220,'Xy_Q08_Q09b','Caja3.Gaytan','2022-06-13'),(324,221,'Xy_Q08_Q10b','Caja3.Gaytan','2022-06-13'),(325,221,'Xy_Q08_Q10c','Caja3.Gaytan','2022-06-13'),(326,221,'Xy_Q08_Q10d','Caja3.Gaytan','2022-06-13'),(327,222,'Xy_Q08_Q11a','Caja3.Gaytan','2022-06-13'),(328,222,'Xy_Q08_Q11b','Caja3.Gaytan','2022-06-13'),(329,222,'Xy_Q08_Q11c','Caja3.Gaytan','2022-06-13'),(330,222,'Xy_Q08_Q11d','Caja3.Gaytan','2022-06-13'),(331,223,'Xy_Q08_Q12a','Caja3.Gaytan','2022-06-13'),(332,224,'Xy_Q08_Q14c','Caja3.Gaytan','2022-06-13'),(333,225,'Xy_Q19_Q20','Caja3.Gaytan','2022-06-13'),(334,226,'TlatlaSp1_can_xala_a','Caja2. Alberto','2022-06-13'),(335,226,'TlatlaSp1_can_xala_b','Caja2. Alberto','2022-06-13'),(336,227,'Huatusco3_xala','Caja2. Alberto','2022-06-13'),(337,228,'Huatusco6_xala','Caja2. Alberto','2022-06-13'),(338,229,'Huatusco7_xala','Caja2. Alberto','2022-06-13'),(339,230,'Aquismo9_xala','Caja2. Alberto','2022-06-13'),(340,231,'Q.Sp1_LaNoria','Caja3.Gaytan','2022-06-13'),(341,232,'Q.Sp2_Durango','Caja3.Gaytan','2022-06-13'),(342,233,'Q.Sp3_Durango','Caja3.Gaytan','2022-06-13'),(343,234,'Q.Sp_Yecora','Caja3.Gaytan','2022-06-13'),(344,235,'Q.Sp1_Durango_subspa','Caja3.Gaytan','2022-06-13'),(345,236,'Q.Sp1_Tacuicho','Caja3.Gaytan','2022-06-13'),(346,237,'Q.Sp2_Tacuicho_subspa','Caja3.Gaytan','2022-06-13'),(347,238,'Q.Sp4_Badira_subspa','Caja3.Gaytan','2022-06-13'),(348,239,'Q.Sp3_Badira_subspa','Caja3.Gaytan','2022-06-13'),(349,240,'Surutato1_subspa','Caja3.Gaytan','2022-06-13'),(350,241,'Surutato2_subspa','Caja3.Gaytan','2022-06-13'),(351,242,'Surutato7_subspa','Caja3.Gaytan','2022-06-13'),(352,243,'Choix_sp1_chihua','Caja3.Gaytan','2022-06-13'),(353,244,'Choix_sp2_chihua','Caja3.Gaytan','2022-06-13'),(354,245,'Choix_sp3_chihua','Caja3.Gaytan','2022-06-13'),(355,246,'Choix_sp4_chihua','Caja3.Gaytan','2022-06-13'),(356,247,'Alamos_sp1_chihua','Caja3.Gaytan','2022-06-13'),(357,248,'Alamos_sp2_chihua','Caja3.Gaytan','2022-06-13'),(358,249,'Surutato_sp5_chihua','Caja3.Gaytan','2022-06-13'),(359,250,'6palos2.2_graha','Caja2.Alberto','2022-06-13'),(360,251,'Tepesco1_graha','Caja2.Alberto','2022-06-13'),(361,252,'Atexca10_graha','Caja2.Alberto','2022-06-13'),(362,253,'Culebra1_graha','Caja2.Alberto','2022-06-13'),(363,254,'Iyotla1_graha','Caja2.Alberto','2022-06-13'),(364,255,'Amatitlan1_graha','Caja2.Alberto','2022-06-13'),(365,256,'Iyotla4_graha','Caja2.Alberto','2022-06-13'),(366,257,'Durazno2_graha','Caja2.Alberto','2022-06-13'),(367,258,'Durazno3_graha','Caja2.Alberto','2022-06-13'),(368,259,'Durazno5_graha','Caja2.Alberto','2022-06-13'),(369,260,'Q.pax1Filo_graha','Caja2.Alberto','2022-06-13'),(370,261,'Q.pax4Filo_graha','Caja2.Alberto','2022-06-13'),(371,262,'Uxoris2Sereno_graha','Caja2.Alberto','2022-06-13'),(372,263,'Uxoris6Felicidad_graha','Caja2.Alberto','2022-06-13'),(373,264,'Uxoris8Felicidad_graha','Caja2.Alberto','2022-06-13'),(374,265,'Uxoris9Felicidad_graha','Caja2.Alberto','2022-06-13'),(375,266,'Chilac1_graha','Caja2.Alberto','2022-06-13'),(376,267,'Chilac3_graha','Caja2.Alberto','2022-06-13'),(377,268,'Chilac5_graha','Caja2.Alberto','2022-06-13'),(378,269,'STengo2_graha','Caja2.Alberto','2022-06-13'),(379,270,'STengo6_graha','Caja2.Alberto','2022-06-13'),(380,271,'N.Bravo1_graha','Caja2.Alberto','2022-06-13'),(381,272,'N.Bravo7_graha','Caja2.Alberto','2022-06-13'),(382,273,'N.Bravo9_graha','Caja2.Alberto','2022-06-13'),(383,274,'OxtaSpp2_glabre','Caja2. Alberto','2022-06-13'),(384,275,'MexcalSp2_glabre','Caja2. Alberto','2022-06-13'),(385,276,'Losbajos_lauri','Caja2. Alberto','2022-06-13'),(386,277,'TlatlaQSpp5-1a_ lauri','Caja2. Alberto','2022-06-13'),(387,277,'TlatlaQSpp5-3b_lauri','Caja2. Alberto','2022-06-13'),(388,278,'Manzano1_gracili','Caja2.Alberto','2022-06-13'),(389,279,'Manzano2_gracili','Caja2.Alberto','2022-06-13'),(390,280,'Manzano3_gracili','Caja2.Alberto','2022-06-13'),(391,281,'Manzano4_gracili','Caja2.Alberto','2022-06-13'),(392,282,'Manzano5_gracili','Caja2.Alberto','2022-06-13'),(393,283,'MexcalSp3_afinis','Caja2.Alberto','2022-06-13'),(394,284,'Tlatla_afinis','Caja2.Alberto','2022-06-13'),(395,285,'TlanchiSp1_germa','Caja2. Alberto','2022-06-13'),(396,286,'Xilitla_germa','Caja2. Alberto','2022-06-13'),(397,287,'MexcalSp1_Hibrido','Caja2. Alberto','2022-06-13'),(398,288,'Elox_Hibrido','Caja2. Alberto','2022-06-13'),(399,289,'TengoSp2_delga','Caja2. Alberto','2022-06-13'),(400,290,'HSanta5_bree','Caja2. Alberto','2022-06-13'),(401,291,'Potosi_canb','Caja2. Alberto','2022-06-13'),(402,292,'Manzano5_cupre','Caja2. Alberto','2022-06-13'),(403,293,'Potosi1_flocu','Caja2. Alberto','2022-06-13'),(404,294,'Potosi2_flocu','Caja2. Alberto','2022-06-13'),(405,295,'QspSereno_marti','Caja2. Alberto','2022-06-13'),(406,296,'TlanchiSp2_pin','Caja2. Alberto','2022-06-13'),(407,297,'Qspp_1','Caja2. Alberto','2022-06-13'),(408,298,'QueSanA_1','Caja5. Chiapas','2022-06-13'),(409,301,'6672a','7','2022-06-15'),(410,301,'6672b','7','2022-06-15'),(411,302,'6673a','7','2022-06-15'),(412,302,'6673b','7','2022-06-15'),(413,302,'6673c','7','2022-06-15'),(414,303,'6684a','7','2022-06-15'),(415,303,'6684b','7','2022-06-15'),(416,303,'6684c','7','2022-06-15'),(417,304,'6685a','7','2022-06-15'),(418,304,'6685b','7','2022-06-15'),(419,304,'6685c','7','2022-06-15'),(420,305,'6686a','7','2022-06-15'),(421,305,'6686b','7','2022-06-15'),(422,305,'6686c','7','2022-06-15'),(423,306,'6687a','7','2022-06-15'),(424,306,'6687b','7','2022-06-15'),(425,306,'6687c','7','2022-06-15'),(426,307,'6697a','7','2022-06-15'),(427,307,'6697b','7','2022-06-15'),(428,307,'6697c','7','2022-06-15'),(429,308,'6699a','7','2022-06-15'),(430,308,'6699b','7','2022-06-15'),(431,308,'6699c','7','2022-06-15'),(432,309,'6700a','7','2022-06-15'),(433,309,'6700b','7','2022-06-15'),(434,309,'6700c','7','2022-06-15'),(435,310,'6703a','7','2022-06-15'),(436,310,'6703b','7','2022-06-15'),(437,310,'6703c','7','2022-06-15'),(438,311,'6706a','7','2022-06-15'),(439,311,'6706b','7','2022-06-15'),(440,311,'6706c','7','2022-06-15'),(441,312,'6707a','7','2022-06-15'),(442,313,'6708a','7','2022-06-15'),(443,314,'6712a','7','2022-06-15'),(444,314,'6712b','7','2022-06-15'),(445,315,'6713a','7','2022-06-15'),(446,315,'6713b','7','2022-06-15'),(447,315,'6713c','7','2022-06-15'),(448,316,'A01-01a','1','2022-06-15'),(449,316,'A01-01b','1','2022-06-15'),(450,316,'A01-01c','1','2022-06-15'),(451,317,'A01-02a','1','2022-06-15'),(452,317,'A01-02b','1','2022-06-15'),(453,318,'A01-03a','3','2022-06-15'),(454,318,'A01-03b','3','2022-06-15'),(455,319,'A01-04a','1','2022-06-15'),(456,319,'A01-04b','1','2022-06-15'),(457,319,'A01-04c','1','2022-06-15'),(458,320,'A01-05a','3','2022-06-15'),(459,320,'A01-05b','3','2022-06-15'),(460,321,'A01-06a','1','2022-06-15'),(461,321,'A01-06b','1','2022-06-15'),(462,321,'A01-06c','1','2022-06-15'),(463,321,'A01-06d','1','2022-06-15'),(464,321,'A01-06e','1','2022-06-15'),(465,322,'A02-08a','1','2022-06-15'),(466,322,'A02-08b','1','2022-06-15'),(467,322,'A02-08c','1','2022-06-15'),(468,323,'A02-09a','1','2022-06-15'),(469,323,'A02-09b','1','2022-06-15'),(470,323,'A02-09c','1','2022-06-15'),(471,324,'A03-10a','1','2022-06-15'),(472,324,'A03-10b','1','2022-06-15'),(473,325,'A04-11a','1','2022-06-15'),(474,325,'A04-11b','1','2022-06-15'),(475,325,'A04-11c','1','2022-06-15'),(476,326,'A05-12a','1','2022-06-15'),(477,326,'A05-12b','1','2022-06-15'),(478,326,'A05-12c','1','2022-06-15'),(479,327,'A06-13a','3','2022-06-15'),(480,327,'A06-13b','3','2022-06-15'),(481,328,'A07-14','1','2022-06-15'),(482,329,'A07-15a','3','2022-06-15'),(483,329,'A07-15b','3','2022-06-15'),(484,330,'A08-16a','1','2022-06-15'),(485,330,'A08-16b','1','2022-06-15'),(486,330,'A08-16c','1','2022-06-15'),(487,331,'A09-17a','1','2022-06-15'),(488,331,'A09-17b','1','2022-06-15'),(489,332,'A10-18a','1','2022-06-15'),(490,332,'A10-18b','1','2022-06-15'),(491,333,'A11-19a','1','2022-06-15'),(492,333,'A11-19b','1','2022-06-15'),(493,333,'A11-19c','1','2022-06-15'),(494,334,'A12-20a','1','2022-06-15'),(495,334,'A12-20b','1','2022-06-15'),(496,335,'A13-21a','1','2022-06-15'),(497,335,'A13-21b','1','2022-06-15'),(498,335,'A13-21c','1','2022-06-15'),(499,336,'A13-22a','1','2022-06-15'),(500,336,'A13-22b','1','2022-06-15'),(501,337,'A14-23a','1','2022-06-15'),(502,337,'A14-23b','1','2022-06-15'),(503,338,'A14-24a','1','2022-06-15'),(504,338,'A14-24b','1','2022-06-15'),(505,338,'A14-24c','1','2022-06-15'),(506,339,'A15-25a','1','2022-06-15'),(507,339,'A15-25b','1','2022-06-15'),(508,340,'A16-26a','1','2022-06-15'),(509,340,'A16-26b','1','2022-06-15'),(510,341,'A17-27a','3','2022-06-15'),(511,341,'A17-27b','3','2022-06-15'),(512,342,'A18-28a','3','2022-06-15'),(513,342,'A18-28b','3','2022-06-15'),(514,343,'A18-29a','1','2022-06-15'),(515,343,'A18-29b','1','2022-06-15'),(516,344,'A18-30a','1','2022-06-15'),(517,344,'A18-30b','1','2022-06-15'),(518,345,'A18-31a','3','2022-06-15'),(519,345,'A18-31b','3','2022-06-15'),(520,346,'ATZ_VER1a','11','2022-06-15'),(521,346,'ATZ_VER1b','11','2022-06-15'),(522,346,'ATZ_VER1c','11','2022-06-15'),(523,347,'ATZ_VER2a','11','2022-06-15'),(524,347,'ATZ_VER2b','11','2022-06-15'),(525,347,'ATZ_VER2c','11','2022-06-15'),(526,348,'ATZ01b','6','2022-06-15'),(527,349,'ATZ04b','6','2022-06-15'),(528,350,'BA02-04a','4','2022-06-15'),(529,350,'BA02-04b','4','2022-06-15'),(530,351,'BA03-05a','4','2022-06-15'),(531,351,'BA03-05b','4','2022-06-15'),(532,352,'BA03-06a','4','2022-06-15'),(533,352,'BA03-06b','4','2022-06-15'),(534,353,'BA04-07a','4','2022-06-15'),(535,353,'BA04-07b','4','2022-06-15'),(536,354,'BA04-08a','4','2022-06-15'),(537,354,'BA04-08b','4','2022-06-15'),(538,355,'BA04-09','4','2022-06-15'),(539,356,'BA04-14a','4','2022-06-15'),(540,356,'BA04-14b','4','2022-06-15'),(541,357,'BA06-11a','4','2022-06-15'),(542,357,'BA06-11b','4','2022-06-15'),(543,358,'BA07-12a','4','2022-06-15'),(544,358,'BA07-12b','4','2022-06-15'),(545,359,'BA11-17a','4','2022-06-15'),(546,359,'BA11-17b','4','2022-06-15'),(547,360,'C01-01a','2','2022-06-15'),(548,360,'C01-01b','2','2022-06-15'),(549,361,'C01-02a','2','2022-06-15'),(550,362,'C01-03a','2','2022-06-15'),(551,362,'C01-03b','2','2022-06-15'),(552,363,'C01-04a','2','2022-06-15'),(553,363,'C01-04b','2','2022-06-15'),(554,364,'C02-05a','2','2022-06-15'),(555,364,'C02-05b','2','2022-06-15'),(556,365,'C02-06a','2','2022-06-15'),(557,365,'C02-06b','2','2022-06-15'),(558,366,'C02-15a','2','2022-06-15'),(559,366,'C02-15b','2','2022-06-15'),(560,367,'C03-07a','2','2022-06-15'),(561,367,'C03-07b','2','2022-06-15'),(562,368,'C03-08a','2','2022-06-15'),(563,368,'C03-08b','2','2022-06-15'),(564,369,'C04-09a','2','2022-06-15'),(565,369,'C04-09b','2','2022-06-15'),(566,370,'C04-10a','2','2022-06-15'),(567,370,'C04-10b','2','2022-06-15'),(568,371,'C05-11a','2','2022-06-15'),(569,371,'C05-11b','2','2022-06-15'),(570,372,'C05-13a','2','2022-06-15'),(571,372,'C05-13b','2','2022-06-15'),(572,373,'C05-14a','2','2022-06-15'),(573,373,'C05-14b','2','2022-06-15'),(574,374,'C06-15','2','2022-06-15'),(575,375,'C06-16a','2','2022-06-15'),(576,376,'C06-17a','2','2022-06-15'),(577,376,'C06-17b','2','2022-06-15'),(578,377,'C07-18a','2','2022-06-15'),(579,377,'C07-18b','2','2022-06-15'),(580,378,'C07-19a','2','2022-06-15'),(581,378,'C07-19b','2','2022-06-15'),(582,379,'C07-20a','2','2022-06-15'),(583,379,'C07-20b','2','2022-06-15'),(584,380,'C07-21a','2','2022-06-15'),(585,380,'C07-21b','2','2022-06-15'),(586,381,'C07-22','2','2022-06-15'),(587,382,'C07-23a','2','2022-06-15'),(588,382,'C07-23b','2','2022-06-15'),(589,383,'C08-23a','2','2022-06-15'),(590,383,'C08-23b','2','2022-06-15'),(591,384,'C08-24a','2','2022-06-15'),(592,384,'C08-24b','2','2022-06-15'),(593,385,'C08-25','2','2022-06-15'),(594,386,'C09-26a','2','2022-06-15'),(595,386,'C09-26b','2','2022-06-15'),(596,387,'C09-27a','2','2022-06-15'),(597,387,'C09-27b','2','2022-06-15'),(598,388,'C09-28a','2','2022-06-15'),(599,388,'C09-28b','2','2022-06-15'),(600,389,'C09-29','2','2022-06-15'),(601,390,'C09-30a','2','2022-06-15'),(602,390,'C09-30b','2','2022-06-15'),(603,391,'C09-31a','2','2022-06-15'),(604,391,'C09-31b','2','2022-06-15'),(605,392,'C09-32','2','2022-06-15'),(606,393,'C09-33a','2','2022-06-15'),(607,393,'C09-33b','2','2022-06-15'),(608,394,'C09-34','2','2022-06-15'),(609,395,'C09-35a','2','2022-06-15'),(610,395,'C09-35b','2','2022-06-15'),(611,396,'C10-36a','2','2022-06-15'),(612,396,'C10-36b','2','2022-06-15'),(613,397,'C10-37a','2','2022-06-15'),(614,397,'C10-37b','2','2022-06-15'),(615,397,'C10-37c','2','2022-06-15'),(616,398,'C11-38a','2','2022-06-15'),(617,398,'C11-38b','2','2022-06-15'),(618,399,'C12-39a','2','2022-06-15'),(619,399,'C12-39b','2','2022-06-15'),(620,400,'C12-40a','2','2022-06-15'),(621,400,'C12-40b','2','2022-06-15'),(622,401,'CH01-01a','4','2022-06-15'),(623,401,'CH01-01b','4','2022-06-15'),(624,402,'CH01-02a','4','2022-06-15'),(625,402,'CH01-02b','4','2022-06-15'),(626,403,'CH01-03a','4','2022-06-15'),(627,403,'CH01-03b','4','2022-06-15'),(628,404,'CH01-04a','4','2022-06-15'),(629,404,'CH01-04b','4','2022-06-15'),(630,405,'CH01-05a','4','2022-06-15'),(631,405,'CH01-05b','4','2022-06-15'),(632,406,'CH01-06a','4','2022-06-15'),(633,406,'CH01-06b','4','2022-06-15'),(634,407,'CH01-07a','4','2022-06-15'),(635,407,'CH01-07b','4','2022-06-15'),(636,408,'CH01-08a','4','2022-06-15'),(637,408,'CH01-08b','4','2022-06-15'),(638,409,'CH02-09a','4','2022-06-15'),(639,409,'CH02-09b','4','2022-06-15'),(640,410,'CH03-05a','4','2022-06-15'),(641,410,'CH03-05b','4','2022-06-15'),(642,411,'CH03-10a','4','2022-06-15'),(643,411,'CH03-10b','4','2022-06-15'),(644,412,'CH04-11a','4','2022-06-15'),(645,412,'CH04-11b','4','2022-06-15'),(646,413,'CH04-12a','4','2022-06-15'),(647,413,'CH04-12b','4','2022-06-15'),(648,414,'CH04-13a','4','2022-06-15'),(649,414,'CH04-13b','4','2022-06-15'),(650,415,'CH05-14a','4','2022-06-15'),(651,415,'CH05-14b','4','2022-06-15'),(652,416,'CH05-15a','4','2022-06-15'),(653,416,'CH05-15b','4','2022-06-15'),(654,417,'CHA04a','7','2022-06-15'),(655,417,'CHA04b','7','2022-06-15'),(656,417,'CHA04c','7','2022-06-15'),(657,418,'CHA05a','7','2022-06-15'),(658,418,'CHA05b','7','2022-06-15'),(659,418,'CHA05c','7','2022-06-15'),(660,419,'CHA08a','7','2022-06-15'),(661,419,'CHA08b','7','2022-06-15'),(662,419,'CHA08c','7','2022-06-15'),(663,420,'CHARCO_01a','8','2022-06-15'),(664,420,'CHARCO_01b','8','2022-06-15'),(665,420,'CHARCO_01c','8','2022-06-15'),(666,421,'CHAYOTE1a','7','2022-06-15'),(667,421,'CHAYOTE1b','7','2022-06-15'),(668,421,'CHAYOTE1c','7','2022-06-15'),(669,422,'COCH1a','7','2022-06-15'),(670,422,'COCH1b','7','2022-06-15'),(671,422,'COCH1c','7','2022-06-15'),(672,423,'COCH3a','7','2022-06-15'),(673,423,'COCH3b','7','2022-06-15'),(674,423,'COCH3c','7','2022-06-15'),(675,424,'COFRA1a','7','2022-06-15'),(676,424,'COFRA1b','7','2022-06-15'),(677,424,'COFRA1c','7','2022-06-15'),(678,425,'COFRA2a','7','2022-06-15'),(679,425,'COFRA2b','7','2022-06-15'),(680,425,'COFRA2c','7','2022-06-15'),(681,426,'COFRA3a','7','2022-06-15'),(682,426,'COFRA3b','7','2022-06-15'),(683,426,'COFRA3c','7','2022-06-15'),(684,427,'COP01a','8','2022-06-15'),(685,427,'COP01b','8','2022-06-15'),(686,427,'COP01c','8','2022-06-15'),(687,428,'COP02a','8','2022-06-15'),(688,428,'COP02b','8','2022-06-15'),(689,428,'COP02c','8','2022-06-15'),(690,429,'CR_01a','8','2022-06-15'),(691,429,'CR_01b','8','2022-06-15'),(692,429,'CR_01c','8','2022-06-15'),(693,430,'CR_02a','8','2022-06-15'),(694,430,'CR_02b','8','2022-06-15'),(695,430,'CR_02c','8','2022-06-15'),(696,431,'CUZ13a','5','2022-06-15'),(697,431,'CUZ13b','5','2022-06-15'),(698,431,'CUZ13c','5','2022-06-15'),(699,432,'CUZ14a','5','2022-06-15'),(700,432,'CUZ14b','5','2022-06-15'),(701,432,'CUZ14c','5','2022-06-15'),(702,433,'CUZ4a','5','2022-06-15'),(703,433,'CUZ4b','5','2022-06-15'),(704,434,'CUZ7a','5','2022-06-15'),(705,434,'CUZ7b','5','2022-06-15'),(706,434,'CUZ7c','5','2022-06-15'),(707,435,'CUZ9a','5','2022-06-15'),(708,435,'CUZ9b','5','2022-06-15'),(709,435,'CUZ9c','5','2022-06-15'),(710,436,'EVC01-01a','3','2022-06-15'),(711,436,'EVC01-01b','3','2022-06-15'),(712,437,'EVC03-03a','3','2022-06-15'),(713,437,'EVC03-03b','3','2022-06-15'),(714,438,'EVC03-04a','3','2022-06-15'),(715,438,'EVC03-04b','3','2022-06-15'),(716,439,'EVC03-06a','3','2022-06-15'),(717,439,'EVC03-06b','3','2022-06-15'),(718,440,'EVC04-06a','3','2022-06-15'),(719,440,'EVC04-06b','3','2022-06-15'),(720,441,'EVC04-14b','3','2022-06-15'),(721,442,'EVC05-08a','3','2022-06-15'),(722,442,'EVC05-08b','3','2022-06-15'),(723,443,'EVC06-07a','3','2022-06-15'),(724,443,'EVC06-07b','3','2022-06-15'),(725,444,'EVC06-09a','3','2022-06-15'),(726,444,'EVC06-09b','3','2022-06-15'),(727,445,'EVC07-10a','3','2022-06-15'),(728,445,'EVC07-10b','3','2022-06-15'),(729,446,'EVC07-11a','3','2022-06-15'),(730,446,'EVC07-11b','3','2022-06-15'),(731,447,'EVC07-12a','3','2022-06-15'),(732,448,'EVC07-13a','3','2022-06-15'),(733,448,'EVC07-13b','3','2022-06-15'),(734,449,'EVC07-14a','3','2022-06-15'),(735,450,'EVC07-15a','3','2022-06-15'),(736,450,'EVC07-15b','3','2022-06-15'),(737,451,'EVC07-16a','3','2022-06-15'),(738,451,'EVC07-16b','3','2022-06-15'),(739,452,'EVC08-18a','3','2022-06-15'),(740,452,'EVC08-18b','3','2022-06-15'),(741,453,'EVC12-22a','3','2022-06-15'),(742,453,'EVC12-22b','3','2022-06-15'),(743,454,'EVC13-23a','3','2022-06-15'),(744,454,'EVC13-23b','3','2022-06-15'),(745,455,'EVC13-24a','3','2022-06-15'),(746,455,'EVC13-24b','3','2022-06-15'),(747,456,'EVC14-25a','3','2022-06-15'),(748,456,'EVC14-25b','3','2022-06-15'),(749,457,'EVC14-26a','3','2022-06-15'),(750,457,'EVC14-26b','3','2022-06-15'),(751,458,'EVC15-27a','3','2022-06-15'),(752,458,'EVC15-27b','3','2022-06-15'),(753,459,'EVC16-28a','3','2022-06-15'),(754,459,'EVC16-28b','3','2022-06-15'),(755,459,'EVC16-28c','3','2022-06-15'),(756,460,'EVC17-30a','3','2022-06-15'),(757,460,'EVC17-30b','3','2022-06-15'),(758,461,'EVC18-31a','3','2022-06-15'),(759,461,'EVC18-31b','3','2022-06-15'),(760,462,'EVC19-32a','3','2022-06-15'),(761,462,'EVC19-32b','3','2022-06-15'),(762,463,'GDH1a','7','2022-06-15'),(763,463,'GDH1b','7','2022-06-15'),(764,463,'GDH1c','7','2022-06-15'),(765,464,'GDH5a','7','2022-06-15'),(766,464,'GDH5b','7','2022-06-15'),(767,464,'GDH5c','7','2022-06-15'),(768,465,'GUEVE1a','7','2022-06-15'),(769,465,'GUEVE1b','7','2022-06-15'),(770,465,'GUEVE1c','7','2022-06-15'),(771,466,'GUEVE2a','7','2022-06-15'),(772,466,'GUEVE2b','7','2022-06-15'),(773,466,'GUEVE2c','7','2022-06-15'),(774,467,'GUEVE3a','7','2022-06-15'),(775,467,'GUEVE3b','7','2022-06-15'),(776,467,'GUEVE3c','7','2022-06-15'),(777,468,'GUEVE4a','7','2022-06-15'),(778,468,'GUEVE4b','7','2022-06-15'),(779,468,'GUEVE4c','7','2022-06-15'),(780,469,'GUEVE5a','7','2022-06-15'),(781,469,'GUEVE5b','7','2022-06-15'),(782,469,'GUEVE5c','7','2022-06-15'),(783,470,'GUEVE6a','7','2022-06-15'),(784,470,'GUEVE6b','7','2022-06-15'),(785,470,'GUEVE6c','7','2022-06-15'),(786,471,'GUEVE7a','7','2022-06-15'),(787,471,'GUEVE7b','7','2022-06-15'),(788,471,'GUEVE7c','7','2022-06-15'),(789,472,'HUT_PARCELA_01a','6','2022-06-15'),(790,472,'HUT_PARCELA_01c','6','2022-06-15'),(791,473,'HUT_PARCELA_03a','6','2022-06-15'),(792,473,'HUT_PARCELA_03b','6','2022-06-15'),(793,473,'HUT_PARCELA_03c','6','2022-06-15'),(794,474,'HUT_PARCELA_2a','6','2022-06-15'),(795,474,'HUT_PARCELA_2b','6','2022-06-15'),(796,474,'HUT_PARCELA_2c','6','2022-06-15'),(797,474,'HUT_PARCELA_2d','6','2022-06-15'),(798,475,'HUT02a','6','2022-06-15'),(799,475,'HUT02b','6','2022-06-15'),(800,475,'HUT02c','6','2022-06-15'),(801,476,'LACHI01a','7','2022-06-15'),(802,476,'LACHI01b','7','2022-06-15'),(803,476,'LACHI01c','7','2022-06-15'),(804,477,'LC01-01a','2','2022-06-15'),(805,477,'LC01-01b','2','2022-06-15'),(806,478,'LC01-02a','2','2022-06-15'),(807,478,'LC01-02b','2','2022-06-15'),(808,479,'LC01-03a','2','2022-06-15'),(809,479,'LC01-03b','2','2022-06-15'),(810,480,'LC02-04','2','2022-06-15'),(811,481,'LC02-05a','2','2022-06-15'),(812,481,'LC02-05b','2','2022-06-15'),(813,482,'LC02-06a','2','2022-06-15'),(814,482,'LC02-06b','2','2022-06-15'),(815,483,'LC02-07a','2','2022-06-15'),(816,483,'LC02-07b','2','2022-06-15'),(817,484,'LC02-08a','2','2022-06-15'),(818,484,'LC02-08b','2','2022-06-15'),(819,485,'LC02-09','2','2022-06-15'),(820,486,'LC02-10a','2','2022-06-15'),(821,486,'LC02-10b','2','2022-06-15'),(822,487,'LC02-11a','2','2022-06-15'),(823,487,'LC02-11b','2','2022-06-15'),(824,488,'LC03-12','2','2022-06-15'),(825,488,'LC03-12a','2','2022-06-15'),(826,488,'LC03-12b','2','2022-06-15'),(827,489,'LC03-13a','2','2022-06-15'),(828,489,'LC03-13b','2','2022-06-15'),(829,490,'LC04-14a','3','2022-06-15'),(830,490,'LC04-14b','3','2022-06-15'),(831,491,'LC05-15a','2','2022-06-15'),(832,491,'LC05-15b','2','2022-06-15'),(833,492,'LC06-16a','2','2022-06-15'),(834,492,'LC06-16b','2','2022-06-15'),(835,493,'LC06-17a','2','2022-06-15'),(836,493,'LC06-17b','2','2022-06-15'),(837,494,'LC07-18a','2','2022-06-15'),(838,494,'LC07-18b','2','2022-06-15'),(839,495,'LC07-19','2','2022-06-15'),(840,496,'LC07-20a','2','2022-06-15'),(841,496,'LC07-20b','2','2022-06-15'),(842,497,'LC08-17a','3','2022-06-15'),(843,497,'LC08-17b','3','2022-06-15'),(844,498,'LC08-21a','2','2022-06-15'),(845,498,'LC08-21b','2','2022-06-15'),(846,499,'LC08-22a','2','2022-06-15'),(847,499,'LC08-22b','2','2022-06-15'),(848,501,'LOTO_01.1a','11','2022-06-15'),(849,501,'LOTO_01.1b','8','2022-06-15'),(850,500,'LOTO_01a','8','2022-06-15'),(851,500,'LOTO_01b','11','2022-06-15'),(852,500,'LOTO_01c','11','2022-06-15'),(853,502,'LOTO_02a','8','2022-06-15'),(854,502,'LOTO_02b','8','2022-06-15'),(855,502,'LOTO_02c','8','2022-06-15'),(856,503,'LOTO_03a','8','2022-06-15'),(857,503,'LOTO_03b','8','2022-06-15'),(858,503,'LOTO_03c','8','2022-06-15'),(859,504,'LOTO_04a','8','2022-06-15'),(860,504,'LOTO_04b','8','2022-06-15'),(861,504,'LOTO_04c','8','2022-06-15'),(862,504,'LOTO_04d','8','2022-06-15'),(863,505,'LOTO_05a','8','2022-06-15'),(864,505,'LOTO_05b','8','2022-06-15'),(865,505,'LOTO_05c','8','2022-06-15'),(866,506,'LOTO_07a','8','2022-06-15'),(867,507,'LOTO_08a','8','2022-06-15'),(868,507,'LOTO_08b','8','2022-06-15'),(869,507,'LOTO_08c','8','2022-06-15'),(870,508,'LOTO_09a','8','2022-06-15'),(871,508,'LOTO_09b','8','2022-06-15'),(872,508,'LOTO_09c','8','2022-06-15'),(873,509,'LOTO_13a','8','2022-06-15'),(874,510,'MANTLAN1a','5','2022-06-15'),(875,510,'MANTLAN1b','5','2022-06-15'),(876,511,'MANTLAN2a','5','2022-06-15'),(877,511,'MANTLAN2b','5','2022-06-15'),(878,512,'MANTLAN3a','5','2022-06-15'),(879,512,'MANTLAN3b','5','2022-06-15'),(880,512,'MANTLAN3c','5','2022-06-15'),(881,513,'MANTLAN4a','5','2022-06-15'),(882,513,'MANTLAN4b','5','2022-06-15'),(883,513,'MANTLAN4c','5','2022-06-15'),(884,514,'Q.insignis_MANTLANa','5','2022-06-15'),(885,514,'Q.insignis_MANTLANb','5','2022-06-15'),(886,514,'Q.insignis_MANTLANc','5','2022-06-15'),(887,515,'Q01a','6','2022-06-15'),(888,516,'Q03a','6','2022-06-15'),(889,517,'Q05b','6','2022-06-15'),(890,518,'Q06d','6','2022-06-15'),(891,519,'Q07a','6','2022-06-15'),(892,520,'Q08a','6','2022-06-15'),(893,521,'Q09c','6','2022-06-15'),(894,522,'Q10a','6','2022-06-15'),(895,523,'Q12b','6','2022-06-15'),(896,523,'Q12c','6','2022-06-15'),(897,523,'Q12d','6','2022-06-15'),(898,524,'Q13a','6','2022-06-15'),(899,524,'Q13b','6','2022-06-15'),(900,524,'Q13c','6','2022-06-15'),(901,524,'Q13d','6','2022-06-15'),(902,525,'Q14a','6','2022-06-15'),(903,525,'Q14b','6','2022-06-15'),(904,526,'Q16b','6','2022-06-15'),(905,527,'Q17b','6','2022-06-15'),(906,528,'Q19','6','2022-06-15'),(907,528,'Q19a','6','2022-06-15'),(908,528,'Q19b','6','2022-06-15'),(909,529,'Q21b','6','2022-06-15'),(910,530,'Q23a','6','2022-06-15'),(911,530,'Q23c','6','2022-06-15'),(912,531,'Q24c','6','2022-06-15'),(913,532,'Q25c','6','2022-06-15'),(914,533,'Q26a','6','2022-06-15'),(915,533,'Q26b','6','2022-06-15'),(916,533,'Q26c','6','2022-06-15'),(917,534,'Q27a','6','2022-06-15'),(918,534,'Q27b','6','2022-06-15'),(919,534,'Q27c','6','2022-06-15'),(920,535,'Q28a','6','2022-06-15'),(921,535,'Q28b','6','2022-06-15'),(922,535,'Q28c','6','2022-06-15'),(923,536,'Q29a','6','2022-06-15'),(924,537,'Q30b','6','2022-06-15'),(925,538,'Q31b','6','2022-06-15'),(926,539,'Q32a','6','2022-06-15'),(927,540,'Q33b','6','2022-06-15'),(928,542,'Q34_dif_coor_b','6','2022-06-15'),(929,541,'Q34a','6','2022-06-15'),(930,543,'Q35a','6','2022-06-15'),(931,544,'Q37a','6','2022-06-15'),(932,545,'Q38c','6','2022-06-15'),(933,546,'Q39a','6','2022-06-15'),(934,547,'Q4_CANADASa','6','2022-06-15'),(935,548,'Q40c','6','2022-06-15'),(936,549,'Q41a','6','2022-06-15'),(937,550,'Q43b','6','2022-06-15'),(938,551,'Q44a','6','2022-06-15'),(939,551,'Q44b','6','2022-06-15'),(940,551,'Q44c','6','2022-06-15'),(941,552,'Q45b','6','2022-06-15'),(942,553,'Q46a','6','2022-06-15'),(943,553,'Q46b','6','2022-06-15'),(944,553,'Q46c','6','2022-06-15'),(945,554,'Q47a','6','2022-06-15'),(946,554,'Q47b','6','2022-06-15'),(947,554,'Q47c','6','2022-06-15'),(948,555,'Q48b','6','2022-06-15'),(949,556,'Q49c','6','2022-06-15'),(950,557,'Q50b','6','2022-06-15'),(951,558,'Q51a','6','2022-06-15'),(952,558,'Q51b','6','2022-06-15'),(953,559,'Q52a','6','2022-06-15'),(954,559,'Q52c','6','2022-06-15'),(955,560,'Q53b','6','2022-06-15'),(956,561,'QICH01a','10','2022-06-15'),(957,561,'QICH01b','10','2022-06-15'),(958,562,'QICH02a','10','2022-06-15'),(959,562,'QICH02b','10','2022-06-15'),(960,562,'QICH02c','10','2022-06-15'),(961,563,'QINSIGNIS_A8B','6','2022-06-15'),(962,564,'QINSIGNIS_PARCELA_C1a','6','2022-06-15'),(963,564,'QINSIGNIS_PARCELA_C1b','6','2022-06-15'),(964,564,'QINSIGNIS_PARCELA_C1c','6','2022-06-15'),(965,565,'QSP2_PARCELA','6','2022-06-15'),(966,566,'ROB_01a','8','2022-06-15'),(967,566,'ROB_01b','8','2022-06-15'),(968,566,'ROB_01c','8','2022-06-15'),(969,567,'SAC05a','7','2022-06-15'),(970,567,'SAC05b','7','2022-06-15'),(971,567,'SAC05c','7','2022-06-15'),(972,568,'SCHOA1a','7','2022-06-15'),(973,568,'SCHOA1b','7','2022-06-15'),(974,569,'SCHOA2a','7','2022-06-15'),(975,569,'SCHOA2b','7','2022-06-15'),(976,569,'SCHOA2c','7','2022-06-15'),(977,570,'SCTO1a','7','2022-06-15'),(978,570,'SCTO1b','7','2022-06-15'),(979,570,'SCTO1c','7','2022-06-15'),(980,571,'SCTO2a','7','2022-06-15'),(981,571,'SCTO2b','7','2022-06-15'),(982,571,'SCTO2c','7','2022-06-15'),(983,572,'SCTO3a','7','2022-06-15'),(984,572,'SCTO3b','7','2022-06-15'),(985,572,'SCTO3c','7','2022-06-15'),(986,573,'SCTO4a','7','2022-06-15'),(987,573,'SCTO4b','7','2022-06-15'),(988,573,'SCTO4c','7','2022-06-15'),(989,574,'SCTO5a','7','2022-06-15'),(990,574,'SCTO5b','7','2022-06-15'),(991,574,'SCTO5c','7','2022-06-15'),(992,575,'SCTO6a','7','2022-06-15'),(993,575,'SCTO6b','7','2022-06-15'),(994,575,'SCTO6c','7','2022-06-15'),(995,576,'SCTO7a','7','2022-06-15'),(996,576,'SCTO7b','7','2022-06-15'),(997,576,'SCTO7c','7','2022-06-15'),(998,577,'SEDEÑO1a','11','2022-06-15'),(999,577,'SEDEÑO1b','11','2022-06-15'),(1000,577,'SEDEÑO1c','11','2022-06-15'),(1001,578,'SEDEÑO2a','11','2022-06-15'),(1002,578,'SEDEÑO2b','11','2022-06-15'),(1003,578,'SEDEÑO2c','11','2022-06-15'),(1004,579,'SEDEÑO3a','11','2022-06-15'),(1005,579,'SEDEÑO3b','11','2022-06-15'),(1006,579,'SEDEÑO3c','11','2022-06-15'),(1007,580,'SEDEÑO5a','11','2022-06-15'),(1008,580,'SEDEÑO5b','11','2022-06-15'),(1009,580,'SEDEÑO5c','11','2022-06-15'),(1010,581,'SEDEÑO6a','11','2022-06-15'),(1011,581,'SEDEÑO6b','11','2022-06-15'),(1012,581,'SEDEÑO6c','11','2022-06-15'),(1013,582,'SIL04a','7','2022-06-15'),(1014,582,'SIL04b','7','2022-06-15'),(1015,582,'SIL04c','7','2022-06-15'),(1016,583,'SIL08a','7','2022-06-15'),(1017,583,'SIL08b','7','2022-06-15'),(1018,583,'SIL08c','7','2022-06-15'),(1019,584,'SKINCAT01a','11','2022-06-15'),(1020,584,'SKINCAT01b','11','2022-06-15'),(1021,584,'SKINCAT01c','11','2022-06-15'),(1022,585,'SKINCAT02a','11','2022-06-15'),(1023,586,'SKINCAT03a','11','2022-06-15'),(1024,586,'SKINCAT03b','11','2022-06-15'),(1025,586,'SKINCAT03c','11','2022-06-15'),(1026,587,'SKINCAT04a','11','2022-06-15'),(1027,587,'SKINCAT04b','11','2022-06-15'),(1028,587,'SKINCAT04c','11','2022-06-15'),(1029,588,'SKINCAT05a','11','2022-06-15'),(1030,588,'SKINCAT05b','11','2022-06-15'),(1031,588,'SKINCAT05c','11','2022-06-15'),(1032,589,'SKINCAT07a','11','2022-06-15'),(1033,589,'SKINCAT07b','11','2022-06-15'),(1034,589,'SKINCAT07c','11','2022-06-15'),(1035,590,'SKINCAT08a','11','2022-06-15'),(1036,590,'SKINCAT08b','11','2022-06-15'),(1037,590,'SKINCAT08c','11','2022-06-15'),(1038,591,'SMF01a','7','2022-06-15'),(1039,591,'SMF01b','7','2022-06-15'),(1040,591,'SMF01c','7','2022-06-15'),(1041,592,'SMF02a','7','2022-06-15'),(1042,592,'SMF02b','7','2022-06-15'),(1043,592,'SMF02c','7','2022-06-15'),(1044,593,'SMF03a','8','2022-06-15'),(1045,593,'SMF03b','8','2022-06-15'),(1046,593,'SMF03c','8','2022-06-15'),(1047,594,'SMF04a','8','2022-06-15'),(1048,594,'SMF04b','8','2022-06-15'),(1049,594,'SMF04c','7','2022-06-15'),(1050,595,'SMF05a','7','2022-06-15'),(1051,595,'SMF05b','7','2022-06-15'),(1052,596,'SMF06a','7','2022-06-15'),(1053,596,'SMF06b','7','2022-06-15'),(1054,596,'SMF06c','7','2022-06-15'),(1055,597,'SMF07a','7','2022-06-15'),(1056,597,'SMF07b','7','2022-06-15'),(1057,597,'SMF07c','7','2022-06-15'),(1058,598,'SMF08a','7','2022-06-15'),(1059,598,'SMF08b','7','2022-06-15'),(1060,598,'SMF08c','7','2022-06-15'),(1061,599,'SMF09a','7','2022-06-15'),(1062,599,'SMF09b','7','2022-06-15'),(1063,599,'SMF09c','7','2022-06-15'),(1064,600,'SRBC09a','7','2022-06-15'),(1065,600,'SRBC09b','7','2022-06-15'),(1066,600,'SRBC09c','7','2022-06-15'),(1067,601,'T01-05a','3','2022-06-15'),(1068,601,'T01-05b','3','2022-06-15'),(1069,602,'T03-06a','3','2022-06-15'),(1070,602,'T03-06b','3','2022-06-15'),(1071,603,'T03-07a','3','2022-06-15'),(1072,603,'T03-07b','3','2022-06-15'),(1073,604,'T03-08a','3','2022-06-15'),(1074,604,'T03-08b','3','2022-06-15'),(1075,605,'T03-09a','3','2022-06-15'),(1076,605,'T03-09b','3','2022-06-15'),(1077,606,'T03-10a','3','2022-06-15'),(1078,606,'T03-10b','3','2022-06-15'),(1079,607,'T03-11a','3','2022-06-15'),(1080,607,'T03-11b','3','2022-06-15'),(1081,608,'T1-01a','9','2022-06-15'),(1082,608,'T1-01b','9','2022-06-15'),(1083,609,'T1-03a','10','2022-06-15'),(1084,609,'T1-03b','10','2022-06-15'),(1085,610,'TI-02a','9','2022-06-15'),(1086,611,'Tony_A4a','6','2022-06-15'),(1087,611,'Tony_A4c','6','2022-06-15'),(1088,612,'TUX01a','8','2022-06-15'),(1089,612,'TUX01b','8','2022-06-15'),(1090,612,'TUX01c','8','2022-06-15'),(1091,613,'TUX02a','8','2022-06-15'),(1092,613,'TUX02b','8','2022-06-15'),(1093,613,'TUX02c','8','2022-06-15'),(1094,614,'TUX03a','8','2022-06-15'),(1095,615,'TUX05a','8','2022-06-15'),(1096,615,'TUX05b','8','2022-06-15'),(1097,615,'TUX05c','8','2022-06-15'),(1098,616,'TUX06a','8','2022-06-15'),(1099,616,'TUX06b','8','2022-06-15'),(1100,616,'TUX06c','8','2022-06-15'),(1101,617,'TUX07a','8','2022-06-15'),(1102,617,'TUX07b','8','2022-06-15'),(1103,617,'TUX07c','8','2022-06-15'),(1104,617,'TUX07d','8','2022-06-15'),(1105,618,'TUX08a','8','2022-06-15'),(1106,619,'TUX09a','8','2022-06-15'),(1107,619,'TUX09b','8','2022-06-15'),(1108,619,'TUX09c','8','2022-06-15'),(1109,620,'TUX10a','8','2022-06-15'),(1110,620,'TUX10b','8','2022-06-15'),(1111,620,'TUX10c','8','2022-06-15'),(1112,621,'VA01-01','4','2022-06-15'),(1113,622,'VA01-02','4','2022-06-15'),(1114,623,'VA01-03','4','2022-06-15'),(1115,624,'VA05-10a','4','2022-06-15'),(1116,624,'VA05-10b','4','2022-06-15'),(1117,625,'VA10-15a','4','2022-06-15'),(1118,625,'VA10-15b','4','2022-06-15'),(1119,626,'VA11-16a','4','2022-06-15'),(1120,626,'VA11-16b','4','2022-06-15'),(1121,627,'VC02-02a','10','2022-06-15'),(1122,627,'VC02-02b','10','2022-06-15'),(1123,627,'VC02-02c','9','2022-06-15'),(1124,628,'VER_QINSIGNIS_58a','6','2022-06-15'),(1125,628,'VER_QINSIGNIS_58b','6','2022-06-15'),(1126,628,'VER_QINSIGNIS_58c','6','2022-06-15'),(1127,629,'VER_QINSIGNIS_PARCELAa','6','2022-06-15'),(1128,629,'VER_QINSIGNIS_PARCELAb','6','2022-06-15'),(1129,629,'VER_QINSIGNIS_PARCELAc','6','2022-06-15'),(1130,629,'VER_QINSIGNIS_PARCELAd','6','2022-06-15'),(1131,629,'VER_QINSIGNIS_PARCELAe','6','2022-06-15'),(1132,629,'VER_QINSIGNIS_PARCELAf','6','2022-06-15'),(1133,630,'VER74a','6','2022-06-15'),(1134,630,'VER74c','6','2022-06-15'),(1135,631,'VER89a','6','2022-06-15'),(1136,632,'Y01a','10','2022-06-15'),(1137,632,'Y01b','10','2022-06-15'),(1138,633,'Y02a','10','2022-06-15'),(1139,633,'Y02b','10','2022-06-15'),(1140,634,'Y03a','10','2022-06-15'),(1141,634,'Y03b','10','2022-06-15'),(1142,635,'Y04a','10','2022-06-15'),(1143,635,'Y04b','9','2022-06-15'),(1144,636,'Y05a','10','2022-06-15'),(1145,636,'Y05b','10','2022-06-15'),(1146,637,'Y06a','10','2022-06-15'),(1147,637,'Y06b','10','2022-06-15'),(1148,638,'Y07a','10','2022-06-15'),(1149,638,'Y07b','10','2022-06-15'),(1150,639,'Yetzelalag','4','2022-06-15'),(1151,640,'YTL01a','8','2022-06-15'),(1152,640,'YTL01b','8','2022-06-15'),(1153,641,'YTL02a','8','2022-06-15'),(1154,642,'YTL03a','8','2022-06-15'),(1155,643,'YTL05a','8','2022-06-15'),(1156,644,'Z01','4','2022-06-15'),(1157,645,'Z02','4','2022-06-15'),(1158,646,'Z03','4','2022-06-15'),(1159,647,'Z05','4','2022-06-15'),(1160,648,'Z06a','4','2022-06-15'),(1161,648,'Z06b','4','2022-06-15'),(1162,648,'Z06c','4','2022-06-15');
/*!40000 ALTER TABLE `ejemplares` ENABLE KEYS */;
UNLOCK TABLES;

--
-- Table structure for table `ejemplares_colectores`
--

DROP TABLE IF EXISTS `ejemplares_colectores`;
/*!40101 SET @saved_cs_client     = @@character_set_client */;
/*!40101 SET character_set_client = utf8 */;
CREATE TABLE `ejemplares_colectores` (
  `id_ejemplar` int(11) NOT NULL,
  `id_colector` varchar(3) NOT NULL,
  PRIMARY KEY (`id_ejemplar`,`id_colector`),
  KEY `07_individuos_colectores_FK_1` (`id_colector`),
  CONSTRAINT `07_individuos_colectores_FK` FOREIGN KEY (`id_ejemplar`) REFERENCES `ejemplares` (`id_ejemplar`) ON UPDATE CASCADE,
  CONSTRAINT `07_individuos_colectores_FK_1` FOREIGN KEY (`id_colector`) REFERENCES `colectores` (`id_colector`) ON UPDATE CASCADE
) ENGINE=InnoDB DEFAULT CHARSET=utf16 COLLATE=utf16_spanish_ci;
/*!40101 SET character_set_client = @saved_cs_client */;

--
-- Dumping data for table `ejemplares_colectores`
--

LOCK TABLES `ejemplares_colectores` WRITE;
/*!40000 ALTER TABLE `ejemplares_colectores` DISABLE KEYS */;
INSERT INTO `ejemplares_colectores` VALUES (1,'HRC'),(2,'HRC'),(3,'HRC'),(4,'HRC'),(5,'HRC'),(6,'HRC'),(7,'HRC'),(8,'HRC'),(9,'HRC'),(10,'HRC'),(11,'HRC'),(12,'HRC'),(13,'HRC'),(14,'HRC'),(15,'HRC'),(16,'HRC'),(17,'HRC'),(18,'HRC'),(19,'HRC'),(20,'HRC'),(21,'HRC'),(22,'HRC'),(23,'HRC'),(24,'HRC'),(25,'HRC'),(26,'HRC'),(27,'HRC'),(28,'HRC'),(29,'HRC'),(30,'HRC'),(31,'HRC'),(32,'HRC'),(33,'HRC'),(34,'HRC'),(35,'HRC'),(36,'HRC'),(37,'HRC'),(38,'HRC'),(39,'HRC'),(40,'HRC'),(41,'HRC'),(42,'HRC'),(43,'HRC'),(44,'HRC'),(45,'HRC'),(46,'HRC'),(47,'HRC'),(48,'HRC'),(49,'HRC'),(50,'HRC'),(51,'HRC'),(52,'HRC'),(53,'HRC'),(54,'HRC'),(55,'ALC'),(55,'HRC'),(55,'MNB'),(56,'ALC'),(56,'HRC'),(56,'MNB'),(57,'HRC'),(58,'HRC'),(59,'ALC'),(59,'HRC'),(59,'MNB'),(60,'HRC'),(61,'RGL'),(62,'HRC'),(63,'HRC'),(64,'HRC'),(65,'HRC'),(66,'HRC'),(67,'HRC'),(68,'HRC'),(69,'HRC'),(70,'HRC'),(71,'HRC'),(72,'HRC'),(73,'HRC'),(74,'ALC'),(74,'HRC'),(74,'MNB'),(75,'ALC'),(75,'HRC'),(75,'MNB'),(76,'HRC'),(77,'HRC'),(78,'HRC'),(79,'HRC'),(80,'HRC'),(81,'HRC'),(82,'HRC'),(83,'HRC'),(84,'HRC'),(85,'HRC'),(86,'HRC'),(87,'HRC'),(88,'HRC'),(89,'ALC'),(89,'HRC'),(89,'MNB'),(90,'ALC'),(90,'HRC'),(90,'MNB'),(91,'ALC'),(91,'HRC'),(91,'MNB'),(92,'ALC'),(92,'HRC'),(92,'MNB'),(93,'ALC'),(93,'HRC'),(93,'MNB'),(94,'RGL'),(95,'RGL'),(96,'RGL'),(97,'RGL'),(98,'RGL'),(99,'HRC'),(100,'HRC'),(101,'HRC'),(102,'HRC'),(103,'HRC'),(104,'HRC'),(105,'HRC'),(106,'HRC'),(107,'HRC'),(108,'HRC'),(109,'HRC'),(110,'HRC'),(111,'ALC'),(111,'HRC'),(111,'MNB'),(112,'ALC'),(112,'HRC'),(112,'MNB'),(113,'ALC'),(113,'HRC'),(113,'MNB'),(114,'HRC'),(115,'RGL'),(116,'HRC'),(117,'HRC'),(118,'HRC'),(119,'HRC'),(120,'HRC'),(121,'HRC'),(122,'HRC'),(123,'HRC'),(124,'HRC'),(125,'HRC'),(125,'MNB'),(126,'HRC'),(126,'MNB'),(127,'HRC'),(127,'MNB'),(128,'HRC'),(128,'MNB'),(129,'HRC'),(129,'MNB'),(130,'HRC'),(131,'HRC'),(132,'HRC'),(133,'HRC'),(134,'HRC'),(135,'HRC'),(136,'HRC'),(137,'HRC'),(138,'HRC'),(139,'HRC'),(140,'HRC'),(141,'HRC'),(142,'HRC'),(143,'HRC'),(144,'HRC'),(145,'HRC'),(146,'HRC'),(147,'HRC'),(148,'HRC'),(149,'HRC'),(150,'HRC'),(151,'HRC'),(152,'HRC'),(153,'HRC'),(154,'HRC'),(155,'HRC'),(156,'HRC'),(157,'HRC'),(158,'HRC'),(159,'HRC'),(160,'HRC'),(161,'HRC'),(162,'HRC'),(163,'HRC'),(164,'HRC'),(165,'HRC'),(166,'HRC'),(167,'HRC'),(168,'HRC'),(169,'HRC'),(170,'HRC'),(171,'HRC'),(172,'HRC'),(173,'HRC'),(174,'HRC'),(175,'HRC'),(176,'HRC'),(177,'HRC'),(178,'HRC'),(179,'HRC'),(180,'HRC'),(181,'HRC'),(182,'HRC'),(183,'HRC'),(184,'HRC'),(185,'HRC'),(186,'HRC'),(187,'HRC'),(188,'HRC'),(189,'HRC'),(190,'HRC'),(191,'HRC'),(192,'HRC'),(193,'HRC'),(194,'HRC'),(195,'HRC'),(196,'HRC'),(197,'HRC'),(198,'HRC'),(199,'HRC'),(200,'HRC'),(201,'HRC'),(202,'HRC'),(203,'ALC'),(203,'HRC'),(203,'MNB'),(204,'ALC'),(204,'HRC'),(204,'MNB'),(205,'HRC'),(206,'HRC'),(207,'HRC'),(208,'HRC'),(209,'HRC'),(210,'RGL'),(211,'RGL'),(212,'RGL'),(213,'RGL'),(214,'RGL'),(215,'RGL'),(216,'HRC'),(217,'HRC'),(218,'HRC'),(219,'HRC'),(220,'HRC'),(221,'HRC'),(222,'HRC'),(223,'HRC'),(224,'HRC'),(225,'HRC'),(226,'HRC'),(227,'HRC'),(228,'HRC'),(229,'HRC'),(230,'HRC'),(231,'HRC'),(232,'HRC'),(233,'HRC'),(233,'MNB'),(234,'HRC'),(234,'MNB'),(235,'HRC'),(235,'MNB'),(236,'HRC'),(236,'MNB'),(237,'HRC'),(237,'MNB'),(238,'HRC'),(238,'MNB'),(239,'HRC'),(240,'HRC'),(241,'ALC'),(241,'HRC'),(241,'MNB'),(242,'ALC'),(242,'HRC'),(242,'MNB'),(243,'ALC'),(243,'HRC'),(243,'MNB'),(244,'ALC'),(244,'HRC'),(244,'MNB'),(245,'ALC'),(245,'HRC'),(245,'MNB'),(246,'ALC'),(246,'HRC'),(246,'MNB'),(247,'HRC'),(247,'MNB'),(248,'HRC'),(248,'MNB'),(249,'HRC'),(249,'MNB'),(250,'HRC'),(250,'MNB'),(251,'HRC'),(251,'MNB'),(252,'APP'),(252,'RGL'),(253,'HRC'),(253,'MNB'),(254,'RGL'),(255,'HRC'),(255,'MNB'),(256,'HRC'),(256,'MNB'),(257,'ALC'),(257,'HRC'),(257,'MNB'),(258,'ALC'),(258,'HRC'),(258,'MNB'),(259,'ALC'),(259,'HRC'),(259,'MNB'),(260,'ALC'),(260,'HRC'),(260,'MNB'),(261,'ALC'),(261,'HRC'),(261,'MNB'),(262,'ALC'),(262,'HRC'),(262,'MNB'),(263,'ALC'),(263,'HRC'),(263,'MNB'),(264,'ALC'),(264,'HRC'),(264,'MNB'),(265,'HRC'),(265,'MNB'),(266,'HRC'),(266,'MNB'),(267,'HRC'),(267,'MNB'),(268,'HRC'),(268,'MNB'),(269,'RGL'),(270,'RGL'),(271,'HRC'),(271,'MNB'),(272,'HRC'),(272,'MNB'),(273,'HRC'),(273,'MNB'),(274,'HRC'),(274,'MNB'),(275,'HRC'),(275,'MNB'),(276,'HRC'),(276,'MNB'),(277,'ALC'),(277,'HRC'),(277,'MNB'),(278,'ALC'),(278,'HRC'),(278,'MNB'),(279,'ALC'),(279,'HRC'),(279,'MNB'),(280,'ALC'),(280,'HRC'),(280,'MNB'),(281,'ALC'),(281,'HRC'),(281,'MNB'),(282,'ALC'),(282,'HRC'),(282,'MNB'),(283,'ALC'),(283,'HRC'),(283,'MNB'),(284,'ALC'),(284,'HRC'),(284,'MNB'),(285,'RGL'),(286,'ALC'),(286,'HRC'),(286,'MNB'),(287,'ALC'),(287,'HRC'),(287,'MNB'),(288,'RGL'),(289,'APP'),(289,'RGL'),(290,'APP'),(290,'RGL'),(291,'APP'),(291,'RGL'),(292,'HRC'),(293,'RGL'),(294,'RGL'),(295,'RGL'),(296,'RGL'),(297,'HRC'),(298,'HRC'),(299,'HRC'),(300,'HRC'),(301,'HRC'),(302,'HRC'),(303,'HRC'),(304,'RGL'),(305,'RGL'),(306,'RGL'),(307,'RGL'),(308,'RGL'),(309,'HRC'),(310,'HRC'),(311,'RGL'),(312,'RGL'),(313,'RGL'),(314,'RGL'),(315,'HRC'),(316,'HRC'),(317,'HRC'),(318,'HRC'),(319,'ALC'),(319,'HRC'),(319,'MNB'),(320,'ALC'),(320,'HRC'),(320,'MNB'),(321,'RGL'),(322,'ALC'),(322,'HRC'),(322,'MNB'),(323,'ALC'),(323,'HRC'),(323,'MNB'),(324,'ALC'),(324,'HRC'),(324,'MNB'),(325,'ALC'),(325,'HRC'),(325,'MNB'),(326,'ALC'),(326,'HRC'),(326,'MNB'),(327,'ALC'),(327,'HRC'),(327,'MNB'),(328,'ALC'),(328,'HRC'),(328,'MNB'),(329,'ALC'),(329,'HRC'),(329,'MNB'),(330,'ALC'),(330,'HRC'),(330,'MNB'),(331,'ALC'),(331,'HRC'),(331,'MNB'),(332,'ALC'),(332,'HRC'),(332,'MNB'),(333,'ALC'),(333,'HRC'),(333,'MNB'),(334,'RGL'),(335,'RGL'),(336,'RGL'),(337,'RGL'),(338,'RGL'),(339,'RGL'),(340,'APP'),(340,'RGL'),(341,'APP'),(341,'RGL'),(342,'APP'),(342,'RGL'),(343,'APP'),(343,'RGL'),(344,'APP'),(344,'RGL'),(345,'APP'),(345,'RGL'),(346,'APP'),(346,'RGL'),(347,'APP'),(347,'RGL'),(348,'APP'),(348,'RGL'),(349,'APP'),(349,'RGL'),(350,'APP'),(350,'RGL'),(351,'APP'),(351,'RGL'),(352,'APP'),(352,'RGL'),(353,'APP'),(353,'RGL'),(354,'APP'),(354,'RGL'),(355,'APP'),(355,'RGL'),(356,'APP'),(356,'RGL'),(357,'APP'),(357,'RGL'),(358,'APP'),(358,'RGL'),(359,'RGL'),(360,'RGL'),(361,'RGL'),(362,'RGL'),(363,'RGL'),(364,'RGL'),(365,'RGL'),(366,'RGL'),(367,'RGL'),(368,'RGL'),(369,'RGL'),(370,'RGL'),(371,'RGL'),(372,'RGL'),(373,'RGL'),(374,'RGL'),(375,'RGL'),(376,'RGL'),(377,'RGL'),(378,'RGL'),(379,'RGL'),(380,'RGL'),(381,'RGL'),(382,'RGL'),(383,'RGL'),(384,'RGL'),(385,'RGL'),(386,'RGL'),(387,'RGL'),(388,'RGL'),(389,'RGL'),(390,'RGL'),(391,'RGL'),(392,'RGL'),(393,'RGL'),(394,'RGL'),(395,'RGL'),(396,'RGL'),(397,'RGL'),(398,'RGL'),(399,'RGL'),(400,'RGL'),(401,'RGL'),(402,'RGL'),(403,'RGL'),(404,'RGL'),(405,'RGL'),(406,'RGL'),(407,'RGL'),(408,'HRC'),(409,'HRC'),(409,'MNB'),(409,'SMR'),(409,'SZA'),(409,'YVS'),(410,'HRC'),(410,'MNB'),(410,'SMR'),(410,'SZA'),(410,'YVS'),(411,'HRC'),(411,'MNB'),(411,'SMR'),(411,'SZA'),(411,'YVS'),(412,'HRC'),(412,'MNB'),(412,'SMR'),(412,'SZA'),(412,'YVS'),(413,'HRC'),(413,'MNB'),(413,'SMR'),(413,'SZA'),(413,'YVS'),(414,'HRC'),(414,'MNB'),(414,'SMR'),(414,'SZA'),(414,'YVS'),(415,'HRC'),(415,'MNB'),(415,'SMR'),(415,'SZA'),(415,'YVS'),(416,'HRC'),(416,'MNB'),(416,'SMR'),(416,'SZA'),(416,'YVS'),(417,'HRC'),(417,'MNB'),(417,'SMR'),(417,'SZA'),(417,'YVS'),(418,'HRC'),(418,'MNB'),(418,'SMR'),(418,'SZA'),(418,'YVS'),(419,'HRC'),(419,'MNB'),(419,'SMR'),(419,'SZA'),(419,'YVS'),(420,'HRC'),(420,'MNB'),(420,'SMR'),(420,'SZA'),(420,'YVS'),(421,'HRC'),(421,'MNB'),(421,'SMR'),(421,'SZA'),(421,'YVS'),(422,'HRC'),(422,'MNB'),(422,'SMR'),(422,'SZA'),(422,'YVS'),(423,'HRC'),(423,'MNB'),(423,'SMR'),(423,'SZA'),(423,'YVS'),(424,'HRC'),(424,'MNB'),(424,'SMR'),(424,'SZA'),(424,'YVS'),(425,'HRC'),(425,'MNB'),(425,'SMR'),(425,'SZA'),(425,'YVS'),(426,'HRC'),(426,'MNB'),(426,'SMR'),(426,'SZA'),(426,'YVS'),(427,'HRC'),(427,'MNB'),(427,'SMR'),(427,'SZA'),(427,'YVS'),(428,'HRC'),(428,'MNB'),(428,'SMR'),(428,'SZA'),(428,'YVS'),(429,'HRC'),(429,'MNB'),(429,'SMR'),(429,'SZA'),(429,'YVS'),(430,'HRC'),(430,'MNB'),(430,'SMR'),(430,'SZA'),(430,'YVS'),(431,'HRC'),(431,'MNB'),(431,'SMR'),(431,'SZA'),(431,'YVS'),(432,'HRC'),(432,'MNB'),(432,'SMR'),(432,'SZA'),(432,'YVS'),(433,'HRC'),(433,'MNB'),(433,'SMR'),(433,'SZA'),(433,'YVS'),(434,'HRC'),(434,'MNB'),(434,'SMR'),(434,'SZA'),(434,'YVS'),(435,'HRC'),(435,'MNB'),(435,'SMR'),(435,'SZA'),(435,'YVS'),(436,'HRC'),(436,'MNB'),(436,'SMR'),(436,'SZA'),(436,'YVS'),(437,'HRC'),(437,'MNB'),(437,'SMR'),(437,'SZA'),(437,'YVS'),(438,'HRC'),(438,'MNB'),(438,'SMR'),(438,'SZA'),(438,'YVS'),(439,'HRC'),(439,'MNB'),(439,'SMR'),(439,'SZA'),(439,'YVS'),(440,'HRC'),(440,'MNB'),(440,'SMR'),(440,'SZA'),(440,'YVS'),(441,'HRC'),(441,'MNB'),(441,'SMR'),(441,'SZA'),(441,'YVS'),(442,'HRC'),(442,'MNB'),(442,'SMR'),(442,'SZA'),(442,'YVS'),(443,'HRC'),(443,'MNB'),(443,'SMR'),(443,'SZA'),(443,'YVS'),(444,'HRC'),(444,'MNB'),(444,'SMR'),(444,'SZA'),(444,'YVS'),(445,'HRC'),(445,'MNB'),(445,'SMR'),(445,'SZA'),(445,'YVS'),(446,'HRC'),(446,'MNB'),(446,'SMR'),(446,'SZA'),(446,'YVS'),(447,'HRC'),(447,'MNB'),(447,'SMR'),(447,'SZA'),(447,'YVS'),(448,'ALC'),(448,'HRC'),(448,'SZA'),(449,'ALC'),(449,'HRC'),(449,'SZA'),(450,'ALC'),(450,'HRC'),(450,'SZA'),(451,'ALC'),(451,'HRC'),(451,'SZA'),(452,'ALC'),(452,'HRC'),(452,'SZA'),(453,'ALC'),(453,'HRC'),(453,'SZA'),(454,'ALC'),(454,'HRC'),(454,'SZA'),(455,'ALC'),(455,'HRC'),(455,'SZA'),(456,'ALC'),(456,'HRC'),(456,'SZA'),(457,'ALC'),(457,'HRC'),(457,'SZA'),(458,'ALC'),(458,'HRC'),(458,'SZA'),(459,'ALC'),(459,'HRC'),(459,'SZA'),(460,'ALC'),(460,'HRC'),(460,'SZA'),(461,'ALC'),(461,'HRC'),(461,'SZA'),(462,'ALC'),(462,'HRC'),(462,'SZA'),(463,'ALC'),(463,'HRC'),(463,'SZA'),(464,'ALC'),(464,'HRC'),(464,'SZA'),(465,'ALC'),(465,'HRC'),(465,'SZA'),(466,'ALC'),(466,'HRC'),(466,'SZA'),(467,'ALC'),(467,'HRC'),(467,'SZA'),(468,'ALC'),(468,'HRC'),(468,'SZA'),(469,'ALC'),(469,'HRC'),(469,'SZA'),(470,'ALC'),(470,'HRC'),(470,'SZA'),(471,'ALC'),(471,'HRC'),(471,'SZA'),(472,'ALC'),(472,'HRC'),(472,'SZA'),(473,'ALC'),(473,'HRC'),(473,'SZA'),(474,'ALC'),(474,'HRC'),(474,'SZA'),(475,'ALC'),(475,'HRC'),(475,'SZA'),(476,'ALC'),(476,'HRC'),(476,'SZA'),(477,'ALC'),(477,'HRC'),(477,'SZA'),(478,'ALC'),(478,'HRC'),(478,'SZA'),(479,'ALC'),(479,'HRC'),(479,'SZA'),(480,'ALC'),(480,'HRC'),(480,'SZA'),(481,'ALC'),(481,'HRC'),(481,'SZA'),(482,'ALC'),(482,'HRC'),(482,'SZA'),(483,'ALC'),(483,'HRC'),(483,'SZA'),(484,'ALC'),(484,'HRC'),(484,'SZA'),(485,'ALC'),(485,'HRC'),(485,'SZA'),(486,'ALC'),(486,'HRC'),(486,'SZA'),(487,'ALC'),(487,'HRC'),(487,'SZA'),(488,'ALC'),(488,'HRC'),(488,'SZA'),(489,'ALC'),(489,'HRC'),(489,'SZA'),(490,'ALC'),(490,'HRC'),(490,'SZA'),(491,'ALC'),(491,'HRC'),(491,'SZA'),(492,'ALC'),(492,'HRC'),(492,'SZA'),(493,'ALC'),(493,'HRC'),(493,'SZA'),(494,'ALC'),(494,'HRC'),(494,'SZA'),(495,'ALC'),(495,'HRC'),(495,'SZA'),(496,'ALC'),(496,'HRC'),(496,'SZA'),(497,'ALC'),(497,'HRC'),(497,'SZA'),(498,'ALC'),(498,'HRC'),(498,'SZA'),(499,'ALC'),(499,'HRC'),(499,'SZA'),(500,'ALC'),(500,'HRC'),(500,'SZA'),(501,'ALC'),(501,'HRC'),(501,'SZA'),(502,'ALC'),(502,'HRC'),(502,'SZA'),(503,'ALC'),(503,'HRC'),(503,'SZA'),(504,'ALC'),(504,'HRC'),(504,'SZA'),(505,'ALC'),(505,'HRC'),(505,'SZA'),(506,'ALC'),(506,'HRC'),(506,'SZA'),(507,'ALC'),(507,'HRC'),(507,'SZA'),(508,'ALC'),(508,'HRC'),(508,'SZA'),(509,'ALC'),(509,'HRC'),(509,'SZA'),(510,'ALC'),(510,'HRC'),(510,'SZA'),(511,'ALC'),(511,'HRC'),(511,'SZA'),(512,'ALC'),(512,'HRC'),(512,'SZA'),(513,'ALC'),(513,'HRC'),(513,'SZA'),(514,'ALC'),(514,'HRC'),(514,'SZA'),(515,'ALC'),(515,'HRC'),(515,'SZA'),(516,'ALC'),(516,'HRC'),(516,'SZA'),(517,'ALC'),(517,'HRC'),(517,'SZA'),(518,'ALC'),(518,'HRC'),(518,'SZA'),(519,'ALC'),(519,'HRC'),(519,'SZA'),(520,'HRC'),(520,'MNB'),(520,'RGL'),(520,'SMR'),(520,'YVS'),(521,'HRC'),(521,'MNB'),(521,'RGL'),(521,'SMR'),(521,'YVS'),(522,'HRC'),(522,'MNB'),(522,'RGL'),(522,'SMR'),(522,'YVS'),(523,'HRC'),(523,'MNB'),(523,'RGL'),(523,'SMR'),(523,'YVS'),(524,'HRC'),(524,'MNB'),(524,'RGL'),(524,'SMR'),(524,'YVS'),(525,'HRC'),(525,'MNB'),(525,'RGL'),(525,'SMR'),(525,'YVS'),(526,'APP'),(526,'HRC'),(526,'MNB'),(526,'SZA'),(527,'APP'),(527,'HRC'),(527,'MNB'),(527,'SZA'),(528,'HRC'),(528,'SZA'),(529,'HRC'),(529,'SZA'),(530,'HRC'),(530,'SZA'),(531,'HRC'),(531,'SZA'),(532,'HRC'),(532,'SZA'),(533,'HRC'),(533,'SZA'),(534,'HRC'),(534,'SZA'),(535,'HRC'),(535,'SZA'),(536,'HRC'),(536,'SZA'),(537,'HRC'),(537,'SZA'),(538,'HRC'),(538,'SZA'),(539,'HRC'),(539,'SZA'),(540,'HRC'),(540,'SZA'),(541,'HRC'),(541,'SZA'),(542,'HRC'),(542,'SZA'),(543,'HRC'),(543,'SZA'),(544,'HRC'),(544,'SZA'),(545,'HRC'),(545,'SZA'),(546,'HRC'),(546,'SZA'),(547,'ALC'),(547,'HRC'),(547,'SZA'),(548,'ALC'),(548,'HRC'),(548,'SZA'),(549,'ALC'),(549,'HRC'),(549,'SZA'),(550,'ALC'),(550,'HRC'),(550,'SZA'),(551,'ALC'),(551,'HRC'),(551,'SZA'),(552,'ALC'),(552,'HRC'),(552,'SZA'),(553,'ALC'),(553,'HRC'),(553,'SZA'),(554,'ALC'),(554,'HRC'),(554,'SZA'),(555,'ALC'),(555,'HRC'),(555,'SZA'),(556,'ALC'),(556,'HRC'),(556,'SZA'),(557,'ALC'),(557,'HRC'),(557,'SZA'),(558,'ALC'),(558,'HRC'),(558,'SZA'),(559,'ALC'),(559,'HRC'),(559,'SZA'),(560,'ALC'),(560,'HRC'),(560,'SZA'),(561,'ALC'),(561,'HRC'),(561,'SZA'),(562,'ALC'),(562,'HRC'),(562,'SZA'),(563,'ALC'),(563,'HRC'),(563,'SZA'),(564,'ALC'),(564,'HRC'),(564,'SZA'),(565,'ALC'),(565,'HRC'),(565,'SZA'),(566,'ALC'),(566,'HRC'),(566,'SZA'),(567,'ALC'),(567,'HRC'),(567,'SZA'),(568,'ALC'),(568,'HRC'),(568,'SZA'),(569,'ALC'),(569,'HRC'),(569,'SZA'),(570,'ALC'),(570,'HRC'),(570,'SZA'),(571,'ALC'),(571,'HRC'),(571,'SZA'),(572,'ALC'),(572,'HRC'),(572,'SZA'),(573,'ALC'),(573,'HRC'),(573,'SZA'),(574,'ALC'),(574,'HRC'),(574,'SZA'),(575,'ALC'),(575,'HRC'),(575,'SZA'),(576,'ALC'),(576,'HRC'),(576,'SZA'),(577,'ALC'),(577,'HRC'),(577,'SZA'),(578,'ALC'),(578,'HRC'),(578,'SZA'),(579,'ALC'),(579,'HRC'),(579,'SZA'),(580,'ALC'),(580,'HRC'),(580,'SZA'),(581,'ALC'),(581,'HRC'),(581,'SZA'),(582,'ALC'),(582,'HRC'),(582,'SZA'),(583,'ALC'),(583,'HRC'),(583,'SZA'),(584,'ALC'),(584,'HRC'),(584,'SZA'),(585,'ALC'),(585,'HRC'),(585,'SZA'),(586,'ALC'),(586,'HRC'),(586,'SZA'),(587,'ALC'),(587,'HRC'),(587,'SZA'),(588,'ALC'),(588,'HRC'),(588,'SZA'),(589,'ALC'),(589,'HRC'),(589,'SZA'),(590,'ALC'),(590,'HRC'),(590,'SZA'),(591,'ALC'),(591,'HRC'),(591,'SZA'),(592,'ALC'),(592,'HRC'),(592,'SZA'),(593,'ALC'),(593,'HRC'),(593,'SZA'),(594,'ALC'),(594,'HRC'),(594,'SZA'),(595,'ALC'),(595,'HRC'),(595,'SZA'),(596,'ALC'),(596,'HRC'),(596,'SZA'),(597,'ALC'),(597,'HRC'),(597,'SZA'),(598,'ALC'),(598,'HRC'),(598,'SZA'),(599,'ALC'),(599,'HRC'),(599,'SZA'),(600,'ALC'),(600,'HRC'),(600,'SZA'),(601,'ALC'),(601,'HRC'),(601,'SZA'),(602,'ALC'),(602,'HRC'),(602,'SZA'),(603,'ALC'),(603,'HRC'),(603,'SZA'),(604,'ALC'),(604,'HRC'),(604,'SZA'),(605,'ALC'),(605,'HRC'),(605,'SZA'),(606,'ALC'),(606,'HRC'),(606,'SZA'),(607,'ALC'),(607,'HRC'),(607,'SZA'),(608,'ALC'),(608,'HRC'),(608,'SZA'),(609,'ALC'),(609,'HRC'),(609,'SZA'),(610,'ALC'),(610,'HRC'),(610,'SZA'),(611,'ALC'),(611,'HRC'),(611,'SZA'),(612,'ALC'),(612,'HRC'),(612,'SZA'),(613,'ALC'),(613,'HRC'),(613,'SZA'),(614,'ALC'),(614,'HRC'),(614,'SZA'),(615,'ALC'),(615,'HRC'),(615,'SZA'),(616,'ALC'),(616,'HRC'),(616,'SZA'),(617,'ALC'),(617,'HRC'),(617,'SZA'),(618,'ALC'),(618,'HRC'),(618,'SZA'),(619,'ALC'),(619,'HRC'),(619,'SZA'),(620,'ALC'),(620,'HRC'),(620,'SZA'),(621,'ALC'),(621,'HRC'),(621,'SZA'),(622,'ALC'),(622,'HRC'),(622,'SZA'),(623,'ALC'),(623,'HRC'),(623,'SZA'),(624,'ALC'),(624,'HRC'),(624,'SZA'),(625,'ALC'),(625,'HRC'),(625,'SZA'),(626,'ALC'),(626,'HRC'),(626,'SZA'),(627,'ALC'),(627,'HRC'),(627,'SZA'),(628,'ALC'),(628,'HRC'),(628,'SZA'),(629,'ALC'),(629,'HRC'),(629,'SZA'),(630,'ALC'),(630,'HRC'),(630,'SZA'),(631,'ALC'),(631,'HRC'),(631,'SZA'),(632,'ALC'),(632,'HRC'),(632,'SZA'),(633,'ALC'),(633,'HRC'),(633,'SZA'),(634,'ALC'),(634,'HRC'),(634,'SZA'),(635,'ALC'),(635,'HRC'),(635,'SZA'),(636,'ALC'),(636,'HRC'),(636,'SZA'),(637,'ALC'),(637,'HRC'),(637,'SZA'),(638,'ALC'),(638,'HRC'),(638,'SZA'),(639,'ALC'),(639,'HRC'),(639,'SZA'),(640,'ALC'),(640,'HRC'),(640,'SZA'),(641,'ALC'),(641,'HRC'),(641,'SZA'),(642,'ALC'),(642,'HRC'),(642,'SZA'),(643,'ALC'),(643,'HRC'),(643,'SZA'),(644,'ALC'),(644,'HRC'),(644,'SZA'),(645,'ALC'),(645,'HRC'),(645,'SZA'),(646,'ALC'),(646,'HRC'),(646,'SZA'),(647,'ALC'),(647,'HRC'),(647,'SZA'),(648,'ALC'),(648,'HRC'),(648,'SZA'),(649,'ALC'),(649,'HRC'),(649,'SZA'),(650,'ALC'),(650,'HRC'),(650,'SZA'),(651,'ALC'),(651,'HRC'),(651,'SZA'),(652,'ALC'),(652,'HRC'),(652,'SZA'),(653,'ALC'),(653,'HRC'),(653,'SZA'),(654,'HRC'),(654,'MNB'),(654,'SMR'),(654,'SZA'),(654,'YVS'),(655,'HRC'),(655,'MNB'),(655,'SMR'),(655,'SZA'),(655,'YVS'),(656,'HRC'),(656,'MNB'),(656,'SMR'),(656,'SZA'),(656,'YVS'),(657,'HRC'),(657,'MNB'),(657,'SMR'),(657,'SZA'),(657,'YVS'),(658,'HRC'),(658,'MNB'),(658,'SMR'),(658,'SZA'),(658,'YVS'),(659,'HRC'),(659,'MNB'),(659,'SMR'),(659,'SZA'),(659,'YVS'),(660,'HRC'),(660,'MNB'),(660,'SMR'),(660,'SZA'),(660,'YVS'),(661,'HRC'),(661,'MNB'),(661,'SMR'),(661,'SZA'),(661,'YVS'),(662,'HRC'),(662,'MNB'),(662,'SMR'),(662,'SZA'),(662,'YVS'),(663,'AGC'),(663,'HRC'),(663,'JCM'),(663,'MRR'),(663,'RAJ'),(664,'AGC'),(664,'HRC'),(664,'JCM'),(664,'MRR'),(664,'RAJ'),(665,'AGC'),(665,'HRC'),(665,'JCM'),(665,'MRR'),(665,'RAJ'),(666,'HRC'),(666,'MNB'),(666,'SMR'),(666,'SZA'),(666,'YVS'),(667,'HRC'),(667,'MNB'),(667,'SMR'),(667,'SZA'),(667,'YVS'),(668,'HRC'),(668,'MNB'),(668,'SMR'),(668,'SZA'),(668,'YVS'),(669,'HRC'),(669,'JCM'),(669,'JLM'),(669,'SMR'),(670,'HRC'),(670,'JCM'),(670,'JLM'),(670,'SMR'),(671,'HRC'),(671,'JCM'),(671,'JLM'),(671,'SMR'),(672,'HRC'),(672,'JCM'),(672,'JLM'),(672,'SMR'),(673,'HRC'),(673,'JCM'),(673,'JLM'),(673,'SMR'),(674,'HRC'),(674,'JCM'),(674,'JLM'),(674,'SMR'),(675,'HRC'),(675,'JCM'),(675,'JLM'),(675,'SMR'),(676,'HRC'),(676,'JCM'),(676,'JLM'),(676,'SMR'),(677,'HRC'),(677,'JCM'),(677,'JLM'),(677,'SMR'),(678,'HRC'),(678,'JCM'),(678,'JLM'),(678,'SMR'),(679,'HRC'),(679,'JCM'),(679,'JLM'),(679,'SMR'),(680,'HRC'),(680,'JCM'),(680,'JLM'),(680,'SMR'),(681,'HRC'),(681,'JCM'),(681,'JLM'),(681,'SMR'),(682,'HRC'),(682,'JCM'),(682,'JLM'),(682,'SMR'),(683,'HRC'),(683,'JCM'),(683,'JLM'),(683,'SMR'),(684,'HRC'),(684,'MNB'),(684,'SMR'),(684,'SZA'),(684,'YVS'),(685,'HRC'),(685,'MNB'),(685,'SMR'),(685,'SZA'),(685,'YVS'),(686,'HRC'),(686,'MNB'),(686,'SMR'),(686,'SZA'),(686,'YVS'),(687,'HRC'),(687,'MNB'),(687,'SMR'),(687,'SZA'),(687,'YVS'),(688,'HRC'),(688,'MNB'),(688,'SMR'),(688,'SZA'),(688,'YVS'),(689,'HRC'),(689,'MNB'),(689,'SMR'),(689,'SZA'),(689,'YVS'),(690,'AGC'),(690,'HRC'),(690,'JCM'),(690,'MRR'),(690,'RAJ'),(691,'AGC'),(691,'HRC'),(691,'JCM'),(691,'MRR'),(691,'RAJ'),(692,'AGC'),(692,'HRC'),(692,'JCM'),(692,'MRR'),(692,'RAJ'),(693,'AGC'),(693,'HRC'),(693,'JCM'),(693,'MRR'),(693,'RAJ'),(694,'AGC'),(694,'HRC'),(694,'JCM'),(694,'MRR'),(694,'RAJ'),(695,'AGC'),(695,'HRC'),(695,'JCM'),(695,'MRR'),(695,'RAJ'),(696,'MNB'),(696,'SZA'),(697,'MNB'),(697,'SZA'),(698,'MNB'),(698,'SZA'),(699,'MNB'),(699,'SZA'),(700,'MNB'),(700,'SZA'),(701,'MNB'),(701,'SZA'),(702,'MNB'),(702,'SZA'),(703,'MNB'),(703,'SZA'),(704,'MNB'),(704,'SZA'),(705,'MNB'),(705,'SZA'),(706,'MNB'),(706,'SZA'),(707,'MNB'),(707,'SZA'),(708,'MNB'),(708,'SZA'),(709,'MNB'),(709,'SZA'),(710,'ALC'),(710,'HRC'),(710,'SZA'),(711,'ALC'),(711,'HRC'),(711,'SZA'),(712,'ALC'),(712,'HRC'),(712,'SZA'),(713,'ALC'),(713,'HRC'),(713,'SZA'),(714,'ALC'),(714,'HRC'),(714,'SZA'),(715,'ALC'),(715,'HRC'),(715,'SZA'),(716,'ALC'),(716,'HRC'),(716,'SZA'),(717,'ALC'),(717,'HRC'),(717,'SZA'),(718,'ALC'),(718,'HRC'),(718,'SZA'),(719,'ALC'),(719,'HRC'),(719,'SZA'),(720,'ALC'),(720,'HRC'),(720,'SZA'),(721,'ALC'),(721,'HRC'),(721,'SZA'),(722,'ALC'),(722,'HRC'),(722,'SZA'),(723,'ALC'),(723,'HRC'),(723,'SZA'),(724,'ALC'),(724,'HRC'),(724,'SZA'),(725,'ALC'),(725,'HRC'),(725,'SZA'),(726,'ALC'),(726,'HRC'),(726,'SZA'),(727,'ALC'),(727,'HRC'),(727,'SZA'),(728,'ALC'),(728,'HRC'),(728,'SZA'),(729,'ALC'),(729,'HRC'),(729,'SZA'),(730,'ALC'),(730,'HRC'),(730,'SZA'),(731,'ALC'),(731,'HRC'),(731,'SZA'),(732,'ALC'),(732,'HRC'),(732,'SZA'),(733,'ALC'),(733,'HRC'),(733,'SZA'),(734,'ALC'),(734,'HRC'),(734,'SZA'),(735,'ALC'),(735,'HRC'),(735,'SZA'),(736,'ALC'),(736,'HRC'),(736,'SZA'),(737,'ALC'),(737,'HRC'),(737,'SZA'),(738,'ALC'),(738,'HRC'),(738,'SZA'),(739,'ALC'),(739,'HRC'),(739,'SZA'),(740,'ALC'),(740,'HRC'),(740,'SZA'),(741,'ALC'),(741,'HRC'),(741,'SZA'),(742,'ALC'),(742,'HRC'),(742,'SZA'),(743,'ALC'),(743,'HRC'),(743,'SZA'),(744,'ALC'),(744,'HRC'),(744,'SZA'),(745,'ALC'),(745,'HRC'),(745,'SZA'),(746,'ALC'),(746,'HRC'),(746,'SZA'),(747,'ALC'),(747,'HRC'),(747,'SZA'),(748,'ALC'),(748,'HRC'),(748,'SZA'),(749,'ALC'),(749,'HRC'),(749,'SZA'),(750,'ALC'),(750,'HRC'),(750,'SZA'),(751,'ALC'),(751,'HRC'),(751,'SZA'),(752,'ALC'),(752,'HRC'),(752,'SZA'),(753,'ALC'),(753,'HRC'),(753,'SZA'),(754,'ALC'),(754,'HRC'),(754,'SZA'),(755,'ALC'),(755,'HRC'),(755,'SZA'),(756,'ALC'),(756,'HRC'),(756,'SZA'),(757,'ALC'),(757,'HRC'),(757,'SZA'),(758,'ALC'),(758,'HRC'),(758,'SZA'),(759,'ALC'),(759,'HRC'),(759,'SZA'),(760,'ALC'),(760,'HRC'),(760,'SZA'),(761,'ALC'),(761,'HRC'),(761,'SZA'),(762,'HRC'),(762,'JCM'),(762,'JLM'),(762,'SMR'),(763,'HRC'),(763,'JCM'),(763,'JLM'),(763,'SMR'),(764,'HRC'),(764,'JCM'),(764,'JLM'),(764,'SMR'),(765,'HRC'),(765,'JCM'),(765,'JLM'),(765,'SMR'),(766,'HRC'),(766,'JCM'),(766,'JLM'),(766,'SMR'),(767,'HRC'),(767,'JCM'),(767,'JLM'),(767,'SMR'),(768,'HRC'),(768,'JCM'),(768,'JLM'),(768,'SMR'),(769,'HRC'),(769,'JCM'),(769,'JLM'),(769,'SMR'),(770,'HRC'),(770,'JCM'),(770,'JLM'),(770,'SMR'),(771,'HRC'),(771,'JCM'),(771,'JLM'),(771,'SMR'),(772,'HRC'),(772,'JCM'),(772,'JLM'),(772,'SMR'),(773,'HRC'),(773,'JCM'),(773,'JLM'),(773,'SMR'),(774,'HRC'),(774,'JCM'),(774,'JLM'),(774,'SMR'),(775,'HRC'),(775,'JCM'),(775,'JLM'),(775,'SMR'),(776,'HRC'),(776,'JCM'),(776,'JLM'),(776,'SMR'),(777,'HRC'),(777,'JCM'),(777,'JLM'),(777,'SMR'),(778,'HRC'),(778,'JCM'),(778,'JLM'),(778,'SMR'),(779,'HRC'),(779,'JCM'),(779,'JLM'),(779,'SMR'),(780,'HRC'),(780,'JCM'),(780,'JLM'),(780,'SMR'),(781,'HRC'),(781,'JCM'),(781,'JLM'),(781,'SMR'),(782,'HRC'),(782,'JCM'),(782,'JLM'),(782,'SMR'),(783,'HRC'),(783,'JCM'),(783,'JLM'),(783,'SMR'),(784,'HRC'),(784,'JCM'),(784,'JLM'),(784,'SMR'),(785,'HRC'),(785,'JCM'),(785,'JLM'),(785,'SMR'),(786,'HRC'),(786,'JCM'),(786,'JLM'),(786,'SMR'),(787,'HRC'),(787,'JCM'),(787,'JLM'),(787,'SMR'),(788,'HRC'),(788,'JCM'),(788,'JLM'),(788,'SMR'),(789,'APP'),(789,'HRC'),(789,'MNB'),(789,'SZA'),(790,'APP'),(790,'HRC'),(790,'MNB'),(790,'SZA'),(791,'APP'),(791,'HRC'),(791,'MNB'),(791,'SZA'),(792,'APP'),(792,'HRC'),(792,'MNB'),(792,'SZA'),(793,'APP'),(793,'HRC'),(793,'MNB'),(793,'SZA'),(794,'APP'),(794,'HRC'),(794,'MNB'),(794,'SZA'),(795,'APP'),(795,'HRC'),(795,'MNB'),(795,'SZA'),(796,'APP'),(796,'HRC'),(796,'MNB'),(796,'SZA'),(797,'APP'),(797,'HRC'),(797,'MNB'),(797,'SZA'),(798,'APP'),(798,'HRC'),(798,'MNB'),(798,'SZA'),(799,'APP'),(799,'HRC'),(799,'MNB'),(799,'SZA'),(800,'APP'),(800,'HRC'),(800,'MNB'),(800,'SZA'),(801,'HRC'),(801,'MNB'),(801,'SMR'),(801,'SZA'),(801,'YVS'),(802,'HRC'),(802,'MNB'),(802,'SMR'),(802,'SZA'),(802,'YVS'),(803,'HRC'),(803,'MNB'),(803,'SMR'),(803,'SZA'),(803,'YVS'),(804,'ALC'),(804,'HRC'),(804,'SZA'),(805,'ALC'),(805,'HRC'),(805,'SZA'),(806,'ALC'),(806,'HRC'),(806,'SZA'),(807,'ALC'),(807,'HRC'),(807,'SZA'),(808,'ALC'),(808,'HRC'),(808,'SZA'),(809,'ALC'),(809,'HRC'),(809,'SZA'),(810,'ALC'),(810,'HRC'),(810,'SZA'),(811,'ALC'),(811,'HRC'),(811,'SZA'),(812,'ALC'),(812,'HRC'),(812,'SZA'),(813,'ALC'),(813,'HRC'),(813,'SZA'),(814,'ALC'),(814,'HRC'),(814,'SZA'),(815,'ALC'),(815,'HRC'),(815,'SZA'),(816,'ALC'),(816,'HRC'),(816,'SZA'),(817,'ALC'),(817,'HRC'),(817,'SZA'),(818,'ALC'),(818,'HRC'),(818,'SZA'),(819,'ALC'),(819,'HRC'),(819,'SZA'),(820,'ALC'),(820,'HRC'),(820,'SZA'),(821,'ALC'),(821,'HRC'),(821,'SZA'),(822,'ALC'),(822,'HRC'),(822,'SZA'),(823,'ALC'),(823,'HRC'),(823,'SZA'),(824,'ALC'),(824,'HRC'),(824,'SZA'),(825,'ALC'),(825,'HRC'),(825,'SZA'),(826,'ALC'),(826,'HRC'),(826,'SZA'),(827,'ALC'),(827,'HRC'),(827,'SZA'),(828,'ALC'),(828,'HRC'),(828,'SZA'),(829,'HRC'),(829,'SZA'),(830,'HRC'),(830,'SZA'),(831,'ALC'),(831,'HRC'),(831,'SZA'),(832,'ALC'),(832,'HRC'),(832,'SZA'),(833,'ALC'),(833,'HRC'),(833,'SZA'),(834,'ALC'),(834,'HRC'),(834,'SZA'),(835,'ALC'),(835,'HRC'),(835,'SZA'),(836,'ALC'),(836,'HRC'),(836,'SZA'),(837,'ALC'),(837,'HRC'),(837,'SZA'),(838,'ALC'),(838,'HRC'),(838,'SZA'),(839,'ALC'),(839,'HRC'),(839,'SZA'),(840,'ALC'),(840,'HRC'),(840,'SZA'),(841,'ALC'),(841,'HRC'),(841,'SZA'),(842,'HRC'),(842,'SZA'),(843,'HRC'),(843,'SZA'),(844,'ALC'),(844,'HRC'),(844,'SZA'),(845,'ALC'),(845,'HRC'),(845,'SZA'),(846,'ALC'),(846,'HRC'),(846,'SZA'),(847,'ALC'),(847,'HRC'),(847,'SZA'),(848,'HRC'),(848,'MNB'),(848,'RGL'),(848,'SMR'),(848,'YVS'),(849,'HRC'),(849,'MNB'),(849,'RGL'),(849,'SMR'),(849,'YVS'),(850,'HRC'),(850,'MNB'),(850,'RGL'),(850,'SMR'),(850,'YVS'),(851,'HRC'),(851,'MNB'),(851,'RGL'),(851,'SMR'),(851,'YVS'),(852,'HRC'),(852,'MNB'),(852,'RGL'),(852,'SMR'),(852,'YVS'),(853,'HRC'),(853,'MNB'),(853,'RGL'),(853,'SMR'),(853,'YVS'),(854,'HRC'),(854,'MNB'),(854,'RGL'),(854,'SMR'),(854,'YVS'),(855,'HRC'),(855,'MNB'),(855,'RGL'),(855,'SMR'),(855,'YVS'),(856,'HRC'),(856,'MNB'),(856,'RGL'),(856,'SMR'),(856,'YVS'),(857,'HRC'),(857,'MNB'),(857,'RGL'),(857,'SMR'),(857,'YVS'),(858,'HRC'),(858,'MNB'),(858,'RGL'),(858,'SMR'),(858,'YVS'),(859,'HRC'),(859,'MNB'),(859,'RGL'),(859,'SMR'),(859,'YVS'),(860,'HRC'),(860,'MNB'),(860,'RGL'),(860,'SMR'),(860,'YVS'),(861,'HRC'),(861,'MNB'),(861,'RGL'),(861,'SMR'),(861,'YVS'),(862,'HRC'),(862,'MNB'),(862,'RGL'),(862,'SMR'),(862,'YVS'),(863,'HRC'),(863,'MNB'),(863,'RGL'),(863,'SMR'),(863,'YVS'),(864,'HRC'),(864,'MNB'),(864,'RGL'),(864,'SMR'),(864,'YVS'),(865,'HRC'),(865,'MNB'),(865,'RGL'),(865,'SMR'),(865,'YVS'),(866,'HRC'),(866,'MNB'),(866,'RGL'),(866,'SMR'),(866,'YVS'),(867,'HRC'),(867,'MNB'),(867,'RGL'),(867,'SMR'),(867,'YVS'),(868,'HRC'),(868,'MNB'),(868,'RGL'),(868,'SMR'),(868,'YVS'),(869,'HRC'),(869,'MNB'),(869,'RGL'),(869,'SMR'),(869,'YVS'),(870,'HRC'),(870,'MNB'),(870,'RGL'),(870,'SMR'),(870,'YVS'),(871,'HRC'),(871,'MNB'),(871,'RGL'),(871,'SMR'),(871,'YVS'),(872,'HRC'),(872,'MNB'),(872,'RGL'),(872,'SMR'),(872,'YVS'),(873,'HRC'),(873,'MNB'),(873,'RGL'),(873,'SMR'),(873,'YVS'),(874,'MNB'),(874,'SZA'),(875,'MNB'),(875,'SZA'),(876,'MNB'),(876,'SZA'),(877,'MNB'),(877,'SZA'),(878,'MNB'),(878,'SZA'),(879,'MNB'),(879,'SZA'),(880,'MNB'),(880,'SZA'),(881,'MNB'),(881,'SZA'),(882,'MNB'),(882,'SZA'),(883,'MNB'),(883,'SZA'),(884,'HRC'),(884,'MNB'),(884,'SZA'),(885,'HRC'),(885,'MNB'),(885,'SZA'),(886,'HRC'),(886,'MNB'),(886,'SZA'),(887,'ALC'),(887,'HRC'),(887,'MNB'),(888,'APP'),(888,'HRC'),(888,'MNB'),(888,'SZA'),(889,'ALC'),(889,'HRC'),(889,'MNB'),(890,'ALC'),(890,'HRC'),(890,'MNB'),(891,'ALC'),(891,'HRC'),(891,'MNB'),(892,'ALC'),(892,'HRC'),(892,'MNB'),(893,'ALC'),(893,'HRC'),(893,'MNB'),(894,'ALC'),(894,'HRC'),(894,'MNB'),(895,'APP'),(895,'HRC'),(895,'MNB'),(895,'SZA'),(896,'APP'),(896,'HRC'),(896,'MNB'),(896,'SZA'),(897,'APP'),(897,'HRC'),(897,'MNB'),(897,'SZA'),(898,'APP'),(898,'HRC'),(898,'MNB'),(898,'SZA'),(899,'APP'),(899,'HRC'),(899,'MNB'),(899,'SZA'),(900,'APP'),(900,'HRC'),(900,'MNB'),(900,'SZA'),(901,'APP'),(901,'HRC'),(901,'MNB'),(901,'SZA'),(902,'APP'),(902,'HRC'),(902,'MNB'),(902,'SZA'),(903,'APP'),(903,'HRC'),(903,'MNB'),(903,'SZA'),(904,'APP'),(904,'HRC'),(904,'MNB'),(904,'SZA'),(905,'APP'),(905,'HRC'),(905,'MNB'),(905,'SZA'),(906,'ALC'),(906,'HRC'),(906,'MNB'),(907,'ALC'),(907,'HRC'),(907,'MNB'),(908,'ALC'),(908,'HRC'),(908,'MNB'),(909,'ALC'),(909,'HRC'),(909,'MNB'),(910,'ALC'),(910,'HRC'),(910,'MNB'),(911,'ALC'),(911,'HRC'),(911,'MNB'),(912,'APP'),(912,'HRC'),(912,'MNB'),(912,'SZA'),(913,'ALC'),(913,'HRC'),(913,'MNB'),(914,'ALC'),(914,'HRC'),(914,'MNB'),(915,'ALC'),(915,'HRC'),(915,'MNB'),(916,'ALC'),(916,'HRC'),(916,'MNB'),(917,'ALC'),(917,'HRC'),(917,'MNB'),(918,'ALC'),(918,'HRC'),(918,'MNB'),(919,'ALC'),(919,'HRC'),(919,'MNB'),(920,'ALC'),(920,'HRC'),(920,'MNB'),(921,'ALC'),(921,'HRC'),(921,'MNB'),(922,'ALC'),(922,'HRC'),(922,'MNB'),(923,'ALC'),(923,'HRC'),(923,'MNB'),(924,'ALC'),(924,'HRC'),(924,'MNB'),(925,'ALC'),(925,'HRC'),(925,'MNB'),(926,'ALC'),(926,'HRC'),(926,'MNB'),(927,'ALC'),(927,'HRC'),(927,'MNB'),(928,'ALC'),(928,'HRC'),(928,'MNB'),(929,'ALC'),(929,'HRC'),(929,'MNB'),(930,'APP'),(930,'HRC'),(930,'MNB'),(930,'SZA'),(931,'ALC'),(931,'HRC'),(931,'MNB'),(932,'ALC'),(932,'HRC'),(932,'MNB'),(933,'ALC'),(933,'HRC'),(933,'MNB'),(934,'APP'),(934,'HRC'),(934,'MNB'),(934,'SZA'),(935,'ALC'),(935,'HRC'),(935,'MNB'),(936,'ALC'),(936,'HRC'),(936,'MNB'),(937,'ALC'),(937,'HRC'),(937,'MNB'),(938,'ALC'),(938,'HRC'),(938,'MNB'),(939,'ALC'),(939,'HRC'),(939,'MNB'),(940,'ALC'),(940,'HRC'),(940,'MNB'),(941,'ALC'),(941,'HRC'),(941,'MNB'),(942,'ALC'),(942,'HRC'),(942,'MNB'),(943,'ALC'),(943,'HRC'),(943,'MNB'),(944,'ALC'),(944,'HRC'),(944,'MNB'),(945,'ALC'),(945,'HRC'),(945,'MNB'),(946,'ALC'),(946,'HRC'),(946,'MNB'),(947,'ALC'),(947,'HRC'),(947,'MNB'),(948,'ALC'),(948,'HRC'),(948,'MNB'),(949,'ALC'),(949,'HRC'),(949,'MNB'),(950,'ALC'),(950,'HRC'),(950,'MNB'),(951,'ALC'),(951,'HRC'),(951,'MNB'),(952,'ALC'),(952,'HRC'),(952,'MNB'),(953,'ALC'),(953,'HRC'),(953,'MNB'),(954,'ALC'),(954,'HRC'),(954,'MNB'),(955,'ALC'),(955,'HRC'),(955,'MNB'),(956,'HRC'),(956,'MNB'),(957,'HRC'),(957,'MNB'),(958,'HRC'),(958,'MNB'),(959,'HRC'),(959,'MNB'),(960,'HRC'),(960,'MNB'),(961,'APP'),(961,'HRC'),(961,'MNB'),(961,'SZA'),(962,'APP'),(962,'HRC'),(962,'MNB'),(962,'SZA'),(963,'APP'),(963,'HRC'),(963,'MNB'),(963,'SZA'),(964,'APP'),(964,'HRC'),(964,'MNB'),(964,'SZA'),(965,'APP'),(965,'HRC'),(965,'MNB'),(965,'SZA'),(966,'AGC'),(966,'HRC'),(966,'JCM'),(966,'MRR'),(966,'RAJ'),(967,'AGC'),(967,'HRC'),(967,'JCM'),(967,'MRR'),(967,'RAJ'),(968,'AGC'),(968,'HRC'),(968,'JCM'),(968,'MRR'),(968,'RAJ'),(969,'HRC'),(969,'MNB'),(969,'SMR'),(969,'SZA'),(969,'YVS'),(970,'HRC'),(970,'MNB'),(970,'SMR'),(970,'SZA'),(970,'YVS'),(971,'HRC'),(971,'MNB'),(971,'SMR'),(971,'SZA'),(971,'YVS'),(972,'HRC'),(972,'JCM'),(972,'JLM'),(972,'SMR'),(973,'HRC'),(973,'JCM'),(973,'JLM'),(973,'SMR'),(974,'HRC'),(974,'JCM'),(974,'JLM'),(974,'SMR'),(975,'HRC'),(975,'JCM'),(975,'JLM'),(975,'SMR'),(976,'HRC'),(976,'JCM'),(976,'JLM'),(976,'SMR'),(977,'HRC'),(977,'JCM'),(977,'JLM'),(977,'SMR'),(978,'HRC'),(978,'JCM'),(978,'JLM'),(978,'SMR'),(979,'HRC'),(979,'JCM'),(979,'JLM'),(979,'SMR'),(980,'HRC'),(980,'JCM'),(980,'JLM'),(980,'SMR'),(981,'HRC'),(981,'JCM'),(981,'JLM'),(981,'SMR'),(982,'HRC'),(982,'JCM'),(982,'JLM'),(982,'SMR'),(983,'HRC'),(983,'JCM'),(983,'JLM'),(983,'SMR'),(984,'HRC'),(984,'JCM'),(984,'JLM'),(984,'SMR'),(985,'HRC'),(985,'JCM'),(985,'JLM'),(985,'SMR'),(986,'HRC'),(986,'JCM'),(986,'JLM'),(986,'SMR'),(987,'HRC'),(987,'JCM'),(987,'JLM'),(987,'SMR'),(988,'HRC'),(988,'JCM'),(988,'JLM'),(988,'SMR'),(989,'HRC'),(989,'JCM'),(989,'JLM'),(989,'SMR'),(990,'HRC'),(990,'JCM'),(990,'JLM'),(990,'SMR'),(991,'HRC'),(991,'JCM'),(991,'JLM'),(991,'SMR'),(992,'HRC'),(992,'JCM'),(992,'JLM'),(992,'SMR'),(993,'HRC'),(993,'JCM'),(993,'JLM'),(993,'SMR'),(994,'HRC'),(994,'JCM'),(994,'JLM'),(994,'SMR'),(995,'HRC'),(995,'JCM'),(995,'JLM'),(995,'SMR'),(996,'HRC'),(996,'JCM'),(996,'JLM'),(996,'SMR'),(997,'HRC'),(997,'JCM'),(997,'JLM'),(997,'SMR'),(998,'HRC'),(998,'MNB'),(998,'RGL'),(998,'SMR'),(998,'YVS'),(999,'HRC'),(999,'MNB'),(999,'RGL'),(999,'SMR'),(999,'YVS'),(1000,'HRC'),(1000,'MNB'),(1000,'RGL'),(1000,'SMR'),(1000,'YVS'),(1001,'HRC'),(1001,'MNB'),(1001,'RGL'),(1001,'SMR'),(1001,'YVS'),(1002,'HRC'),(1002,'MNB'),(1002,'RGL'),(1002,'SMR'),(1002,'YVS'),(1003,'HRC'),(1003,'MNB'),(1003,'RGL'),(1003,'SMR'),(1003,'YVS'),(1004,'HRC'),(1004,'MNB'),(1004,'RGL'),(1004,'SMR'),(1004,'YVS'),(1005,'HRC'),(1005,'MNB'),(1005,'RGL'),(1005,'SMR'),(1005,'YVS'),(1006,'HRC'),(1006,'MNB'),(1006,'RGL'),(1006,'SMR'),(1006,'YVS'),(1007,'HRC'),(1007,'MNB'),(1007,'RGL'),(1007,'SMR'),(1007,'YVS'),(1008,'HRC'),(1008,'MNB'),(1008,'RGL'),(1008,'SMR'),(1008,'YVS'),(1009,'HRC'),(1009,'MNB'),(1009,'RGL'),(1009,'SMR'),(1009,'YVS'),(1010,'HRC'),(1010,'MNB'),(1010,'RGL'),(1010,'SMR'),(1010,'YVS'),(1011,'HRC'),(1011,'MNB'),(1011,'RGL'),(1011,'SMR'),(1011,'YVS'),(1012,'HRC'),(1012,'MNB'),(1012,'RGL'),(1012,'SMR'),(1012,'YVS'),(1013,'HRC'),(1013,'MNB'),(1013,'SMR'),(1013,'SZA'),(1013,'YVS'),(1014,'HRC'),(1014,'MNB'),(1014,'SMR'),(1014,'SZA'),(1014,'YVS'),(1015,'HRC'),(1015,'MNB'),(1015,'SMR'),(1015,'SZA'),(1015,'YVS'),(1016,'HRC'),(1016,'MNB'),(1016,'SMR'),(1016,'SZA'),(1016,'YVS'),(1017,'HRC'),(1017,'MNB'),(1017,'SMR'),(1017,'SZA'),(1017,'YVS'),(1018,'HRC'),(1018,'MNB'),(1018,'SMR'),(1018,'SZA'),(1018,'YVS'),(1019,'HRC'),(1019,'MNB'),(1019,'RGL'),(1019,'SMR'),(1019,'YVS'),(1020,'HRC'),(1020,'MNB'),(1020,'RGL'),(1020,'SMR'),(1020,'YVS'),(1021,'HRC'),(1021,'MNB'),(1021,'RGL'),(1021,'SMR'),(1021,'YVS'),(1022,'HRC'),(1022,'MNB'),(1022,'RGL'),(1022,'SMR'),(1022,'YVS'),(1023,'HRC'),(1023,'MNB'),(1023,'RGL'),(1023,'SMR'),(1023,'YVS'),(1024,'HRC'),(1024,'MNB'),(1024,'RGL'),(1024,'SMR'),(1024,'YVS'),(1025,'HRC'),(1025,'MNB'),(1025,'RGL'),(1025,'SMR'),(1025,'YVS'),(1026,'HRC'),(1026,'MNB'),(1026,'RGL'),(1026,'SMR'),(1026,'YVS'),(1027,'HRC'),(1027,'MNB'),(1027,'RGL'),(1027,'SMR'),(1027,'YVS'),(1028,'HRC'),(1028,'MNB'),(1028,'RGL'),(1028,'SMR'),(1028,'YVS'),(1029,'HRC'),(1029,'MNB'),(1029,'RGL'),(1029,'SMR'),(1029,'YVS'),(1030,'HRC'),(1030,'MNB'),(1030,'RGL'),(1030,'SMR'),(1030,'YVS'),(1031,'HRC'),(1031,'MNB'),(1031,'RGL'),(1031,'SMR'),(1031,'YVS'),(1032,'HRC'),(1032,'MNB'),(1032,'RGL'),(1032,'SMR'),(1032,'YVS'),(1033,'HRC'),(1033,'MNB'),(1033,'RGL'),(1033,'SMR'),(1033,'YVS'),(1034,'HRC'),(1034,'MNB'),(1034,'RGL'),(1034,'SMR'),(1034,'YVS'),(1035,'HRC'),(1035,'MNB'),(1035,'RGL'),(1035,'SMR'),(1035,'YVS'),(1036,'HRC'),(1036,'MNB'),(1036,'RGL'),(1036,'SMR'),(1036,'YVS'),(1037,'HRC'),(1037,'MNB'),(1037,'RGL'),(1037,'SMR'),(1037,'YVS'),(1038,'HRC'),(1038,'MNB'),(1038,'SMR'),(1038,'SZA'),(1038,'YVS'),(1039,'HRC'),(1039,'MNB'),(1039,'SMR'),(1039,'SZA'),(1039,'YVS'),(1040,'HRC'),(1040,'MNB'),(1040,'SMR'),(1040,'SZA'),(1040,'YVS'),(1041,'HRC'),(1041,'MNB'),(1041,'SMR'),(1041,'SZA'),(1041,'YVS'),(1042,'HRC'),(1042,'MNB'),(1042,'SMR'),(1042,'SZA'),(1042,'YVS'),(1043,'HRC'),(1043,'MNB'),(1043,'SMR'),(1043,'SZA'),(1043,'YVS'),(1044,'HRC'),(1044,'MNB'),(1044,'SMR'),(1044,'SZA'),(1044,'YVS'),(1045,'HRC'),(1045,'MNB'),(1045,'SMR'),(1045,'SZA'),(1045,'YVS'),(1046,'HRC'),(1046,'MNB'),(1046,'SMR'),(1046,'SZA'),(1046,'YVS'),(1047,'HRC'),(1047,'MNB'),(1047,'SMR'),(1047,'SZA'),(1047,'YVS'),(1048,'HRC'),(1048,'MNB'),(1048,'SMR'),(1048,'SZA'),(1048,'YVS'),(1049,'HRC'),(1049,'MNB'),(1049,'SMR'),(1049,'SZA'),(1049,'YVS'),(1050,'HRC'),(1050,'MNB'),(1050,'SMR'),(1050,'SZA'),(1050,'YVS'),(1051,'HRC'),(1051,'MNB'),(1051,'SMR'),(1051,'SZA'),(1051,'YVS'),(1052,'HRC'),(1052,'MNB'),(1052,'SMR'),(1052,'SZA'),(1052,'YVS'),(1053,'HRC'),(1053,'MNB'),(1053,'SMR'),(1053,'SZA'),(1053,'YVS'),(1054,'HRC'),(1054,'MNB'),(1054,'SMR'),(1054,'SZA'),(1054,'YVS'),(1055,'HRC'),(1055,'MNB'),(1055,'SMR'),(1055,'SZA'),(1055,'YVS'),(1056,'HRC'),(1056,'MNB'),(1056,'SMR'),(1056,'SZA'),(1056,'YVS'),(1057,'HRC'),(1057,'MNB'),(1057,'SMR'),(1057,'SZA'),(1057,'YVS'),(1058,'HRC'),(1058,'MNB'),(1058,'SMR'),(1058,'SZA'),(1058,'YVS'),(1059,'HRC'),(1059,'MNB'),(1059,'SMR'),(1059,'SZA'),(1059,'YVS'),(1060,'HRC'),(1060,'MNB'),(1060,'SMR'),(1060,'SZA'),(1060,'YVS'),(1061,'HRC'),(1061,'MNB'),(1061,'SMR'),(1061,'SZA'),(1061,'YVS'),(1062,'HRC'),(1062,'MNB'),(1062,'SMR'),(1062,'SZA'),(1062,'YVS'),(1063,'HRC'),(1063,'MNB'),(1063,'SMR'),(1063,'SZA'),(1063,'YVS'),(1064,'HRC'),(1064,'MNB'),(1064,'SMR'),(1064,'SZA'),(1064,'YVS'),(1065,'HRC'),(1065,'MNB'),(1065,'SMR'),(1065,'SZA'),(1065,'YVS'),(1066,'HRC'),(1066,'MNB'),(1066,'SMR'),(1066,'SZA'),(1066,'YVS'),(1067,'ALC'),(1067,'HRC'),(1067,'SZA'),(1068,'ALC'),(1068,'HRC'),(1068,'SZA'),(1069,'ALC'),(1069,'HRC'),(1069,'SZA'),(1070,'ALC'),(1070,'HRC'),(1070,'SZA'),(1071,'ALC'),(1071,'HRC'),(1071,'SZA'),(1072,'ALC'),(1072,'HRC'),(1072,'SZA'),(1073,'ALC'),(1073,'HRC'),(1073,'SZA'),(1074,'ALC'),(1074,'HRC'),(1074,'SZA'),(1075,'ALC'),(1075,'HRC'),(1075,'SZA'),(1076,'ALC'),(1076,'HRC'),(1076,'SZA'),(1077,'ALC'),(1077,'HRC'),(1077,'SZA'),(1078,'ALC'),(1078,'HRC'),(1078,'SZA'),(1079,'ALC'),(1079,'HRC'),(1079,'SZA'),(1080,'ALC'),(1080,'HRC'),(1080,'SZA'),(1081,'ALC'),(1081,'HRC'),(1081,'SZA'),(1082,'ALC'),(1082,'HRC'),(1082,'SZA'),(1083,'ALC'),(1083,'HRC'),(1083,'SZA'),(1084,'ALC'),(1084,'HRC'),(1084,'SZA'),(1085,'ALC'),(1085,'HRC'),(1085,'SZA'),(1086,'APP'),(1086,'HRC'),(1086,'MNB'),(1086,'SZA'),(1087,'APP'),(1087,'HRC'),(1087,'MNB'),(1087,'SZA'),(1088,'HRC'),(1088,'MNB'),(1088,'RGL'),(1088,'SMR'),(1088,'YVS'),(1089,'HRC'),(1089,'MNB'),(1089,'RGL'),(1089,'SMR'),(1089,'YVS'),(1090,'HRC'),(1090,'MNB'),(1090,'RGL'),(1090,'SMR'),(1090,'YVS'),(1091,'HRC'),(1091,'MNB'),(1091,'RGL'),(1091,'SMR'),(1091,'YVS'),(1092,'HRC'),(1092,'MNB'),(1092,'RGL'),(1092,'SMR'),(1092,'YVS'),(1093,'HRC'),(1093,'MNB'),(1093,'RGL'),(1093,'SMR'),(1093,'YVS'),(1094,'HRC'),(1094,'MNB'),(1094,'RGL'),(1094,'SMR'),(1094,'YVS'),(1095,'HRC'),(1095,'MNB'),(1095,'RGL'),(1095,'SMR'),(1095,'YVS'),(1096,'HRC'),(1096,'MNB'),(1096,'RGL'),(1096,'SMR'),(1096,'YVS'),(1097,'HRC'),(1097,'MNB'),(1097,'RGL'),(1097,'SMR'),(1097,'YVS'),(1098,'HRC'),(1098,'MNB'),(1098,'RGL'),(1098,'SMR'),(1098,'YVS'),(1099,'HRC'),(1099,'MNB'),(1099,'RGL'),(1099,'SMR'),(1099,'YVS'),(1100,'HRC'),(1100,'MNB'),(1100,'RGL'),(1100,'SMR'),(1100,'YVS'),(1101,'HRC'),(1101,'MNB'),(1101,'RGL'),(1101,'SMR'),(1101,'YVS'),(1102,'HRC'),(1102,'MNB'),(1102,'RGL'),(1102,'SMR'),(1102,'YVS'),(1103,'HRC'),(1103,'MNB'),(1103,'RGL'),(1103,'SMR'),(1103,'YVS'),(1104,'HRC'),(1104,'MNB'),(1104,'RGL'),(1104,'SMR'),(1104,'YVS'),(1105,'HRC'),(1105,'MNB'),(1105,'RGL'),(1105,'SMR'),(1105,'YVS'),(1106,'HRC'),(1106,'MNB'),(1106,'RGL'),(1106,'SMR'),(1106,'YVS'),(1107,'HRC'),(1107,'MNB'),(1107,'RGL'),(1107,'SMR'),(1107,'YVS'),(1108,'HRC'),(1108,'MNB'),(1108,'RGL'),(1108,'SMR'),(1108,'YVS'),(1109,'HRC'),(1109,'MNB'),(1109,'RGL'),(1109,'SMR'),(1109,'YVS'),(1110,'HRC'),(1110,'MNB'),(1110,'RGL'),(1110,'SMR'),(1110,'YVS'),(1111,'HRC'),(1111,'MNB'),(1111,'RGL'),(1111,'SMR'),(1111,'YVS'),(1112,'ALC'),(1112,'HRC'),(1112,'SZA'),(1113,'ALC'),(1113,'HRC'),(1113,'SZA'),(1114,'ALC'),(1114,'HRC'),(1114,'SZA'),(1115,'ALC'),(1115,'HRC'),(1115,'SZA'),(1116,'ALC'),(1116,'HRC'),(1116,'SZA'),(1117,'ALC'),(1117,'HRC'),(1117,'SZA'),(1118,'ALC'),(1118,'HRC'),(1118,'SZA'),(1119,'ALC'),(1119,'HRC'),(1119,'SZA'),(1120,'ALC'),(1120,'HRC'),(1120,'SZA'),(1121,'ALC'),(1121,'HRC'),(1121,'SZA'),(1122,'ALC'),(1122,'HRC'),(1122,'SZA'),(1123,'ALC'),(1123,'HRC'),(1123,'SZA'),(1124,'APP'),(1124,'HRC'),(1124,'MNB'),(1124,'SZA'),(1125,'APP'),(1125,'HRC'),(1125,'MNB'),(1125,'SZA'),(1126,'APP'),(1126,'HRC'),(1126,'MNB'),(1126,'SZA'),(1127,'APP'),(1127,'HRC'),(1127,'MNB'),(1127,'SZA'),(1128,'APP'),(1128,'HRC'),(1128,'MNB'),(1128,'SZA'),(1129,'APP'),(1129,'HRC'),(1129,'MNB'),(1129,'SZA'),(1130,'APP'),(1130,'HRC'),(1130,'MNB'),(1130,'SZA'),(1131,'APP'),(1131,'HRC'),(1131,'MNB'),(1131,'SZA'),(1132,'APP'),(1132,'HRC'),(1132,'MNB'),(1132,'SZA'),(1133,'APP'),(1133,'HRC'),(1133,'MNB'),(1133,'SZA'),(1134,'APP'),(1134,'HRC'),(1134,'MNB'),(1134,'SZA'),(1135,'APP'),(1135,'HRC'),(1135,'MNB'),(1135,'SZA'),(1136,'HRC'),(1136,'SZA'),(1137,'HRC'),(1137,'SZA'),(1138,'HRC'),(1138,'SZA'),(1139,'HRC'),(1139,'SZA'),(1140,'HRC'),(1140,'SZA'),(1141,'HRC'),(1141,'SZA'),(1142,'HRC'),(1142,'SZA'),(1143,'HRC'),(1143,'SZA'),(1144,'HRC'),(1144,'SZA'),(1145,'HRC'),(1145,'SZA'),(1146,'HRC'),(1146,'SZA'),(1147,'HRC'),(1147,'SZA'),(1148,'HRC'),(1148,'SZA'),(1149,'HRC'),(1149,'SZA'),(1150,'HRC'),(1150,'SZA'),(1151,'HRC'),(1151,'MNB'),(1151,'SMR'),(1151,'SZA'),(1151,'YVS'),(1152,'HRC'),(1152,'MNB'),(1152,'SMR'),(1152,'SZA'),(1152,'YVS'),(1153,'HRC'),(1153,'MNB'),(1153,'SMR'),(1153,'SZA'),(1153,'YVS'),(1154,'HRC'),(1154,'MNB'),(1154,'SMR'),(1154,'SZA'),(1154,'YVS'),(1155,'HRC'),(1155,'MNB'),(1155,'SMR'),(1155,'SZA'),(1155,'YVS'),(1156,'ALC'),(1156,'HRC'),(1156,'SZA'),(1157,'ALC'),(1157,'HRC'),(1157,'SZA'),(1158,'ALC'),(1158,'HRC'),(1158,'SZA'),(1159,'ALC'),(1159,'HRC'),(1159,'SZA'),(1160,'HRC'),(1160,'SZA'),(1161,'HRC'),(1161,'SZA'),(1162,'HRC'),(1162,'SZA');
/*!40000 ALTER TABLE `ejemplares_colectores` ENABLE KEYS */;
UNLOCK TABLES;

--
-- Table structure for table `estados`
--

DROP TABLE IF EXISTS `estados`;
/*!40101 SET @saved_cs_client     = @@character_set_client */;
/*!40101 SET character_set_client = utf8 */;
CREATE TABLE `estados` (
  `id_estado` int(11) NOT NULL AUTO_INCREMENT,
  `estado` varchar(100) CHARACTER SET latin1 COLLATE latin1_swedish_ci NOT NULL,
  PRIMARY KEY (`id_estado`)
) ENGINE=InnoDB AUTO_INCREMENT=34 DEFAULT CHARSET=utf16 COLLATE=utf16_spanish_ci;
/*!40101 SET character_set_client = @saved_cs_client */;

--
-- Dumping data for table `estados`
--

LOCK TABLES `estados` WRITE;
/*!40000 ALTER TABLE `estados` DISABLE KEYS */;
INSERT INTO `estados` VALUES (1,'Aguascalientes'),(2,'Baja California'),(3,'Baja California Sur'),(4,'Campeche'),(5,'Coahuila'),(6,'Colima'),(7,'Chiapas'),(8,'Chihuahua'),(9,'Ciudad de México'),(10,'Durango'),(11,'Guanajuato'),(12,'Guerrero'),(13,'Hidalgo'),(14,'Jalisco'),(15,'México'),(16,'Michoacán'),(17,'Morelos'),(18,'Nayarit'),(19,'Nuevo León'),(20,'Oaxaca'),(21,'Puebla'),(22,'Querétaro'),(23,'Quintana Roo'),(24,'San Luis Potosí'),(25,'Sinaloa'),(26,'Sonora'),(27,'Tabasco'),(28,'Tamaulipas'),(29,'Tlaxcala'),(30,'Veracruz'),(31,'Yucatán'),(32,'Zacatecas');
/*!40000 ALTER TABLE `estados` ENABLE KEYS */;
UNLOCK TABLES;

--
-- Table structure for table `estados_municipios`
--

DROP TABLE IF EXISTS `estados_municipios`;
/*!40101 SET @saved_cs_client     = @@character_set_client */;
/*!40101 SET character_set_client = utf8 */;
CREATE TABLE `estados_municipios` (
  `id_estado` int(11) NOT NULL,
  `id_municipio` int(11) NOT NULL,
  PRIMARY KEY (`id_estado`,`id_municipio`),
  KEY `14_estados_municipios_FK_1` (`id_municipio`),
  CONSTRAINT `14_estados_municipios_FK` FOREIGN KEY (`id_estado`) REFERENCES `estados` (`id_estado`) ON UPDATE CASCADE,
  CONSTRAINT `14_estados_municipios_FK_1` FOREIGN KEY (`id_municipio`) REFERENCES `municipios` (`id_municipio`) ON UPDATE CASCADE
) ENGINE=InnoDB DEFAULT CHARSET=utf16 COLLATE=utf16_spanish_ci;
/*!40101 SET character_set_client = @saved_cs_client */;

--
-- Dumping data for table `estados_municipios`
--

LOCK TABLES `estados_municipios` WRITE;
/*!40000 ALTER TABLE `estados_municipios` DISABLE KEYS */;
INSERT INTO `estados_municipios` VALUES (1,1),(1,2),(1,3),(1,4),(1,5),(1,6),(1,7),(1,8),(1,9),(1,10),(1,11),(2,12),(2,13),(2,14),(2,15),(2,16),(3,17),(3,18),(3,19),(3,20),(3,21),(4,22),(4,23),(4,24),(4,25),(4,26),(4,27),(4,28),(4,29),(4,30),(4,31),(4,32),(5,33),(5,34),(5,35),(5,36),(5,37),(5,38),(5,39),(5,40),(5,41),(5,42),(5,43),(5,44),(5,45),(5,46),(5,47),(5,48),(5,49),(5,50),(5,51),(5,52),(5,53),(5,54),(5,55),(5,56),(5,57),(5,58),(5,59),(5,60),(5,61),(5,62),(5,63),(5,64),(5,65),(5,66),(5,67),(5,68),(5,69),(5,70),(6,71),(6,72),(6,73),(6,74),(6,75),(6,76),(6,77),(6,78),(6,79),(6,80),(7,81),(7,82),(7,83),(7,84),(7,85),(7,86),(7,87),(7,88),(7,89),(7,90),(7,91),(7,92),(7,93),(7,94),(7,95),(7,96),(7,97),(7,98),(7,99),(7,100),(7,101),(7,102),(7,103),(7,104),(7,105),(7,106),(7,107),(7,108),(7,109),(7,110),(7,111),(7,112),(7,113),(7,114),(7,115),(7,116),(7,117),(7,118),(7,119),(7,120),(7,121),(7,122),(7,123),(7,124),(7,125),(7,126),(7,127),(7,128),(7,129),(7,130),(7,131),(7,132),(7,133),(7,134),(7,135),(7,136),(7,137),(7,138),(7,139),(7,140),(7,141),(7,142),(7,143),(7,144),(7,145),(7,146),(7,147),(7,148),(7,149),(7,150),(7,151),(7,152),(7,153),(7,154),(7,155),(7,156),(7,157),(7,158),(7,159),(7,160),(7,161),(7,162),(7,163),(7,164),(7,165),(7,166),(7,167),(7,168),(7,169),(7,170),(7,171),(7,172),(7,173),(7,174),(7,175),(7,176),(7,177),(7,178),(7,179),(7,180),(7,181),(7,182),(7,183),(7,184),(7,185),(7,186),(7,187),(7,188),(7,189),(7,190),(7,191),(7,192),(7,193),(7,194),(7,195),(7,196),(7,197),(7,198),(8,199),(8,200),(8,201),(8,202),(8,203),(8,204),(8,205),(8,206),(8,207),(8,208),(8,209),(8,210),(8,211),(8,212),(8,213),(8,214),(8,215),(8,216),(8,217),(8,218),(8,219),(8,220),(8,221),(8,222),(8,223),(8,224),(8,225),(8,226),(8,227),(8,228),(8,229),(8,230),(8,231),(8,232),(8,233),(8,234),(8,235),(8,236),(8,237),(8,238),(8,239),(8,240),(8,241),(8,242),(8,243),(8,244),(8,245),(8,246),(8,247),(8,248),(8,249),(8,250),(8,251),(8,252),(8,253),(8,254),(8,255),(8,256),(8,257),(8,258),(8,259),(8,260),(8,261),(8,262),(8,263),(8,264),(8,265),(9,266),(9,267),(9,268),(9,269),(9,270),(9,271),(9,272),(9,273),(9,274),(9,275),(9,276),(9,277),(9,278),(9,279),(9,280),(9,281),(10,282),(10,283),(10,284),(10,285),(10,286),(10,287),(10,288),(10,289),(10,290),(10,291),(10,292),(10,293),(10,294),(10,295),(10,296),(10,297),(10,298),(10,299),(10,300),(10,301),(10,302),(10,303),(10,304),(10,305),(10,306),(10,307),(10,308),(10,309),(10,310),(10,311),(10,312),(10,313),(10,314),(10,315),(10,316),(10,317),(10,318),(10,319),(10,320),(11,321),(11,322),(11,323),(11,324),(11,325),(11,326),(11,327),(11,328),(11,329),(11,330),(11,331),(11,332),(11,333),(11,334),(11,335),(11,336),(11,337),(11,338),(11,339),(11,340),(11,341),(11,342),(11,343),(11,344),(11,345),(11,346),(11,347),(11,348),(11,349),(11,350),(11,351),(11,352),(11,353),(11,354),(11,355),(11,356),(11,357),(11,358),(11,359),(11,360),(11,361),(11,362),(11,363),(11,364),(11,365),(11,366),(12,367),(12,368),(12,369),(12,370),(12,371),(12,372),(12,373),(12,374),(12,375),(12,376),(12,377),(12,378),(12,379),(12,380),(12,381),(12,382),(12,383),(12,384),(12,385),(12,386),(12,387),(12,388),(12,389),(12,390),(12,391),(12,392),(12,393),(12,394),(12,395),(12,396),(12,397),(12,398),(12,399),(12,400),(12,401),(12,402),(12,403),(12,404),(12,405),(12,406),(12,407),(12,408),(12,409),(12,410),(12,411),(12,412),(12,413),(12,414),(12,415),(12,416),(12,417),(12,418),(12,419),(12,420),(12,421),(12,422),(12,423),(12,424),(12,425),(12,426),(12,427),(12,428),(12,429),(12,430),(12,431),(12,432),(12,433),(12,434),(12,435),(12,436),(12,437),(12,438),(12,439),(12,440),(12,441),(12,442),(12,443),(12,444),(12,445),(12,446),(12,447),(13,448),(13,449),(13,450),(13,451),(13,452),(13,453),(13,454),(13,455),(13,456),(13,457),(13,458),(13,459),(13,460),(13,461),(13,462),(13,463),(13,464),(13,465),(13,466),(13,467),(13,468),(13,469),(13,470),(13,471),(13,472),(13,473),(13,474),(13,475),(13,476),(13,477),(13,478),(13,479),(13,480),(13,481),(13,482),(13,483),(13,484),(13,485),(13,486),(13,487),(13,488),(13,489),(13,490),(13,491),(13,492),(13,493),(13,494),(13,495),(13,496),(13,497),(13,498),(13,499),(13,500),(13,501),(13,502),(13,503),(13,504),(13,505),(13,506),(13,507),(13,508),(13,509),(13,510),(13,511),(13,512),(13,513),(13,514),(13,515),(13,516),(13,517),(13,518),(13,519),(13,520),(13,521),(13,522),(13,523),(13,524),(13,525),(13,526),(13,527),(13,528),(13,529),(13,530),(13,531),(14,532),(14,533),(14,534),(14,535),(14,536),(14,537),(14,538),(14,539),(14,540),(14,541),(14,542),(14,543),(14,544),(14,545),(14,546),(14,547),(14,548),(14,549),(14,550),(14,551),(14,552),(14,553),(14,554),(14,555),(14,556),(14,557),(14,558),(14,559),(14,560),(14,561),(14,562),(14,563),(14,564),(14,565),(14,566),(14,567),(14,568),(14,569),(14,570),(14,571),(14,572),(14,573),(14,574),(14,575),(14,576),(14,577),(14,578),(14,579),(14,580),(14,581),(14,582),(14,583),(14,584),(14,585),(14,586),(14,587),(14,588),(14,589),(14,590),(14,591),(14,592),(14,593),(14,594),(14,595),(14,596),(14,597),(14,598),(14,599),(14,600),(14,601),(14,602),(14,603),(14,604),(14,605),(14,606),(14,607),(14,608),(14,609),(14,610),(14,611),(14,612),(14,613),(14,614),(14,615),(14,616),(14,617),(14,618),(14,619),(14,620),(14,621),(14,622),(14,623),(14,624),(14,625),(14,626),(14,627),(14,628),(14,629),(14,630),(14,631),(14,632),(14,633),(14,634),(14,635),(14,636),(14,637),(14,638),(14,639),(14,640),(14,641),(14,642),(14,643),(14,644),(14,645),(14,646),(14,647),(14,648),(14,649),(14,650),(14,651),(14,652),(14,653),(14,654),(14,655),(14,656),(15,657),(15,658),(15,659),(15,660),(15,661),(15,662),(15,663),(15,664),(15,665),(15,666),(15,667),(15,668),(15,669),(15,670),(15,671),(15,672),(15,673),(15,674),(15,675),(15,676),(15,677),(15,678),(15,679),(15,680),(15,681),(15,682),(15,683),(15,684),(15,685),(15,686),(15,687),(15,688),(15,689),(15,690),(15,691),(15,692),(15,693),(15,694),(15,695),(15,696),(15,697),(15,698),(15,699),(15,700),(15,701),(15,702),(15,703),(15,704),(15,705),(15,706),(15,707),(15,708),(15,709),(15,710),(15,711),(15,712),(15,713),(15,714),(15,715),(15,716),(15,717),(15,718),(15,719),(15,720),(15,721),(15,722),(15,723),(15,724),(15,725),(15,726),(15,727),(15,728),(15,729),(15,730),(15,731),(15,732),(15,733),(15,734),(15,735),(15,736),(15,737),(15,738),(15,739),(15,740),(15,741),(15,742),(15,743),(15,744),(15,745),(15,746),(15,747),(15,748),(15,749),(15,750),(15,751),(15,752),(15,753),(15,754),(15,755),(15,756),(15,757),(15,758),(15,759),(15,760),(15,761),(15,762),(15,763),(15,764),(15,765),(15,766),(15,767),(15,768),(15,769),(15,770),(15,771),(15,772),(15,773),(15,774),(15,775),(15,776),(15,777),(15,778),(15,779),(15,780),(15,781),(16,782),(16,783),(16,784),(16,785),(16,786),(16,787),(16,788),(16,789),(16,790),(16,791),(16,792),(16,793),(16,794),(16,795),(16,796),(16,797),(16,798),(16,799),(16,800),(16,801),(16,802),(16,803),(16,804),(16,805),(16,806),(16,807),(16,808),(16,809),(16,810),(16,811),(16,812),(16,813),(16,814),(16,815),(16,816),(16,817),(16,818),(16,819),(16,820),(16,821),(16,822),(16,823),(16,824),(16,825),(16,826),(16,827),(16,828),(16,829),(16,830),(16,831),(16,832),(16,833),(16,834),(16,835),(16,836),(16,837),(16,838),(16,839),(16,840),(16,841),(16,842),(16,843),(16,844),(16,845),(16,846),(16,847),(16,848),(16,849),(16,850),(16,851),(16,852),(16,853),(16,854),(16,855),(16,856),(16,857),(16,858),(16,859),(16,860),(16,861),(16,862),(16,863),(16,864),(16,865),(16,866),(16,867),(16,868),(16,869),(16,870),(16,871),(16,872),(16,873),(16,874),(16,875),(16,876),(16,877),(16,878),(16,879),(16,880),(16,881),(16,882),(16,883),(16,884),(16,885),(16,886),(16,887),(16,888),(16,889),(16,890),(16,891),(16,892),(16,893),(16,894),(17,895),(17,896),(17,897),(17,898),(17,899),(17,900),(17,901),(17,902),(17,903),(17,904),(17,905),(17,906),(17,907),(17,908),(17,909),(17,910),(17,911),(17,912),(17,913),(17,914),(17,915),(17,916),(17,917),(17,918),(17,919),(17,920),(17,921),(17,922),(17,923),(17,924),(17,925),(17,926),(17,927),(18,928),(18,929),(18,930),(18,931),(18,932),(18,933),(18,934),(18,935),(18,936),(18,937),(18,938),(18,939),(18,940),(18,941),(18,942),(18,943),(18,944),(18,945),(18,946),(18,947),(19,948),(19,949),(19,950),(19,951),(19,952),(19,953),(19,954),(19,955),(19,956),(19,957),(19,958),(19,959),(19,960),(19,961),(19,962),(19,963),(19,964),(19,965),(19,966),(19,967),(19,968),(19,969),(19,970),(19,971),(19,972),(19,973),(19,974),(19,975),(19,976),(19,977),(19,978),(19,979),(19,980),(19,981),(19,982),(19,983),(19,984),(19,985),(19,986),(19,987),(19,988),(19,989),(19,990),(19,991),(19,992),(19,993),(19,994),(19,995),(19,996),(19,997),(19,998),(20,999),(20,1000),(20,1001),(20,1002),(20,1003),(20,1004),(20,1005),(20,1006),(20,1007),(20,1008),(20,1009),(20,1010),(20,1011),(20,1012),(20,1013),(20,1014),(20,1015),(20,1016),(20,1017),(20,1018),(20,1019),(20,1020),(20,1021),(20,1022),(20,1023),(20,1024),(20,1025),(20,1026),(20,1027),(20,1028),(20,1029),(20,1030),(20,1031),(20,1032),(20,1033),(20,1034),(20,1035),(20,1036),(20,1037),(20,1038),(20,1039),(20,1040),(20,1041),(20,1042),(20,1043),(20,1044),(20,1045),(20,1046),(20,1047),(20,1048),(20,1049),(20,1050),(20,1051),(20,1052),(20,1053),(20,1054),(20,1055),(20,1056),(20,1057),(20,1058),(20,1059),(20,1060),(20,1061),(20,1062),(20,1063),(20,1064),(20,1065),(20,1066),(20,1067),(20,1068),(20,1069),(20,1070),(20,1071),(20,1072),(20,1073),(20,1074),(20,1075),(20,1076),(20,1077),(20,1078),(20,1079),(20,1080),(20,1081),(20,1082),(20,1083),(20,1084),(20,1085),(20,1086),(20,1087),(20,1088),(20,1089),(20,1090),(20,1091),(20,1092),(20,1093),(20,1094),(20,1095),(20,1096),(20,1097),(20,1098),(20,1099),(20,1100),(20,1101),(20,1102),(20,1103),(20,1104),(20,1105),(20,1106),(20,1107),(20,1108),(20,1109),(20,1110),(20,1111),(20,1112),(20,1113),(20,1114),(20,1115),(20,1116),(20,1117),(20,1118),(20,1119),(20,1120),(20,1121),(20,1122),(20,1123),(20,1124),(20,1125),(20,1126),(20,1127),(20,1128),(20,1129),(20,1130),(20,1131),(20,1132),(20,1133),(20,1134),(20,1135),(20,1136),(20,1137),(20,1138),(20,1139),(20,1140),(20,1141),(20,1142),(20,1143),(20,1144),(20,1145),(20,1146),(20,1147),(20,1148),(20,1149),(20,1150),(20,1151),(20,1152),(20,1153),(20,1154),(20,1155),(20,1156),(20,1157),(20,1158),(20,1159),(20,1160),(20,1161),(20,1162),(20,1163),(20,1164),(20,1165),(20,1166),(20,1167),(20,1168),(20,1169),(20,1170),(20,1171),(20,1172),(20,1173),(20,1174),(20,1175),(20,1176),(20,1177),(20,1178),(20,1179),(20,1180),(20,1181),(20,1182),(20,1183),(20,1184),(20,1185),(20,1186),(20,1187),(20,1188),(20,1189),(20,1190),(20,1191),(20,1192),(20,1193),(20,1194),(20,1195),(20,1196),(20,1197),(20,1198),(20,1199),(20,1200),(20,1201),(20,1202),(20,1203),(20,1204),(20,1205),(20,1206),(20,1207),(20,1208),(20,1209),(20,1210),(20,1211),(20,1212),(20,1213),(20,1214),(20,1215),(20,1216),(20,1217),(20,1218),(20,1219),(20,1220),(20,1221),(20,1222),(20,1223),(20,1224),(20,1225),(20,1226),(20,1227),(20,1228),(20,1229),(20,1230),(20,1231),(20,1232),(20,1233),(20,1234),(20,1235),(20,1236),(20,1237),(20,1238),(20,1239),(20,1240),(20,1241),(20,1242),(20,1243),(20,1244),(20,1245),(20,1246),(20,1247),(20,1248),(20,1249),(20,1250),(20,1251),(20,1252),(20,1253),(20,1254),(20,1255),(20,1256),(20,1257),(20,1258),(20,1259),(20,1260),(20,1261),(20,1262),(20,1263),(20,1264),(20,1265),(20,1266),(20,1267),(20,1268),(20,1269),(20,1270),(20,1271),(20,1272),(20,1273),(20,1274),(20,1275),(20,1276),(20,1277),(20,1278),(20,1279),(20,1280),(20,1281),(20,1282),(20,1283),(20,1284),(20,1285),(20,1286),(20,1287),(20,1288),(20,1289),(20,1290),(20,1291),(20,1292),(20,1293),(20,1294),(20,1295),(20,1296),(20,1297),(20,1298),(20,1299),(20,1300),(20,1301),(20,1302),(20,1303),(20,1304),(20,1305),(20,1306),(20,1307),(20,1308),(20,1309),(20,1310),(20,1311),(20,1312),(20,1313),(20,1314),(20,1315),(20,1316),(20,1317),(20,1318),(20,1319),(20,1320),(20,1321),(20,1322),(20,1323),(20,1324),(20,1325),(20,1326),(20,1327),(20,1328),(20,1329),(20,1330),(20,1331),(20,1332),(20,1333),(20,1334),(20,1335),(20,1336),(20,1337),(20,1338),(20,1339),(20,1340),(20,1341),(20,1342),(20,1343),(20,1344),(20,1345),(20,1346),(20,1347),(20,1348),(20,1349),(20,1350),(20,1351),(20,1352),(20,1353),(20,1354),(20,1355),(20,1356),(20,1357),(20,1358),(20,1359),(20,1360),(20,1361),(20,1362),(20,1363),(20,1364),(20,1365),(20,1366),(20,1367),(20,1368),(20,1369),(20,1370),(20,1371),(20,1372),(20,1373),(20,1374),(20,1375),(20,1376),(20,1377),(20,1378),(20,1379),(20,1380),(20,1381),(20,1382),(20,1383),(20,1384),(20,1385),(20,1386),(20,1387),(20,1388),(20,1389),(20,1390),(20,1391),(20,1392),(20,1393),(20,1394),(20,1395),(20,1396),(20,1397),(20,1398),(20,1399),(20,1400),(20,1401),(20,1402),(20,1403),(20,1404),(20,1405),(20,1406),(20,1407),(20,1408),(20,1409),(20,1410),(20,1411),(20,1412),(20,1413),(20,1414),(20,1415),(20,1416),(20,1417),(20,1418),(20,1419),(20,1420),(20,1421),(20,1422),(20,1423),(20,1424),(20,1425),(20,1426),(20,1427),(20,1428),(20,1429),(20,1430),(20,1431),(20,1432),(20,1433),(20,1434),(20,1435),(20,1436),(20,1437),(20,1438),(20,1439),(20,1440),(20,1441),(20,1442),(20,1443),(20,1444),(20,1445),(20,1446),(20,1447),(20,1448),(20,1449),(20,1450),(20,1451),(20,1452),(20,1453),(20,1454),(20,1455),(20,1456),(20,1457),(20,1458),(20,1459),(20,1460),(20,1461),(20,1462),(20,1463),(20,1464),(20,1465),(20,1466),(20,1467),(20,1468),(20,1469),(20,1470),(20,1471),(20,1472),(20,1473),(20,1474),(20,1475),(20,1476),(20,1477),(20,1478),(20,1479),(20,1480),(20,1481),(20,1482),(20,1483),(20,1484),(20,1485),(20,1486),(20,1487),(20,1488),(20,1489),(20,1490),(20,1491),(20,1492),(20,1493),(20,1494),(20,1495),(20,1496),(20,1497),(20,1498),(20,1499),(20,1500),(20,1501),(20,1502),(20,1503),(20,1504),(20,1505),(20,1506),(20,1507),(20,1508),(20,1509),(20,1510),(20,1511),(20,1512),(20,1513),(20,1514),(20,1515),(20,1516),(20,1517),(20,1518),(20,1519),(20,1520),(20,1521),(20,1522),(20,1523),(20,1524),(20,1525),(20,1526),(20,1527),(20,1528),(20,1529),(20,1530),(20,1531),(20,1532),(20,1533),(20,1534),(20,1535),(20,1536),(20,1537),(20,1538),(20,1539),(20,1540),(20,1541),(20,1542),(20,1543),(20,1544),(20,1545),(20,1546),(20,1547),(20,1548),(20,1549),(20,1550),(20,1551),(20,1552),(20,1553),(20,1554),(20,1555),(20,1556),(20,1557),(20,1558),(20,1559),(20,1560),(20,1561),(20,1562),(20,1563),(20,1564),(20,1565),(20,1566),(20,1567),(20,1568),(21,1569),(21,1570),(21,1571),(21,1572),(21,1573),(21,1574),(21,1575),(21,1576),(21,1577),(21,1578),(21,1579),(21,1580),(21,1581),(21,1582),(21,1583),(21,1584),(21,1585),(21,1586),(21,1587),(21,1588),(21,1589),(21,1590),(21,1591),(21,1592),(21,1593),(21,1594),(21,1595),(21,1596),(21,1597),(21,1598),(21,1599),(21,1600),(21,1601),(21,1602),(21,1603),(21,1604),(21,1605),(21,1606),(21,1607),(21,1608),(21,1609),(21,1610),(21,1611),(21,1612),(21,1613),(21,1614),(21,1615),(21,1616),(21,1617),(21,1618),(21,1619),(21,1620),(21,1621),(21,1622),(21,1623),(21,1624),(21,1625),(21,1626),(21,1627),(21,1628),(21,1629),(21,1630),(21,1631),(21,1632),(21,1633),(21,1634),(21,1635),(21,1636),(21,1637),(21,1638),(21,1639),(21,1640),(21,1641),(21,1642),(21,1643),(21,1644),(21,1645),(21,1646),(21,1647),(21,1648),(21,1649),(21,1650),(21,1651),(21,1652),(21,1653),(21,1654),(21,1655),(21,1656),(21,1657),(21,1658),(21,1659),(21,1660),(21,1661),(21,1662),(21,1663),(21,1664),(21,1665),(21,1666),(21,1667),(21,1668),(21,1669),(21,1670),(21,1671),(21,1672),(21,1673),(21,1674),(21,1675),(21,1676),(21,1677),(21,1678),(21,1679),(21,1680),(21,1681),(21,1682),(21,1683),(21,1684),(21,1685),(21,1686),(21,1687),(21,1688),(21,1689),(21,1690),(21,1691),(21,1692),(21,1693),(21,1694),(21,1695),(21,1696),(21,1697),(21,1698),(21,1699),(21,1700),(21,1701),(21,1702),(21,1703),(21,1704),(21,1705),(21,1706),(21,1707),(21,1708),(21,1709),(21,1710),(21,1711),(21,1712),(21,1713),(21,1714),(21,1715),(21,1716),(21,1717),(21,1718),(21,1719),(21,1720),(21,1721),(21,1722),(21,1723),(21,1724),(21,1725),(21,1726),(21,1727),(21,1728),(21,1729),(21,1730),(21,1731),(21,1732),(21,1733),(21,1734),(21,1735),(21,1736),(21,1737),(21,1738),(21,1739),(21,1740),(21,1741),(21,1742),(21,1743),(21,1744),(21,1745),(21,1746),(21,1747),(21,1748),(21,1749),(21,1750),(21,1751),(21,1752),(21,1753),(21,1754),(21,1755),(21,1756),(21,1757),(21,1758),(21,1759),(21,1760),(21,1761),(21,1762),(21,1763),(21,1764),(21,1765),(21,1766),(21,1767),(21,1768),(21,1769),(21,1770),(21,1771),(21,1772),(21,1773),(21,1774),(21,1775),(21,1776),(21,1777),(21,1778),(21,1779),(21,1780),(21,1781),(21,1782),(21,1783),(21,1784),(21,1785),(22,1786),(22,1787),(22,1788),(22,1789),(22,1790),(22,1791),(22,1792),(22,1793),(22,1794),(22,1795),(22,1796),(22,1797),(22,1798),(22,1799),(22,1800),(22,1801),(22,1802),(22,1803),(23,1804),(23,1805),(23,1806),(23,1807),(23,1808),(23,1809),(23,1810),(23,1811),(23,1812),(23,1813),(24,1814),(24,1815),(24,1816),(24,1817),(24,1818),(24,1819),(24,1820),(24,1821),(24,1822),(24,1823),(24,1824),(24,1825),(24,1826),(24,1827),(24,1828),(24,1829),(24,1830),(24,1831),(24,1832),(24,1833),(24,1834),(24,1835),(24,1836),(24,1837),(24,1838),(24,1839),(24,1840),(24,1841),(24,1842),(24,1843),(24,1844),(24,1845),(24,1846),(24,1847),(24,1848),(24,1849),(24,1850),(24,1851),(24,1852),(24,1853),(24,1854),(24,1855),(24,1856),(24,1857),(24,1858),(24,1859),(24,1860),(24,1861),(24,1862),(24,1863),(24,1864),(24,1865),(24,1866),(24,1867),(24,1868),(24,1869),(24,1870),(24,1871),(25,1872),(25,1873),(25,1874),(25,1875),(25,1876),(25,1877),(25,1878),(25,1879),(25,1880),(25,1881),(25,1882),(25,1883),(25,1884),(25,1885),(25,1886),(25,1887),(25,1888),(25,1889),(26,1890),(26,1891),(26,1892),(26,1893),(26,1894),(26,1895),(26,1896),(26,1897),(26,1898),(26,1899),(26,1900),(26,1901),(26,1902),(26,1903),(26,1904),(26,1905),(26,1906),(26,1907),(26,1908),(26,1909),(26,1910),(26,1911),(26,1912),(26,1913),(26,1914),(26,1915),(26,1916),(26,1917),(26,1918),(26,1919),(26,1920),(26,1921),(26,1922),(26,1923),(26,1924),(26,1925),(26,1926),(26,1927),(26,1928),(26,1929),(26,1930),(26,1931),(26,1932),(26,1933),(26,1934),(26,1935),(26,1936),(26,1937),(26,1938),(26,1939),(26,1940),(26,1941),(26,1942),(26,1943),(26,1944),(26,1945),(26,1946),(26,1947),(26,1948),(26,1949),(26,1950),(26,1951),(26,1952),(26,1953),(26,1954),(26,1955),(26,1956),(26,1957),(26,1958),(26,1959),(26,1960),(26,1961),(27,1962),(27,1963),(27,1964),(27,1965),(27,1966),(27,1967),(27,1968),(27,1969),(27,1970),(27,1971),(27,1972),(27,1973),(27,1974),(27,1975),(27,1976),(27,1977),(27,1978),(28,1979),(28,1980),(28,1981),(28,1982),(28,1983),(28,1984),(28,1985),(28,1986),(28,1987),(28,1988),(28,1989),(28,1990),(28,1991),(28,1992),(28,1993),(28,1994),(28,1995),(28,1996),(28,1997),(28,1998),(28,1999),(28,2000),(28,2001),(28,2002),(28,2003),(28,2004),(28,2005),(28,2006),(28,2007),(28,2008),(28,2009),(28,2010),(28,2011),(28,2012),(28,2013),(28,2014),(28,2015),(28,2016),(28,2017),(28,2018),(28,2019),(28,2020),(28,2021),(29,2022),(29,2023),(29,2024),(29,2025),(29,2026),(29,2027),(29,2028),(29,2029),(29,2030),(29,2031),(29,2032),(29,2033),(29,2034),(29,2035),(29,2036),(29,2037),(29,2038),(29,2039),(29,2040),(29,2041),(29,2042),(29,2043),(29,2044),(29,2045),(29,2046),(29,2047),(29,2048),(29,2049),(29,2050),(29,2051),(29,2052),(29,2053),(29,2054),(29,2055),(29,2056),(29,2057),(29,2058),(29,2059),(29,2060),(29,2061),(29,2062),(29,2063),(29,2064),(29,2065),(29,2066),(29,2067),(29,2068),(29,2069),(29,2070),(29,2071),(29,2072),(29,2073),(29,2074),(29,2075),(29,2076),(29,2077),(29,2078),(29,2079),(29,2080),(29,2081),(30,2082),(30,2083),(30,2084),(30,2085),(30,2086),(30,2087),(30,2088),(30,2089),(30,2090),(30,2091),(30,2092),(30,2093),(30,2094),(30,2095),(30,2096),(30,2097),(30,2098),(30,2099),(30,2100),(30,2101),(30,2102),(30,2103),(30,2104),(30,2105),(30,2106),(30,2107),(30,2108),(30,2109),(30,2110),(30,2111),(30,2112),(30,2113),(30,2114),(30,2115),(30,2116),(30,2117),(30,2118),(30,2119),(30,2120),(30,2121),(30,2122),(30,2123),(30,2124),(30,2125),(30,2126),(30,2127),(30,2128),(30,2129),(30,2130),(30,2131),(30,2132),(30,2133),(30,2134),(30,2135),(30,2136),(30,2137),(30,2138),(30,2139),(30,2140),(30,2141),(30,2142),(30,2143),(30,2144),(30,2145),(30,2146),(30,2147),(30,2148),(30,2149),(30,2150),(30,2151),(30,2152),(30,2153),(30,2154),(30,2155),(30,2156),(30,2157),(30,2158),(30,2159),(30,2160),(30,2161),(30,2162),(30,2163),(30,2164),(30,2165),(30,2166),(30,2167),(30,2168),(30,2169),(30,2170),(30,2171),(30,2172),(30,2173),(30,2174),(30,2175),(30,2176),(30,2177),(30,2178),(30,2179),(30,2180),(30,2181),(30,2182),(30,2183),(30,2184),(30,2185),(30,2186),(30,2187),(30,2188),(30,2189),(30,2190),(30,2191),(30,2192),(30,2193),(30,2194),(30,2195),(30,2196),(30,2197),(30,2198),(30,2199),(30,2200),(30,2201),(30,2202),(30,2203),(30,2204),(30,2205),(30,2206),(30,2207),(30,2208),(30,2209),(30,2210),(30,2211),(30,2212),(30,2213),(30,2214),(30,2215),(30,2216),(30,2217),(30,2218),(30,2219),(30,2220),(30,2221),(30,2222),(30,2223),(30,2224),(30,2225),(30,2226),(30,2227),(30,2228),(30,2229),(30,2230),(30,2231),(30,2232),(30,2233),(30,2234),(30,2235),(30,2236),(30,2237),(30,2238),(30,2239),(30,2240),(30,2241),(30,2242),(30,2243),(30,2244),(30,2245),(30,2246),(30,2247),(30,2248),(30,2249),(30,2250),(30,2251),(30,2252),(30,2253),(30,2254),(30,2255),(30,2256),(30,2257),(30,2258),(30,2259),(30,2260),(30,2261),(30,2262),(30,2263),(30,2264),(30,2265),(30,2266),(30,2267),(30,2268),(30,2269),(30,2270),(30,2271),(30,2272),(30,2273),(30,2274),(30,2275),(30,2276),(30,2277),(30,2278),(30,2279),(30,2280),(30,2281),(30,2282),(30,2283),(30,2284),(30,2285),(30,2286),(30,2287),(30,2288),(30,2289),(30,2290),(30,2291),(30,2292),(30,2293),(31,2294),(31,2295),(31,2296),(31,2297),(31,2298),(31,2299),(31,2300),(31,2301),(31,2302),(31,2303),(31,2304),(31,2305),(31,2306),(31,2307),(31,2308),(31,2309),(31,2310),(31,2311),(31,2312),(31,2313),(31,2314),(31,2315),(31,2316),(31,2317),(31,2318),(31,2319),(31,2320),(31,2321),(31,2322),(31,2323),(31,2324),(31,2325),(31,2326),(31,2327),(31,2328),(31,2329),(31,2330),(31,2331),(31,2332),(31,2333),(31,2334),(31,2335),(31,2336),(31,2337),(31,2338),(31,2339),(31,2340),(31,2341),(31,2342),(31,2343),(31,2344),(31,2345),(31,2346),(31,2347),(31,2348),(31,2349),(31,2350),(31,2351),(31,2352),(31,2353),(31,2354),(31,2355),(31,2356),(31,2357),(31,2358),(31,2359),(31,2360),(31,2361),(31,2362),(31,2363),(31,2364),(31,2365),(31,2366),(31,2367),(31,2368),(31,2369),(31,2370),(31,2371),(31,2372),(31,2373),(31,2374),(31,2375),(31,2376),(31,2377),(31,2378),(31,2379),(31,2380),(31,2381),(31,2382),(31,2383),(31,2384),(31,2385),(31,2386),(31,2387),(31,2388),(31,2389),(31,2390),(31,2391),(31,2392),(31,2393),(31,2394),(31,2395),(31,2396),(31,2397),(31,2398),(31,2399),(32,2400),(32,2401),(32,2402),(32,2403),(32,2404),(32,2405),(32,2406),(32,2407),(32,2408),(32,2409),(32,2410),(32,2411),(32,2412),(32,2413),(32,2414),(32,2415),(32,2416),(32,2417),(32,2418),(32,2419),(32,2420),(32,2421),(32,2422),(32,2423),(32,2424),(32,2425),(32,2426),(32,2427),(32,2428),(32,2429),(32,2430),(32,2431),(32,2432),(32,2433),(32,2434),(32,2435),(32,2436),(32,2437),(32,2438),(32,2439),(32,2440),(32,2441),(32,2442),(32,2443),(32,2444),(32,2445),(32,2446),(32,2447),(32,2448),(32,2449),(32,2450),(32,2451),(32,2452),(32,2453),(32,2454),(32,2455),(32,2456),(32,2457);
/*!40000 ALTER TABLE `estados_municipios` ENABLE KEYS */;
UNLOCK TABLES;

--
-- Table structure for table `flags`
--

DROP TABLE IF EXISTS `flags`;
/*!40101 SET @saved_cs_client     = @@character_set_client */;
/*!40101 SET character_set_client = utf8 */;
CREATE TABLE `flags` (
  `flag` int(3) NOT NULL DEFAULT 0,
  `descripcion` text DEFAULT NULL,
  PRIMARY KEY (`flag`)
) ENGINE=InnoDB DEFAULT CHARSET=utf16 COLLATE=utf16_spanish_ci;
/*!40101 SET character_set_client = @saved_cs_client */;

--
-- Dumping data for table `flags`
--

LOCK TABLES `flags` WRITE;
/*!40000 ALTER TABLE `flags` DISABLE KEYS */;
INSERT INTO `flags` VALUES (1,'Faltan coordenadas'),(2,'Falta identificar (sp)'),(3,'Falta edo, municipio, localidad o altitud'),(4,'Falta tipo de vegetación '),(5,'Falta precisión vertical u horizontal'),(6,'Falta fecha');
/*!40000 ALTER TABLE `flags` ENABLE KEYS */;
UNLOCK TABLES;

--
-- Table structure for table `flags_ejemplares`
--

DROP TABLE IF EXISTS `flags_ejemplares`;
/*!40101 SET @saved_cs_client     = @@character_set_client */;
/*!40101 SET character_set_client = utf8 */;
CREATE TABLE `flags_ejemplares` (
  `id_ejemplar` int(11) NOT NULL,
  `flag` int(3) NOT NULL,
  PRIMARY KEY (`id_ejemplar`,`flag`),
  KEY `13_flags_ejemplares_FK_1` (`flag`),
  CONSTRAINT `13_flags_ejemplares_FK` FOREIGN KEY (`id_ejemplar`) REFERENCES `ejemplares` (`id_ejemplar`) ON UPDATE CASCADE,
  CONSTRAINT `13_flags_ejemplares_FK_1` FOREIGN KEY (`flag`) REFERENCES `flags` (`flag`) ON UPDATE CASCADE
) ENGINE=InnoDB DEFAULT CHARSET=utf16 COLLATE=utf16_spanish_ci;
/*!40101 SET character_set_client = @saved_cs_client */;

--
-- Dumping data for table `flags_ejemplares`
--

LOCK TABLES `flags_ejemplares` WRITE;
/*!40000 ALTER TABLE `flags_ejemplares` DISABLE KEYS */;
INSERT INTO `flags_ejemplares` VALUES (1,5),(1,6),(2,5),(2,6),(3,5),(3,6),(4,5),(4,6),(5,5),(5,6),(6,5),(6,6),(7,5),(7,6),(8,5),(8,6),(9,5),(9,6),(10,5),(10,6),(11,5),(11,6),(12,4),(12,5),(12,6),(13,4),(13,5),(13,6),(14,5),(14,6),(15,5),(15,6),(16,5),(16,6),(17,5),(17,6),(18,4),(18,5),(18,6),(19,5),(19,6),(20,5),(20,6),(21,5),(21,6),(22,5),(22,6),(23,5),(23,6),(24,5),(24,6),(25,5),(25,6),(26,5),(26,6),(27,5),(27,6),(28,5),(28,6),(29,5),(29,6),(30,5),(30,6),(31,5),(31,6),(32,5),(32,6),(33,5),(33,6),(34,5),(34,6),(35,5),(35,6),(36,5),(36,6),(37,5),(37,6),(38,5),(38,6),(39,5),(39,6),(40,5),(40,6),(41,5),(41,6),(42,5),(42,6),(43,5),(43,6),(44,5),(44,6),(45,5),(45,6),(46,5),(46,6),(47,5),(47,6),(48,5),(48,6),(49,5),(49,6),(50,5),(50,6),(51,5),(51,6),(52,5),(52,6),(53,5),(53,6),(54,5),(54,6),(55,5),(55,6),(56,5),(56,6),(57,1),(57,3),(57,4),(57,5),(57,6),(58,1),(58,3),(58,4),(58,5),(58,6),(59,5),(59,6),(60,1),(60,3),(60,4),(60,5),(60,6),(61,4),(61,5),(61,6),(62,5),(62,6),(63,5),(63,6),(64,5),(64,6),(65,5),(65,6),(66,5),(66,6),(67,5),(67,6),(68,5),(68,6),(69,5),(69,6),(70,5),(70,6),(71,5),(71,6),(72,5),(72,6),(73,5),(73,6),(74,5),(74,6),(75,5),(75,6),(76,5),(76,6),(77,5),(77,6),(78,5),(78,6),(79,5),(79,6),(80,5),(80,6),(81,5),(81,6),(82,4),(82,5),(82,6),(83,4),(83,5),(83,6),(84,5),(84,6),(85,5),(85,6),(86,4),(86,5),(86,6),(87,4),(87,5),(87,6),(88,4),(88,5),(88,6),(89,4),(89,5),(89,6),(90,5),(90,6),(91,5),(91,6),(92,5),(92,6),(93,5),(93,6),(94,5),(94,6),(95,5),(95,6),(96,5),(96,6),(97,5),(97,6),(98,5),(98,6),(99,1),(99,3),(99,4),(99,5),(99,6),(100,1),(100,3),(100,4),(100,5),(100,6),(101,1),(101,3),(101,4),(101,5),(101,6),(102,5),(102,6),(103,5),(103,6),(104,5),(104,6),(105,5),(105,6),(106,5),(106,6),(107,1),(107,3),(107,4),(107,5),(107,6),(108,1),(108,3),(108,4),(108,5),(108,6),(109,1),(109,3),(109,4),(109,5),(109,6),(110,1),(110,3),(110,4),(110,5),(110,6),(111,5),(111,6),(112,5),(112,6),(113,5),(113,6),(114,1),(114,3),(114,4),(114,5),(114,6),(115,5),(115,6),(116,5),(116,6),(117,5),(117,6),(118,5),(118,6),(119,5),(119,6),(120,5),(120,6),(121,5),(121,6),(122,5),(122,6),(123,4),(123,5),(123,6),(124,4),(124,5),(124,6),(125,5),(125,6),(126,5),(126,6),(127,5),(127,6),(128,5),(128,6),(129,5),(129,6),(130,1),(130,3),(130,4),(130,5),(130,6),(131,1),(131,3),(131,4),(131,5),(131,6),(132,1),(132,3),(132,4),(132,5),(132,6),(133,5),(133,6),(134,5),(134,6),(135,5),(135,6),(136,5),(136,6),(137,5),(137,6),(138,5),(138,6),(139,5),(139,6),(140,5),(140,6),(141,4),(141,5),(141,6),(142,4),(142,5),(142,6),(143,4),(143,5),(143,6),(144,5),(144,6),(145,5),(145,6),(146,5),(146,6),(147,5),(147,6),(148,5),(148,6),(149,5),(149,6),(150,5),(150,6),(151,5),(151,6),(152,5),(152,6),(153,5),(153,6),(154,4),(154,5),(154,6),(155,4),(155,5),(155,6),(156,5),(156,6),(157,5),(157,6),(158,5),(158,6),(159,5),(159,6),(160,5),(160,6),(161,5),(161,6),(162,5),(162,6),(163,5),(163,6),(164,5),(164,6),(165,5),(165,6),(166,5),(166,6),(167,5),(167,6),(168,5),(168,6),(169,5),(169,6),(170,5),(170,6),(171,5),(171,6),(172,5),(172,6),(173,5),(173,6),(174,5),(174,6),(175,5),(175,6),(176,5),(176,6),(177,5),(177,6),(178,5),(178,6),(179,5),(179,6),(180,5),(180,6),(181,5),(181,6),(182,5),(182,6),(183,5),(183,6),(184,5),(184,6),(185,5),(185,6),(186,5),(186,6),(187,5),(187,6),(188,5),(188,6),(189,5),(189,6),(190,5),(190,6),(191,5),(191,6),(192,1),(192,3),(192,4),(192,5),(192,6),(193,1),(193,3),(193,4),(193,5),(193,6),(194,1),(194,3),(194,4),(194,5),(194,6),(195,1),(195,3),(195,4),(195,5),(195,6),(196,1),(196,3),(196,4),(196,5),(196,6),(197,1),(197,3),(197,4),(197,5),(197,6),(198,5),(198,6),(199,1),(199,3),(199,4),(199,5),(199,6),(200,1),(200,3),(200,4),(200,5),(200,6),(201,1),(201,3),(201,4),(201,5),(201,6),(202,1),(202,3),(202,4),(202,5),(202,6),(203,5),(203,6),(204,5),(204,6),(205,1),(205,3),(205,4),(205,5),(205,6),(206,1),(206,3),(206,4),(206,5),(206,6),(207,1),(207,3),(207,4),(207,5),(207,6),(208,1),(208,3),(208,4),(208,5),(208,6),(209,1),(209,3),(209,4),(209,5),(209,6),(210,5),(210,6),(211,5),(211,6),(212,5),(212,6),(213,5),(213,6),(214,5),(214,6),(215,5),(215,6),(216,5),(216,6),(217,5),(217,6),(218,5),(218,6),(219,5),(219,6),(220,5),(220,6),(221,5),(221,6),(222,5),(222,6),(223,1),(223,3),(223,4),(223,5),(223,6),(224,1),(224,3),(224,4),(224,5),(224,6),(225,5),(225,6),(226,5),(226,6),(227,5),(227,6),(228,5),(228,6),(229,5),(229,6),(230,5),(230,6),(231,1),(231,3),(231,4),(231,5),(231,6),(232,1),(232,3),(232,4),(232,5),(232,6),(233,5),(233,6),(234,5),(234,6),(235,5),(235,6),(236,5),(236,6),(237,5),(237,6),(238,5),(238,6),(239,1),(239,3),(239,4),(239,5),(239,6),(240,1),(240,3),(240,4),(240,5),(240,6),(241,5),(241,6),(242,5),(242,6),(243,5),(243,6),(244,5),(244,6),(245,5),(245,6),(246,5),(246,6),(247,5),(247,6),(248,5),(248,6),(249,5),(249,6),(250,5),(250,6),(251,5),(251,6),(252,5),(252,6),(253,5),(253,6),(254,4),(254,5),(254,6),(255,5),(255,6),(256,5),(256,6),(257,5),(257,6),(258,5),(258,6),(259,5),(259,6),(260,5),(260,6),(261,5),(261,6),(262,5),(262,6),(263,1),(263,3),(263,4),(263,5),(263,6),(264,1),(264,3),(264,4),(264,5),(264,6),(265,1),(265,3),(265,4),(265,5),(265,6),(266,5),(266,6),(267,5),(267,6),(268,5),(268,6),(269,4),(269,5),(269,6),(270,4),(270,5),(270,6),(271,5),(271,6),(272,5),(272,6),(273,5),(273,6),(274,5),(274,6),(275,5),(275,6),(276,5),(276,6),(277,1),(277,3),(277,4),(277,5),(277,6),(278,1),(278,3),(278,4),(278,5),(278,6),(279,1),(279,3),(279,4),(279,5),(279,6),(280,5),(280,6),(281,5),(281,6),(282,5),(282,6),(283,1),(283,3),(283,4),(283,5),(283,6),(284,1),(284,3),(284,4),(284,5),(284,6),(285,5),(285,6),(286,1),(286,3),(286,4),(286,5),(286,6),(287,1),(287,3),(287,4),(287,5),(287,6),(288,5),(288,6),(289,4),(289,5),(289,6),(290,4),(290,5),(290,6),(291,4),(291,5),(291,6),(292,1),(292,3),(292,4),(292,5),(292,6),(293,4),(293,5),(293,6),(294,4),(294,5),(294,6),(295,4),(295,5),(295,6),(296,4),(296,5),(296,6),(297,1),(297,3),(297,4),(297,5),(297,6),(298,1),(298,3),(298,4),(298,5),(298,6),(299,1),(299,3),(299,4),(299,5),(299,6),(300,1),(300,3),(300,4),(300,5),(300,6),(301,1),(301,3),(301,4),(301,5),(301,6),(302,1),(302,3),(302,4),(302,5),(302,6),(303,1),(303,3),(303,4),(303,5),(303,6),(304,4),(304,5),(304,6),(305,4),(305,5),(305,6),(306,4),(306,5),(306,6),(307,4),(307,5),(307,6),(308,4),(308,5),(308,6),(309,1),(309,3),(309,4),(309,5),(309,6),(310,1),(310,3),(310,4),(310,5),(310,6),(311,4),(311,5),(311,6),(312,4),(312,5),(312,6),(313,4),(313,5),(313,6),(314,4),(314,5),(314,6),(315,1),(315,3),(315,4),(315,5),(315,6),(316,1),(316,3),(316,4),(316,5),(316,6),(317,1),(317,3),(317,4),(317,5),(317,6),(318,1),(318,3),(318,4),(318,5),(318,6),(319,5),(319,6),(320,5),(320,6),(321,5),(321,6),(322,1),(322,3),(322,4),(322,5),(322,6),(323,1),(323,3),(323,4),(323,5),(323,6),(324,1),(324,3),(324,4),(324,5),(324,6),(325,1),(325,3),(325,4),(325,5),(325,6),(326,1),(326,3),(326,4),(326,5),(326,6),(327,5),(327,6),(328,5),(328,6),(329,5),(329,6),(330,5),(330,6),(331,5),(331,6),(332,5),(332,6),(333,5),(333,6),(334,4),(334,5),(334,6),(335,4),(335,5),(335,6),(336,4),(336,5),(336,6),(337,4),(337,5),(337,6),(338,4),(338,5),(338,6),(339,4),(339,5),(339,6),(340,5),(340,6),(341,5),(341,6),(342,5),(342,6),(343,5),(343,6),(344,5),(344,6),(345,4),(345,5),(345,6),(346,5),(346,6),(347,4),(347,5),(347,6),(348,4),(348,5),(348,6),(349,5),(349,6),(350,5),(350,6),(351,5),(351,6),(352,4),(352,5),(352,6),(353,4),(353,5),(353,6),(354,4),(354,5),(354,6),(355,4),(355,5),(355,6),(356,5),(356,6),(357,5),(357,6),(358,5),(358,6),(359,1),(359,3),(359,4),(359,5),(359,6),(360,4),(360,5),(360,6),(361,5),(361,6),(362,1),(362,3),(362,4),(362,5),(362,6),(363,5),(363,6),(364,1),(364,3),(364,4),(364,5),(364,6),(365,5),(365,6),(366,4),(366,5),(366,6),(367,4),(367,5),(367,6),(368,4),(368,5),(368,6),(369,4),(369,5),(369,6),(370,4),(370,5),(370,6),(371,4),(371,5),(371,6),(372,4),(372,5),(372,6),(373,4),(373,5),(373,6),(374,4),(374,5),(374,6),(375,4),(375,5),(375,6),(376,4),(376,5),(376,6),(377,4),(377,5),(377,6),(378,4),(378,5),(378,6),(379,4),(379,5),(379,6),(380,4),(380,5),(380,6),(381,4),(381,5),(381,6),(382,4),(382,5),(382,6),(383,4),(383,5),(383,6),(384,4),(384,5),(384,6),(385,4),(385,5),(385,6),(386,4),(386,5),(386,6),(387,4),(387,5),(387,6),(388,4),(388,5),(388,6),(389,4),(389,5),(389,6),(390,4),(390,5),(390,6),(391,4),(391,5),(391,6),(392,4),(392,5),(392,6),(393,4),(393,5),(393,6),(394,4),(394,5),(394,6),(395,4),(395,5),(395,6),(396,4),(396,5),(396,6),(397,4),(397,5),(397,6),(398,4),(398,5),(398,6),(399,4),(399,5),(399,6),(400,4),(400,5),(400,6),(401,4),(401,5),(401,6),(402,4),(402,5),(402,6),(403,4),(403,5),(403,6),(404,4),(404,5),(404,6),(405,4),(405,5),(405,6),(406,4),(406,5),(406,6),(407,4),(407,5),(407,6),(408,5),(408,6),(409,2),(409,4),(409,5),(410,2),(410,4),(410,5),(411,2),(411,4),(411,5),(412,2),(412,4),(412,5),(413,2),(413,4),(413,5),(414,2),(414,4),(414,5),(415,2),(415,4),(415,5),(416,2),(416,4),(416,5),(417,2),(417,4),(417,5),(418,2),(418,4),(418,5),(419,2),(419,4),(419,5),(420,2),(420,4),(420,5),(421,2),(421,4),(421,5),(422,2),(422,4),(422,5),(423,2),(423,4),(423,5),(424,2),(424,4),(424,5),(425,2),(425,4),(425,5),(426,2),(426,4),(426,5),(427,2),(427,4),(427,5),(428,2),(428,4),(428,5),(429,2),(429,4),(429,5),(430,2),(430,4),(430,5),(431,2),(431,4),(431,5),(432,2),(432,4),(432,5),(433,2),(433,4),(433,5),(434,2),(434,4),(434,5),(435,2),(435,4),(435,5),(436,2),(436,4),(436,5),(437,2),(437,4),(437,5),(438,2),(438,4),(438,5),(439,2),(439,4),(439,5),(440,2),(440,4),(440,5),(441,2),(441,4),(441,5),(442,2),(442,4),(442,5),(443,2),(443,4),(443,5),(444,2),(444,4),(444,5),(445,2),(445,4),(445,5),(446,2),(446,4),(446,5),(447,2),(447,4),(447,5),(448,2),(448,4),(448,5),(449,2),(449,4),(449,5),(450,2),(450,4),(450,5),(451,2),(451,4),(451,5),(452,2),(452,4),(452,5),(453,2),(453,4),(453,5),(454,2),(454,4),(454,5),(455,2),(455,4),(455,5),(456,2),(456,4),(456,5),(457,2),(457,4),(457,5),(458,2),(458,4),(458,5),(459,2),(459,4),(459,5),(460,2),(460,4),(460,5),(461,2),(461,4),(461,5),(462,2),(462,4),(462,5),(463,2),(463,4),(463,5),(464,2),(464,4),(464,5),(465,2),(465,4),(465,5),(466,2),(466,4),(466,5),(467,2),(467,4),(467,5),(468,2),(468,4),(468,5),(469,2),(469,4),(469,5),(470,2),(470,4),(470,5),(471,2),(471,4),(471,5),(472,2),(472,4),(472,5),(473,2),(473,4),(473,5),(474,2),(474,4),(474,5),(475,2),(475,4),(475,5),(476,2),(476,4),(476,5),(477,2),(477,4),(477,5),(478,2),(478,4),(478,5),(479,2),(479,4),(479,5),(480,2),(480,4),(480,5),(481,2),(481,4),(481,5),(482,2),(482,4),(482,5),(483,2),(483,4),(483,5),(484,2),(484,4),(484,5),(485,2),(485,4),(485,5),(486,2),(486,4),(486,5),(487,2),(487,4),(487,5),(488,2),(488,4),(488,5),(489,2),(489,4),(489,5),(490,2),(490,4),(490,5),(491,2),(491,4),(491,5),(492,2),(492,4),(492,5),(493,2),(493,4),(493,5),(494,2),(494,4),(494,5),(495,2),(495,4),(495,5),(496,2),(496,4),(496,5),(497,2),(497,4),(497,5),(498,2),(498,4),(498,5),(499,2),(499,4),(499,5),(500,2),(500,4),(500,5),(501,2),(501,4),(501,5),(502,2),(502,4),(502,5),(503,2),(503,4),(503,5),(504,2),(504,4),(504,5),(505,2),(505,4),(505,5),(506,2),(506,4),(506,5),(507,2),(507,4),(507,5),(508,2),(508,4),(508,5),(509,2),(509,4),(509,5),(510,2),(510,4),(510,5),(511,2),(511,4),(511,5),(512,2),(512,4),(512,5),(513,2),(513,4),(513,5),(514,2),(514,4),(514,5),(515,2),(515,4),(515,5),(516,2),(516,4),(516,5),(517,2),(517,4),(517,5),(518,2),(518,4),(518,5),(519,2),(519,4),(519,5),(520,2),(520,4),(520,5),(521,2),(521,4),(521,5),(522,2),(522,4),(522,5),(523,2),(523,4),(523,5),(524,2),(524,4),(524,5),(525,2),(525,4),(525,5),(526,2),(526,4),(526,5),(527,2),(527,4),(527,5),(528,2),(528,4),(528,5),(529,2),(529,4),(529,5),(530,2),(530,4),(530,5),(531,2),(531,4),(531,5),(532,2),(532,4),(532,5),(533,2),(533,4),(533,5),(534,2),(534,4),(534,5),(535,2),(535,4),(535,5),(536,2),(536,4),(536,5),(537,2),(537,4),(537,5),(538,2),(538,4),(538,5),(539,2),(539,4),(539,5),(540,2),(540,4),(540,5),(541,2),(541,4),(541,5),(542,2),(542,4),(542,5),(543,2),(543,4),(543,5),(544,2),(544,4),(544,5),(545,2),(545,4),(545,5),(546,2),(546,4),(546,5),(547,2),(547,4),(547,5),(548,2),(548,4),(548,5),(549,2),(549,4),(549,5),(550,2),(550,4),(550,5),(551,2),(551,4),(551,5),(552,2),(552,4),(552,5),(553,2),(553,4),(553,5),(554,2),(554,4),(554,5),(555,2),(555,4),(555,5),(556,2),(556,4),(556,5),(557,2),(557,4),(557,5),(558,2),(558,4),(558,5),(559,2),(559,4),(559,5),(560,2),(560,4),(560,5),(561,2),(561,4),(561,5),(562,2),(562,4),(562,5),(563,2),(563,4),(563,5),(564,2),(564,4),(564,5),(565,2),(565,4),(565,5),(566,2),(566,4),(566,5),(567,2),(567,4),(567,5),(568,2),(568,4),(568,5),(569,2),(569,4),(569,5),(570,2),(570,4),(570,5),(571,2),(571,4),(571,5),(572,2),(572,4),(572,5),(573,2),(573,4),(573,5),(574,2),(574,4),(574,5),(575,2),(575,4),(575,5),(576,2),(576,4),(576,5),(577,2),(577,4),(577,5),(578,2),(578,4),(578,5),(579,2),(579,4),(579,5),(580,2),(580,4),(580,5),(581,2),(581,4),(581,5),(582,2),(582,4),(582,5),(583,2),(583,4),(583,5),(584,2),(584,4),(584,5),(585,2),(585,4),(585,5),(586,2),(586,4),(586,5),(587,2),(587,4),(587,5),(588,2),(588,4),(588,5),(589,2),(589,4),(589,5),(590,2),(590,4),(590,5),(591,2),(591,4),(591,5),(592,2),(592,4),(592,5),(593,2),(593,4),(593,5),(594,2),(594,4),(594,5),(595,2),(595,4),(595,5),(596,2),(596,4),(596,5),(597,2),(597,4),(597,5),(598,2),(598,4),(598,5),(599,2),(599,4),(599,5),(600,2),(600,4),(600,5),(601,2),(601,4),(601,5),(602,2),(602,4),(602,5),(603,2),(603,4),(603,5),(604,2),(604,4),(604,5),(605,2),(605,4),(605,5),(606,2),(606,4),(606,5),(607,2),(607,4),(607,5),(608,2),(608,4),(608,5),(609,2),(609,4),(609,5),(610,2),(610,4),(610,5),(611,2),(611,4),(611,5),(612,2),(612,4),(612,5),(613,2),(613,4),(613,5),(614,2),(614,4),(614,5),(615,2),(615,4),(615,5),(616,2),(616,4),(616,5),(617,2),(617,4),(617,5),(618,2),(618,4),(618,5),(619,2),(619,4),(619,5),(620,2),(620,4),(620,5),(621,2),(621,4),(621,5),(622,2),(622,4),(622,5),(623,2),(623,4),(623,5),(624,2),(624,4),(624,5),(625,2),(625,4),(625,5),(626,2),(626,4),(626,5),(627,2),(627,4),(627,5),(628,2),(628,4),(628,5),(629,2),(629,4),(629,5),(630,2),(630,4),(630,5),(631,2),(631,4),(631,5),(632,2),(632,4),(632,5),(633,2),(633,4),(633,5),(634,2),(634,4),(634,5),(635,2),(635,4),(635,5),(636,2),(636,4),(636,5),(637,2),(637,4),(637,5),(638,2),(638,4),(638,5),(639,2),(639,4),(639,5),(640,2),(640,4),(640,5),(641,2),(641,4),(641,5),(642,2),(642,4),(642,5),(643,2),(643,4),(643,5),(644,2),(644,4),(644,5),(645,2),(645,4),(645,5),(646,2),(646,4),(646,5),(647,2),(647,4),(647,5),(648,2),(648,4),(648,5),(649,2),(649,4),(649,5),(650,2),(650,4),(650,5),(651,2),(651,4),(651,5),(652,2),(652,4),(652,5),(653,2),(653,4),(653,5),(654,2),(654,4),(654,5),(655,2),(655,4),(655,5),(656,2),(656,4),(656,5),(657,2),(657,4),(657,5),(658,2),(658,4),(658,5),(659,2),(659,4),(659,5),(660,2),(660,4),(660,5),(661,2),(661,4),(661,5),(662,2),(662,4),(662,5),(663,2),(663,4),(663,5),(663,6),(664,2),(664,4),(664,5),(664,6),(665,2),(665,4),(665,5),(665,6),(666,2),(666,4),(666,5),(667,2),(667,4),(667,5),(668,2),(668,4),(668,5),(669,2),(669,4),(669,5),(670,2),(670,4),(670,5),(671,2),(671,4),(671,5),(672,2),(672,4),(672,5),(673,2),(673,4),(673,5),(674,2),(674,4),(674,5),(675,2),(675,4),(675,5),(676,2),(676,4),(676,5),(677,2),(677,4),(677,5),(678,2),(678,4),(678,5),(679,2),(679,4),(679,5),(680,2),(680,4),(680,5),(681,2),(681,4),(681,5),(682,2),(682,4),(682,5),(683,2),(683,4),(683,5),(684,2),(684,4),(684,5),(685,2),(685,4),(685,5),(686,2),(686,4),(686,5),(687,2),(687,4),(687,5),(688,2),(688,4),(688,5),(689,2),(689,4),(689,5),(690,2),(690,4),(690,5),(690,6),(691,2),(691,4),(691,5),(691,6),(692,2),(692,4),(692,5),(692,6),(693,2),(693,4),(693,5),(693,6),(694,2),(694,4),(694,5),(694,6),(695,2),(695,4),(695,5),(695,6),(696,2),(696,4),(696,5),(697,2),(697,4),(697,5),(698,2),(698,4),(698,5),(699,2),(699,4),(699,5),(700,2),(700,4),(700,5),(701,2),(701,4),(701,5),(702,2),(702,4),(702,5),(703,2),(703,4),(703,5),(704,2),(704,4),(704,5),(705,2),(705,4),(705,5),(706,2),(706,4),(706,5),(707,2),(707,4),(707,5),(708,2),(708,4),(708,5),(709,2),(709,4),(709,5),(710,2),(710,4),(710,5),(711,2),(711,4),(711,5),(712,2),(712,4),(712,5),(713,2),(713,4),(713,5),(714,2),(714,4),(714,5),(715,2),(715,4),(715,5),(716,2),(716,4),(716,5),(717,2),(717,4),(717,5),(718,2),(718,4),(718,5),(719,2),(719,4),(719,5),(720,2),(720,4),(720,5),(721,2),(721,4),(721,5),(722,2),(722,4),(722,5),(723,2),(723,4),(723,5),(724,2),(724,4),(724,5),(725,2),(725,4),(725,5),(726,2),(726,4),(726,5),(727,2),(727,4),(727,5),(728,2),(728,4),(728,5),(729,2),(729,4),(729,5),(730,2),(730,4),(730,5),(731,2),(731,4),(731,5),(732,2),(732,4),(732,5),(733,2),(733,4),(733,5),(734,2),(734,4),(734,5),(735,2),(735,4),(735,5),(736,2),(736,4),(736,5),(737,2),(737,4),(737,5),(738,2),(738,4),(738,5),(739,2),(739,4),(739,5),(740,2),(740,4),(740,5),(741,2),(741,4),(741,5),(742,2),(742,4),(742,5),(743,2),(743,4),(743,5),(744,2),(744,4),(744,5),(745,2),(745,4),(745,5),(746,2),(746,4),(746,5),(747,2),(747,4),(747,5),(748,2),(748,4),(748,5),(749,2),(749,4),(749,5),(750,2),(750,4),(750,5),(751,2),(751,4),(751,5),(752,2),(752,4),(752,5),(753,2),(753,4),(753,5),(754,2),(754,4),(754,5),(755,2),(755,4),(755,5),(756,2),(756,4),(756,5),(757,2),(757,4),(757,5),(758,2),(758,4),(758,5),(759,2),(759,4),(759,5),(760,2),(760,4),(760,5),(761,2),(761,4),(761,5),(762,2),(762,4),(762,5),(763,2),(763,4),(763,5),(764,2),(764,4),(764,5),(765,2),(765,4),(765,5),(766,2),(766,4),(766,5),(767,2),(767,4),(767,5),(768,2),(768,4),(768,5),(769,2),(769,4),(769,5),(770,2),(770,4),(770,5),(771,2),(771,4),(771,5),(772,2),(772,4),(772,5),(773,2),(773,4),(773,5),(774,2),(774,4),(774,5),(775,2),(775,4),(775,5),(776,2),(776,4),(776,5),(777,2),(777,4),(777,5),(778,2),(778,4),(778,5),(779,2),(779,4),(779,5),(780,2),(780,4),(780,5),(781,2),(781,4),(781,5),(782,2),(782,4),(782,5),(783,2),(783,4),(783,5),(784,2),(784,4),(784,5),(785,2),(785,4),(785,5),(786,2),(786,4),(786,5),(787,2),(787,4),(787,5),(788,2),(788,4),(788,5),(789,2),(789,4),(789,5),(790,2),(790,4),(790,5),(791,2),(791,4),(791,5),(792,2),(792,4),(792,5),(793,2),(793,4),(793,5),(794,2),(794,4),(794,5),(795,2),(795,4),(795,5),(796,2),(796,4),(796,5),(797,2),(797,4),(797,5),(798,2),(798,4),(798,5),(799,2),(799,4),(799,5),(800,2),(800,4),(800,5),(801,2),(801,4),(801,5),(802,2),(802,4),(802,5),(803,2),(803,4),(803,5),(804,2),(804,4),(804,5),(805,2),(805,4),(805,5),(806,2),(806,4),(806,5),(807,2),(807,4),(807,5),(808,2),(808,4),(808,5),(809,2),(809,4),(809,5),(810,2),(810,4),(810,5),(811,2),(811,4),(811,5),(812,2),(812,4),(812,5),(813,2),(813,4),(813,5),(814,2),(814,4),(814,5),(815,2),(815,4),(815,5),(816,2),(816,4),(816,5),(817,2),(817,4),(817,5),(818,2),(818,4),(818,5),(819,2),(819,4),(819,5),(820,2),(820,4),(820,5),(821,2),(821,4),(821,5),(822,2),(822,4),(822,5),(823,2),(823,4),(823,5),(824,2),(824,4),(824,5),(825,2),(825,4),(825,5),(826,2),(826,4),(826,5),(827,2),(827,4),(827,5),(828,2),(828,4),(828,5),(829,2),(829,4),(829,5),(830,2),(830,4),(830,5),(831,2),(831,4),(831,5),(832,2),(832,4),(832,5),(833,2),(833,4),(833,5),(834,2),(834,4),(834,5),(835,2),(835,4),(835,5),(836,2),(836,4),(836,5),(837,2),(837,4),(837,5),(838,2),(838,4),(838,5),(839,2),(839,4),(839,5),(840,2),(840,4),(840,5),(841,2),(841,4),(841,5),(842,2),(842,4),(842,5),(843,2),(843,4),(843,5),(844,2),(844,4),(844,5),(845,2),(845,4),(845,5),(846,2),(846,4),(846,5),(847,2),(847,4),(847,5),(848,2),(848,4),(848,5),(849,2),(849,4),(849,5),(850,2),(850,4),(850,5),(851,2),(851,4),(851,5),(852,2),(852,4),(852,5),(853,2),(853,4),(853,5),(854,2),(854,4),(854,5),(855,2),(855,4),(855,5),(856,2),(856,4),(856,5),(857,2),(857,4),(857,5),(858,2),(858,4),(858,5),(859,2),(859,4),(859,5),(860,2),(860,4),(860,5),(861,2),(861,4),(861,5),(862,2),(862,4),(862,5),(863,2),(863,4),(863,5),(864,2),(864,4),(864,5),(865,2),(865,4),(865,5),(866,2),(866,4),(866,5),(867,2),(867,4),(867,5),(868,2),(868,4),(868,5),(869,2),(869,4),(869,5),(870,2),(870,4),(870,5),(871,2),(871,4),(871,5),(872,2),(872,4),(872,5),(873,2),(873,4),(873,5),(874,2),(874,4),(874,5),(875,2),(875,4),(875,5),(876,2),(876,4),(876,5),(877,2),(877,4),(877,5),(878,2),(878,4),(878,5),(879,2),(879,4),(879,5),(880,2),(880,4),(880,5),(881,2),(881,4),(881,5),(882,2),(882,4),(882,5),(883,2),(883,4),(883,5),(884,2),(884,5),(884,6),(885,2),(885,5),(885,6),(886,2),(886,5),(886,6),(887,2),(887,5),(888,2),(888,4),(888,5),(889,2),(889,5),(890,2),(890,5),(891,2),(891,5),(892,2),(892,4),(892,5),(893,2),(893,4),(893,5),(894,2),(894,4),(894,5),(895,2),(895,4),(895,5),(896,2),(896,4),(896,5),(897,2),(897,4),(897,5),(898,2),(898,4),(898,5),(899,2),(899,4),(899,5),(900,2),(900,4),(900,5),(901,2),(901,4),(901,5),(902,2),(902,4),(902,5),(903,2),(903,4),(903,5),(904,2),(904,4),(904,5),(905,2),(905,4),(905,5),(906,2),(906,5),(907,2),(907,5),(908,2),(908,5),(909,2),(909,4),(909,5),(910,2),(910,5),(911,2),(911,5),(912,2),(912,4),(912,5),(913,2),(913,4),(913,5),(914,2),(914,5),(915,2),(915,5),(916,2),(916,5),(917,2),(917,5),(918,2),(918,5),(919,2),(919,5),(920,2),(920,5),(921,2),(921,5),(922,2),(922,5),(923,2),(923,4),(923,5),(924,2),(924,5),(925,2),(925,5),(926,2),(926,5),(927,2),(927,5),(928,2),(928,5),(929,2),(929,5),(930,2),(930,4),(930,5),(931,2),(931,5),(932,2),(932,5),(933,2),(933,5),(934,2),(934,4),(934,5),(935,2),(935,5),(936,2),(936,5),(937,2),(937,4),(937,5),(938,2),(938,4),(938,5),(939,2),(939,4),(939,5),(940,2),(940,4),(940,5),(941,2),(941,4),(941,5),(942,2),(942,4),(942,5),(943,2),(943,4),(943,5),(944,2),(944,4),(944,5),(945,2),(945,4),(945,5),(946,2),(946,4),(946,5),(947,2),(947,4),(947,5),(948,2),(948,4),(948,5),(949,2),(949,4),(949,5),(950,2),(950,4),(950,5),(951,2),(951,4),(951,5),(952,2),(952,4),(952,5),(953,2),(953,4),(953,5),(954,2),(954,4),(954,5),(955,2),(955,4),(955,5),(956,2),(956,4),(956,5),(957,2),(957,4),(957,5),(958,2),(958,4),(958,5),(959,2),(959,4),(959,5),(960,2),(960,4),(960,5),(961,2),(961,4),(961,5),(962,2),(962,4),(962,5),(963,2),(963,4),(963,5),(964,2),(964,4),(964,5),(965,2),(965,4),(965,5),(966,2),(966,4),(966,5),(966,6),(967,2),(967,4),(967,5),(967,6),(968,2),(968,4),(968,5),(968,6),(969,2),(969,4),(969,5),(970,2),(970,4),(970,5),(971,2),(971,4),(971,5),(972,2),(972,4),(972,5),(973,2),(973,4),(973,5),(974,2),(974,4),(974,5),(975,2),(975,4),(975,5),(976,2),(976,4),(976,5),(977,2),(977,4),(977,5),(978,2),(978,4),(978,5),(979,2),(979,4),(979,5),(980,2),(980,4),(980,5),(981,2),(981,4),(981,5),(982,2),(982,4),(982,5),(983,2),(983,4),(983,5),(984,2),(984,4),(984,5),(985,2),(985,4),(985,5),(986,2),(986,4),(986,5),(987,2),(987,4),(987,5),(988,2),(988,4),(988,5),(989,2),(989,4),(989,5),(990,2),(990,4),(990,5),(991,2),(991,4),(991,5),(992,2),(992,4),(992,5),(993,2),(993,4),(993,5),(994,2),(994,4),(994,5),(995,2),(995,4),(995,5),(996,2),(996,4),(996,5),(997,2),(997,4),(997,5),(998,2),(998,4),(998,5),(999,2),(999,4),(999,5),(1000,2),(1000,4),(1000,5),(1001,2),(1001,4),(1001,5),(1002,2),(1002,4),(1002,5),(1003,2),(1003,4),(1003,5),(1004,2),(1004,4),(1004,5),(1005,2),(1005,4),(1005,5),(1006,2),(1006,4),(1006,5),(1007,2),(1007,4),(1007,5),(1008,2),(1008,4),(1008,5),(1009,2),(1009,4),(1009,5),(1010,2),(1010,4),(1010,5),(1011,2),(1011,4),(1011,5),(1012,2),(1012,4),(1012,5),(1013,2),(1013,4),(1013,5),(1014,2),(1014,4),(1014,5),(1015,2),(1015,4),(1015,5),(1016,2),(1016,4),(1016,5),(1017,2),(1017,4),(1017,5),(1018,2),(1018,4),(1018,5),(1019,2),(1019,4),(1019,5),(1020,2),(1020,4),(1020,5),(1021,2),(1021,4),(1021,5),(1022,2),(1022,4),(1022,5),(1023,2),(1023,4),(1023,5),(1024,2),(1024,4),(1024,5),(1025,2),(1025,4),(1025,5),(1026,2),(1026,4),(1026,5),(1027,2),(1027,4),(1027,5),(1028,2),(1028,4),(1028,5),(1029,2),(1029,4),(1029,5),(1030,2),(1030,4),(1030,5),(1031,2),(1031,4),(1031,5),(1032,2),(1032,4),(1032,5),(1033,2),(1033,4),(1033,5),(1034,2),(1034,4),(1034,5),(1035,2),(1035,4),(1035,5),(1036,2),(1036,4),(1036,5),(1037,2),(1037,4),(1037,5),(1038,2),(1038,4),(1038,5),(1039,2),(1039,4),(1039,5),(1040,2),(1040,4),(1040,5),(1041,2),(1041,4),(1041,5),(1042,2),(1042,4),(1042,5),(1043,2),(1043,4),(1043,5),(1044,2),(1044,4),(1044,5),(1045,2),(1045,4),(1045,5),(1046,2),(1046,4),(1046,5),(1047,2),(1047,4),(1047,5),(1048,2),(1048,4),(1048,5),(1049,2),(1049,4),(1049,5),(1050,2),(1050,4),(1050,5),(1051,2),(1051,4),(1051,5),(1052,2),(1052,4),(1052,5),(1053,2),(1053,4),(1053,5),(1054,2),(1054,4),(1054,5),(1055,2),(1055,4),(1055,5),(1056,2),(1056,4),(1056,5),(1057,2),(1057,4),(1057,5),(1058,2),(1058,4),(1058,5),(1059,2),(1059,4),(1059,5),(1060,2),(1060,4),(1060,5),(1061,2),(1061,4),(1061,5),(1062,2),(1062,4),(1062,5),(1063,2),(1063,4),(1063,5),(1064,2),(1064,4),(1064,5),(1065,2),(1065,4),(1065,5),(1066,2),(1066,4),(1066,5),(1067,2),(1067,4),(1067,5),(1068,2),(1068,4),(1068,5),(1069,2),(1069,4),(1069,5),(1070,2),(1070,4),(1070,5),(1071,2),(1071,4),(1071,5),(1072,2),(1072,4),(1072,5),(1073,2),(1073,4),(1073,5),(1074,2),(1074,4),(1074,5),(1075,2),(1075,4),(1075,5),(1076,2),(1076,4),(1076,5),(1077,2),(1077,4),(1077,5),(1078,2),(1078,4),(1078,5),(1079,2),(1079,4),(1079,5),(1080,2),(1080,4),(1080,5),(1081,1),(1081,2),(1081,3),(1081,4),(1081,5),(1082,1),(1082,2),(1082,3),(1082,4),(1082,5),(1083,1),(1083,2),(1083,3),(1083,4),(1083,5),(1084,1),(1084,2),(1084,3),(1084,4),(1084,5),(1085,1),(1085,2),(1085,3),(1085,4),(1085,5),(1086,2),(1086,4),(1086,5),(1087,2),(1087,4),(1087,5),(1088,2),(1088,4),(1088,5),(1089,2),(1089,4),(1089,5),(1090,2),(1090,4),(1090,5),(1091,2),(1091,4),(1091,5),(1092,2),(1092,4),(1092,5),(1093,2),(1093,4),(1093,5),(1094,2),(1094,4),(1094,5),(1095,2),(1095,4),(1095,5),(1096,2),(1096,4),(1096,5),(1097,2),(1097,4),(1097,5),(1098,2),(1098,4),(1098,5),(1099,2),(1099,4),(1099,5),(1100,2),(1100,4),(1100,5),(1101,2),(1101,4),(1101,5),(1102,2),(1102,4),(1102,5),(1103,2),(1103,4),(1103,5),(1104,2),(1104,4),(1104,5),(1105,2),(1105,4),(1105,5),(1106,2),(1106,4),(1106,5),(1107,2),(1107,4),(1107,5),(1108,2),(1108,4),(1108,5),(1109,2),(1109,4),(1109,5),(1110,2),(1110,4),(1110,5),(1111,2),(1111,4),(1111,5),(1112,2),(1112,4),(1112,5),(1113,2),(1113,4),(1113,5),(1114,2),(1114,4),(1114,5),(1115,2),(1115,4),(1115,5),(1116,2),(1116,4),(1116,5),(1117,2),(1117,4),(1117,5),(1118,2),(1118,4),(1118,5),(1119,2),(1119,4),(1119,5),(1120,2),(1120,4),(1120,5),(1121,1),(1121,2),(1121,3),(1121,4),(1121,5),(1122,1),(1122,2),(1122,3),(1122,4),(1122,5),(1123,1),(1123,2),(1123,3),(1123,4),(1123,5),(1124,2),(1124,4),(1124,5),(1125,2),(1125,4),(1125,5),(1126,2),(1126,4),(1126,5),(1127,2),(1127,4),(1127,5),(1128,2),(1128,4),(1128,5),(1129,2),(1129,4),(1129,5),(1130,2),(1130,4),(1130,5),(1131,2),(1131,4),(1131,5),(1132,2),(1132,4),(1132,5),(1133,2),(1133,4),(1133,5),(1134,2),(1134,4),(1134,5),(1135,2),(1135,4),(1135,5),(1136,2),(1136,4),(1136,5),(1137,2),(1137,4),(1137,5),(1138,2),(1138,4),(1138,5),(1139,2),(1139,4),(1139,5),(1140,2),(1140,4),(1140,5),(1141,2),(1141,4),(1141,5),(1142,2),(1142,4),(1142,5),(1143,2),(1143,4),(1143,5),(1144,2),(1144,4),(1144,5),(1145,2),(1145,4),(1145,5),(1146,2),(1146,4),(1146,5),(1147,2),(1147,4),(1147,5),(1148,2),(1148,4),(1148,5),(1149,2),(1149,4),(1149,5),(1150,2),(1150,5),(1151,2),(1151,4),(1151,5),(1152,2),(1152,4),(1152,5),(1153,2),(1153,4),(1153,5),(1154,2),(1154,4),(1154,5),(1155,2),(1155,4),(1155,5),(1156,2),(1156,4),(1156,5),(1157,2),(1157,4),(1157,5),(1158,2),(1158,4),(1158,5),(1159,2),(1159,4),(1159,5),(1160,2),(1160,4),(1160,5),(1161,2),(1161,4),(1161,5),(1162,2),(1162,4),(1162,5);
/*!40000 ALTER TABLE `flags_ejemplares` ENABLE KEYS */;
UNLOCK TABLES;

--
-- Table structure for table `fotos_ejemplares`
--

DROP TABLE IF EXISTS `fotos_ejemplares`;
/*!40101 SET @saved_cs_client     = @@character_set_client */;
/*!40101 SET character_set_client = utf8 */;
CREATE TABLE `fotos_ejemplares` (
  `id_ejemplar` int(11) NOT NULL DEFAULT 0,
  `posicion` varchar(1) NOT NULL,
  `id_foto` varchar(11) DEFAULT NULL,
  PRIMARY KEY (`id_ejemplar`,`posicion`),
  CONSTRAINT `04_fotos_ejemplares_FK` FOREIGN KEY (`id_ejemplar`) REFERENCES `ejemplares` (`id_ejemplar`) ON UPDATE CASCADE
) ENGINE=InnoDB DEFAULT CHARSET=utf16 COLLATE=utf16_spanish_ci;
/*!40101 SET character_set_client = @saved_cs_client */;

--
-- Dumping data for table `fotos_ejemplares`
--

LOCK TABLES `fotos_ejemplares` WRITE;
/*!40000 ALTER TABLE `fotos_ejemplares` DISABLE KEYS */;
INSERT INTO `fotos_ejemplares` VALUES (56,'1','BN56'),(56,'2','BN56'),(58,'1','BN58'),(58,'2','BN58'),(59,'1','BN59'),(59,'2','BN59'),(60,'1','BN60'),(61,'1','BN61'),(61,'2','BN61'),(63,'1','BN63'),(63,'2','BN63'),(64,'1','BN64'),(74,'1','BN74'),(74,'2','BN74'),(81,'1','BN81'),(86,'1','BN86'),(86,'2','BN86'),(89,'1','BN89'),(89,'2','BN89'),(91,'1','BN91'),(91,'2','BN91'),(93,'1','BN93'),(93,'2','BN93'),(96,'1','BN96'),(96,'2','BN96'),(97,'1','BN97'),(97,'2','BN97'),(98,'1','BN98'),(98,'2','BN98'),(100,'1','BN100'),(102,'1','BN102'),(102,'2','BN102'),(105,'2','BN105'),(107,'1','BN107'),(107,'2','BN107'),(109,'1','BN109'),(109,'2','BN109'),(110,'1','BN110'),(110,'2','BN110'),(112,'1','BN112'),(112,'2','BN112'),(115,'1','BN115'),(115,'2','BN115'),(119,'2','BN119'),(120,'1','BN120'),(121,'1','BN121'),(121,'2','BN121'),(124,'1','BN124'),(124,'2','BN124'),(125,'1','BN125'),(127,'1','BN127'),(127,'2','BN127'),(129,'1','BN129'),(129,'2','BN129'),(130,'1','BN130'),(130,'2','BN130'),(135,'1','BN135'),(135,'2','BN135'),(136,'1','BN136'),(138,'1','BN138'),(138,'2','BN138'),(139,'1','BN139'),(139,'2','BN139'),(140,'1','BN140'),(140,'2','BN140'),(141,'1','BN141'),(141,'2','BN141'),(144,'1','BN144'),(144,'2','BN144'),(148,'1','BN148'),(148,'2','BN148'),(150,'1','BN150'),(150,'2','BN150'),(153,'1','BN153'),(153,'2','BN153'),(156,'1','BN156'),(157,'1','BN157'),(157,'2','BN157'),(158,'1','BN158'),(158,'2','BN158'),(159,'1','BN159'),(159,'2','BN159'),(159,'3','BN159'),(161,'1','BN161'),(161,'2','BN161'),(162,'1','BN162'),(162,'2','BN162'),(162,'3','BN162'),(164,'1','BN164'),(164,'2','BN164'),(171,'1','BN171'),(171,'2','BN171'),(173,'1','BN173'),(173,'2','BN173'),(174,'1','BN174'),(174,'2','BN174'),(178,'1','BN178'),(178,'2','BN178'),(180,'1','BN180'),(186,'1','BN186'),(186,'2','BN186'),(190,'1','BN190'),(190,'2','BN190'),(198,'1','BN198'),(198,'2','BN198'),(202,'1','BN202'),(202,'2','BN202'),(204,'1','BN204'),(204,'2','BN204'),(206,'1','BN206'),(206,'2','BN206'),(209,'1','BN209'),(209,'2','BN209'),(210,'1','BN210'),(210,'2','BN210'),(211,'1','BN211'),(211,'2','BN211'),(214,'1','BN214'),(214,'2','BN214'),(215,'1','BN215'),(215,'2','BN215'),(216,'1','BN216'),(216,'2','BN216'),(217,'1','BN217'),(217,'2','BN217'),(219,'1','BN219'),(219,'2','BN219'),(227,'1','BN227'),(227,'2','BN227'),(229,'1','BN229'),(229,'2','BN229'),(233,'1','BN233'),(233,'2','BN233'),(234,'1','BN234'),(234,'2','BN234'),(236,'1','BN236'),(236,'2','BN236'),(237,'1','BN237'),(237,'2','BN237'),(240,'1','BN240'),(240,'2','BN240'),(243,'1','BN243'),(247,'2','BN247'),(248,'1','BN248'),(248,'2','BN248'),(249,'1','BN249'),(249,'2','BN249'),(250,'1','BN250'),(250,'2','BN250'),(251,'1','BN251'),(251,'2','BN251'),(252,'1','BN252'),(252,'2','BN252'),(253,'1','BN253'),(253,'2','BN253'),(254,'1','BN254'),(254,'2','BN254'),(255,'1','BN255'),(255,'2','BN255'),(256,'1','BN256'),(256,'2','BN256'),(259,'1','BN259'),(259,'2','BN259'),(260,'1','BN260'),(260,'2','BN260'),(261,'2','BN261'),(262,'1','BN262'),(262,'2','BN262'),(263,'1','BN263'),(267,'1','BN267'),(267,'2','BN267'),(268,'1','BN268'),(269,'1','BN269'),(269,'2','BN269'),(270,'1','BN270'),(270,'2','BN270'),(271,'1','BN271'),(273,'1','BN273'),(275,'1','BN275'),(277,'1','BN277'),(277,'2','BN277'),(278,'1','BN278'),(278,'2','BN278'),(280,'1','BN280'),(280,'2','BN280'),(283,'1','BN283'),(283,'2','BN283'),(284,'1','BN284'),(284,'2','BN284'),(285,'1','BN285'),(285,'2','BN285'),(286,'1','BN286'),(286,'2','BN286'),(288,'1','BN288'),(288,'2','BN288'),(289,'1','BN289'),(289,'2','BN289'),(290,'1','BN290'),(290,'2','BN290'),(291,'1','BN291'),(291,'2','BN291'),(292,'1','BN292'),(292,'2','BN292'),(293,'1','BN293'),(293,'2','BN293'),(294,'1','BN294'),(294,'2','BN294'),(294,'3','BN294'),(295,'1','BN295'),(295,'2','BN295'),(296,'1','BN296'),(296,'2','BN296'),(298,'1','BN298'),(298,'2','BN298'),(299,'1','BN299'),(299,'2','BN299'),(300,'1','BN300'),(300,'2','BN300'),(301,'1','BN301'),(301,'2','BN301'),(302,'1','BN302'),(302,'2','BN302'),(303,'1','BN303'),(303,'2','BN303'),(304,'1','BN304'),(304,'2','BN304'),(306,'1','BN306'),(306,'2','BN306'),(307,'1','BN307'),(307,'2','BN307'),(308,'1','BN308'),(308,'2','BN308'),(309,'1','BN309'),(309,'2','BN309'),(311,'1','BN311'),(311,'2','BN311'),(312,'1','BN312'),(312,'2','BN312'),(313,'1','BN313'),(313,'2','BN313'),(313,'3','BN313'),(314,'1','BN314'),(314,'2','BN314'),(316,'1','BN316'),(316,'2','BN316'),(317,'1','BN317'),(317,'2','BN317'),(318,'1','BN318'),(318,'2','BN318'),(320,'1','BN320'),(320,'2','BN320'),(321,'1','BN321'),(321,'2','BN321'),(327,'1','BN327'),(327,'2','BN327'),(331,'1','BN331'),(331,'2','BN331'),(332,'1','BN332'),(332,'2','BN332'),(333,'1','BN333'),(333,'2','BN333'),(334,'1','BN334'),(334,'2','BN334'),(335,'1','BN335'),(335,'2','BN335'),(336,'1','BN336'),(336,'2','BN336'),(337,'1','BN337'),(337,'2','BN337'),(339,'1','BN339'),(339,'2','BN339'),(340,'1','BN340'),(340,'2','BN340'),(341,'1','BN341'),(341,'2','BN341'),(343,'1','BN343'),(343,'2','BN343'),(346,'1','BN346'),(346,'2','BN346'),(347,'1','BN347'),(347,'2','BN347'),(348,'1','BN348'),(348,'2','BN348'),(350,'1','BN350'),(350,'2','BN350'),(352,'1','BN352'),(352,'2','BN352'),(352,'3','BN352'),(352,'4','BN352'),(356,'1','BN356'),(356,'2','BN356'),(357,'1','BN357'),(357,'2','BN357'),(359,'1','BN359'),(359,'2','BN359'),(360,'1','BN360'),(360,'2','BN360'),(361,'1','BN361'),(361,'2','BN361'),(362,'1','BN362'),(362,'2','BN362'),(365,'1','BN365'),(365,'2','BN365'),(366,'1','BN366'),(366,'2','BN366'),(367,'1','BN367'),(368,'1','BN368'),(368,'2','BN368'),(369,'1','BN369'),(369,'2','BN369'),(371,'1','BN371'),(371,'2','BN371'),(372,'1','BN372'),(372,'2','BN372'),(373,'1','BN373'),(373,'2','BN373'),(374,'1','BN374'),(376,'1','BN376'),(376,'2','BN376'),(378,'1','BN378'),(378,'2','BN378'),(379,'1','BN379'),(379,'2','BN379'),(382,'1','BN382'),(382,'2','BN382'),(383,'1','BN383'),(383,'2','BN383'),(384,'1','BN384'),(384,'2','BN384'),(385,'1','BN385'),(385,'2','BN385'),(386,'1','BN386'),(386,'2','BN386'),(387,'1','BN387'),(387,'2','BN387'),(388,'1','BN388'),(388,'2','BN388'),(390,'1','BN390'),(390,'2','BN390'),(392,'1','BN392'),(392,'2','BN392'),(393,'1','BN393'),(393,'2','BN393'),(394,'1','BN394'),(394,'2','BN394'),(395,'1','BN395'),(395,'2','BN395'),(396,'1','BN396'),(396,'2','BN396'),(397,'1','BN397'),(397,'2','BN397'),(398,'1','BN398'),(398,'2','BN398'),(399,'1','BN399'),(399,'2','BN399'),(400,'1','BN400'),(400,'2','BN400'),(401,'1','BN401'),(401,'2','BN401'),(402,'1','BN402'),(402,'2','BN402'),(403,'1','BN403'),(403,'2','BN403'),(404,'1','BN404'),(404,'2','BN404'),(405,'1','BN405'),(405,'2','BN405'),(406,'1','BN406'),(406,'2','BN406'),(407,'1','BN407'),(407,'2','BN407'),(408,'1','BN408'),(408,'2','BN408'),(409,'1','MXOAX133'),(409,'2','MXOAX133'),(410,'1','MXOAX134'),(410,'2','MXOAX134'),(411,'1','MXOAX118'),(411,'2','MXOAX118'),(412,'1','MXOAX119'),(412,'2','MXOAX119'),(413,'1','MXOAX120'),(413,'2','MXOAX120'),(414,'1','MXOAX128'),(414,'2','MXOAX128'),(415,'1','MXOAX127'),(415,'2','MXOAX127'),(416,'1','MXOAX129'),(416,'2','MXOAX129'),(417,'1','MXOAX072'),(417,'2','MXOAX072'),(418,'1','MXOAX073'),(418,'2','MXOAX073'),(419,'1','MXOAX152'),(419,'2','MXOAX152'),(420,'1','MXOAX076'),(420,'2','MXOAX076'),(421,'1','MXOAX074'),(421,'2','MXOAX074'),(422,'1','MXOAX075'),(422,'2','MXOAX075'),(423,'1','MXOAX077'),(423,'2','MXOAX077'),(424,'1','MXOAX078'),(424,'2','MXOAX078'),(425,'1','MXOAX079'),(425,'2','MXOAX079'),(426,'1','MXOAX082'),(426,'2','MXOAX082'),(427,'1','MXOAX081'),(427,'2','MXOAX081'),(428,'1','MXOAX080'),(428,'2','MXOAX080'),(429,'1','MXOAX151'),(429,'2','MXOAX151'),(430,'1','MXOAX150'),(430,'2','MXOAX150'),(431,'1','MXOAX149'),(431,'2','MXOAX149'),(432,'1','MXOAX138'),(432,'2','MXOAX138'),(433,'1','MXOAX139'),(433,'2','MXOAX139'),(434,'1','MXOAX140'),(434,'2','MXOAX140'),(435,'1','MXOAX126'),(435,'2','MXOAX126'),(436,'1','MXOAX125'),(436,'2','MXOAX125'),(437,'1','MXOAX124'),(437,'2','MXOAX124'),(438,'1','MXOAX083'),(438,'2','MXOAX083'),(439,'1','MXOAX084'),(439,'2','MXOAX084'),(440,'1','MXOAX085'),(440,'2','MXOAX085'),(441,'1','MXOAX089'),(441,'2','MXOAX089'),(442,'1','MXOAX090'),(442,'2','MXOAX090'),(443,'1','MXOAX141'),(443,'2','MXOAX141'),(444,'1','MXOAX142'),(444,'2','MXOAX142'),(445,'1','MXOAX132'),(445,'2','MXOAX132'),(446,'1','MXOAX131'),(446,'2','MXOAX131'),(447,'1','MXOAX130'),(447,'2','MXOAX130'),(448,'1','MXJAL033'),(448,'2','MXJAL033'),(449,'1','MXJAL034'),(449,'2','MXJAL034'),(450,'1','MXJAL035'),(450,'2','MXJAL035'),(451,'1','MXJAL026'),(451,'2','MXJAL026'),(452,'1','MXJAL025'),(452,'2','MXJAL025'),(453,'1','MXJAL248'),(453,'2','MXJAL248'),(454,'1','MXJAL249'),(454,'2','MXJAL249'),(455,'1','MXJAL037'),(455,'2','MXJAL037'),(456,'1','MXJAL038'),(456,'2','MXJAL038'),(457,'1','MXJAL036'),(457,'2','MXJAL036'),(458,'1','MXJAL243'),(458,'2','MXJAL243'),(459,'1','MXJAL242'),(459,'2','MXJAL242'),(460,'1','MXJAL027'),(460,'2','MXJAL027'),(461,'1','MXJAL028'),(461,'2','MXJAL028'),(462,'1','MXJAL029'),(462,'2','MXJAL029'),(463,'1','MXJAL040'),(463,'2','MXJAL040'),(464,'1','MXJAL039'),(464,'2','MXJAL039'),(465,'1','MXJAL047'),(465,'2','MXJAL047'),(466,'1','MXJAL048'),(466,'2','MXJAL048'),(467,'1','MXJAL049'),(467,'2','MXJAL049'),(468,'1','MXJAL050'),(468,'2','MXJAL050'),(469,'1','MXJAL051'),(469,'2','MXJAL051'),(470,'1','MXJAL052'),(470,'2','MXJAL052'),(471,'1','MXJAL021'),(471,'2','MXJAL021'),(472,'1','MXJAL022'),(472,'2','MXJAL022'),(473,'1','MXJAL044'),(473,'2','MXJAL044'),(474,'1','MXJAL045'),(474,'2','MXJAL045'),(475,'1','MXJAL046'),(475,'2','MXJAL046'),(476,'1','MXJAL053'),(476,'2','MXJAL053'),(477,'1','MXJAL054'),(477,'2','MXJAL054'),(478,'1','MXJAL055'),(478,'2','MXJAL055'),(479,'1','MXJAL244'),(479,'2','MXJAL244'),(480,'1','MXJAL245'),(480,'2','MXJAL245'),(481,'1','MXJAL001'),(481,'2','MXJAL001'),(482,'1','MXJAL246'),(482,'2','MXJAL246'),(483,'1','MXJAL247'),(483,'2','MXJAL247'),(484,'1','MXJAL056'),(484,'2','MXJAL056'),(485,'1','MXJAL057'),(485,'2','MXJAL057'),(486,'1','MXJAL058'),(486,'2','MXJAL058'),(487,'1','MXJAL006'),(487,'2','MXJAL006'),(488,'1','MXJAL007'),(488,'2','MXJAL007'),(489,'1','MXJAL013'),(489,'2','MXJAL013'),(490,'1','MXJAL014'),(490,'2','MXJAL014'),(491,'1','MXJAL008'),(491,'2','MXJAL008'),(492,'1','MXJAL009'),(492,'2','MXJAL009'),(493,'1','MXJAL010'),(493,'2','MXJAL010'),(494,'1','MXJAL059'),(494,'2','MXJAL059'),(495,'1','MXJAL060'),(495,'2','MXJAL060'),(496,'1','MXJAL041'),(496,'2','MXJAL041'),(497,'1','MXJAL042'),(497,'2','MXJAL042'),(498,'1','MXJAL043'),(498,'2','MXJAL043'),(499,'1','MXJAL005'),(499,'2','MXJAL005'),(500,'1','MXJAL004'),(500,'2','MXJAL004'),(501,'1','MXJAL017'),(501,'2','MXJAL017'),(502,'1','MXJAL018'),(502,'2','MXJAL018'),(503,'1','MXJAL030'),(503,'2','MXJAL030'),(504,'1','MXJAL031'),(504,'2','MXJAL031'),(505,'1','MXJAL032'),(505,'2','MXJAL032'),(506,'1','MXJAL015'),(506,'2','MXJAL015'),(507,'1','MXJAL016'),(507,'2','MXJAL016'),(508,'1','MXJAL002'),(508,'2','MXJAL002'),(509,'1','MXJAL003'),(509,'2','MXJAL003'),(510,'1','MXJAL250'),(510,'2','MXJAL250'),(511,'1','MXJAL251'),(511,'2','MXJAL251'),(512,'1','MXJAL252'),(512,'2','MXJAL252'),(513,'1','MXJAL253'),(513,'2','MXJAL253'),(514,'1','MXJAL023'),(514,'2','MXJAL023'),(515,'1','MXJAL024'),(515,'2','MXJAL024'),(516,'1','MXJAL019'),(516,'2','MXJAL019'),(517,'1','MXJAL020'),(517,'2','MXJAL020'),(518,'1','MXJAL255'),(518,'2','MXJAL255'),(519,'1','MXJAL254'),(519,'2','MXJAL254'),(520,'1','MXVER181'),(520,'2','MXVER181'),(521,'1','MXVER182'),(521,'2','MXVER182'),(522,'1','MXVER183'),(522,'2','MXVER183'),(523,'1','MXVER178'),(523,'2','MXVER178'),(524,'1','MXVER179'),(524,'2','MXVER179'),(525,'1','MXVER180'),(525,'2','MXVER180'),(526,'1','MXVER043'),(526,'2','MXVER043'),(527,'1','MXVER044'),(527,'2','MXVER044'),(528,'1','MXOAX008'),(528,'2','MXOAX008'),(529,'1','MXOAX009'),(529,'2','MXOAX009'),(530,'1','MXOAX056'),(530,'2','MXOAX056'),(531,'1','MXOAX057'),(531,'2','MXOAX057'),(532,'1','MXOAX060'),(532,'2','MXOAX060'),(533,'1','MXOAX061'),(533,'2','MXOAX061'),(534,'1','MXOAX062'),(534,'2','MXOAX062'),(535,'1','MXOAX063'),(535,'2','MXOAX063'),(536,'1','MXOAX064'),(536,'2','MXOAX064'),(537,'1','MXOAX065'),(537,'2','MXOAX065'),(538,'1','MXOAX066'),(538,'2','MXOAX066'),(539,'1','MXOAX067'),(539,'2','MXOAX067'),(540,'1','MXOAX068'),(540,'2','MXOAX068'),(541,'1','MXOAX006'),(541,'2','MXOAX006'),(542,'1','MXOAX007'),(542,'2','MXOAX007'),(543,'1','MXOAX058'),(543,'2','MXOAX058'),(544,'1','MXOAX059'),(544,'2','MXOAX059'),(545,'1','MXOAX001'),(545,'2','MXOAX001'),(546,'1','MXOAX002'),(546,'2','MXOAX002'),(547,'1','MXJAL143'),(547,'2','MXJAL143'),(548,'1','MXJAL144'),(548,'2','MXJAL144'),(549,'1','MXJAL061'),(549,'2','MXJAL061'),(550,'1','MXJAL134'),(550,'2','MXJAL134'),(551,'1','MXJAL133'),(551,'2','MXJAL133'),(552,'1','MXJAL129'),(552,'2','MXJAL129'),(553,'1','MXJAL130'),(553,'2','MXJAL130'),(554,'1','MXJAL135'),(554,'2','MXJAL135'),(555,'1','MXJAL136'),(555,'2','MXJAL136'),(556,'1','MXJAL131'),(556,'2','MXJAL131'),(557,'1','MXJAL132'),(557,'2','MXJAL132'),(558,'1','MXJAL142'),(558,'2','MXJAL142'),(559,'1','MXJAL141'),(559,'2','MXJAL141'),(560,'1','MXJAL162'),(560,'2','MXJAL162'),(561,'1','MXJAL163'),(561,'2','MXJAL163'),(562,'1','MXJAL063'),(562,'2','MXJAL063'),(563,'1','MXJAL062'),(563,'2','MXJAL062'),(564,'1','MXJAL077'),(564,'2','MXJAL077'),(565,'1','MXJAL078'),(565,'2','MXJAL078'),(566,'1','MXJAL072'),(566,'2','MXJAL072'),(567,'1','MXJAL071'),(567,'2','MXJAL071'),(568,'1','MXJAL121'),(568,'2','MXJAL121'),(569,'1','MXJAL122'),(569,'2','MXJAL122'),(570,'1','MXJAL140'),(570,'2','MXJAL140'),(571,'1','MXJAL139'),(571,'2','MXJAL139'),(572,'1','MXJAL169'),(572,'2','MXJAL169'),(573,'1','MXJAL170'),(573,'2','MXJAL170'),(574,'1','MXJAL171'),(574,'2','MXJAL171'),(575,'1','MXJAL150'),(575,'2','MXJAL150'),(576,'1','MXJAL152'),(576,'2','MXJAL152'),(577,'1','MXJAL153'),(577,'2','MXJAL153'),(578,'1','MXJAL065'),(578,'2','MXJAL065'),(579,'1','MXJAL064'),(579,'2','MXJAL064'),(580,'1','MXJAL067'),(580,'2','MXJLA067'),(581,'1','MXJAL068'),(581,'2','MXJAL068'),(582,'1','MXJAL076'),(582,'2','MXJAL076'),(583,'1','MXJAL075'),(583,'2','MXJAL075'),(584,'1','MXJAL157'),(584,'2','MXJAL157'),(585,'1','MXJAL156'),(585,'2','MXJAL156'),(586,'1','MXJAL147'),(586,'2','MXJAL147'),(587,'1','MXJAL069'),(587,'2','MXJAL069'),(588,'1','MXJAL070'),(588,'2','MXJAL070'),(589,'1','MXJAL119'),(589,'2','MXJAL119'),(590,'1','MXJAL120'),(590,'2','MXJAL120'),(591,'1','MXJAL148'),(591,'2','MXJAL148'),(592,'1','MXJAL149'),(592,'2','MXJAL149'),(593,'1','MXJAL174'),(593,'2','MXJAL174'),(594,'1','MXJAL125'),(594,'2','MXJAL125'),(595,'1','MXJAL126'),(595,'2','MXJAL126'),(596,'1','MXJAL124'),(596,'2','MXJAL124'),(597,'1','MXJAL123'),(597,'2','MXJAL123'),(598,'1','MXJAL154'),(598,'2','MXJAL154'),(599,'1','MXJAL155'),(599,'2','MXJAL155'),(600,'1','MXJAL175'),(600,'2','MXJAL175'),(601,'1','MXJAL138'),(601,'2','MXJAL138'),(602,'1','MXJAL137'),(602,'2','MXJAL137'),(603,'1','MXJAL127'),(603,'2','MXJAL127'),(604,'1','MXJAL128'),(604,'2','MXJAL128'),(605,'1','MXJAL151'),(605,'2','MXJAL151'),(606,'1','MXJAL146'),(606,'2','MXJAL146'),(607,'1','MXJAL145'),(607,'2','MXJAL145'),(608,'1','MXJAL066'),(608,'2','MXJAL066'),(609,'1','MXJAL161'),(609,'2','MXJAL161'),(610,'1','MXJAL160'),(610,'2','MXJAL160'),(611,'1','MXJAL164'),(611,'2','MXJAL164'),(612,'1','MXJAL165'),(612,'2','MXJAL165'),(613,'1','MXJAL167'),(613,'2','MXJAL167'),(614,'1','MXJAL166'),(614,'2','MXJAL166'),(615,'1','MXJAL168'),(615,'2','MXJAL168'),(616,'1','MXJAL159'),(616,'2','MXJAL159'),(617,'1','MXJAL158'),(617,'2','MXJAL158'),(618,'1','MXJAL173'),(618,'2','MXJAL173'),(619,'1','MXJAL172'),(619,'2','MXJAL172'),(620,'1','MXJAL074'),(620,'2','MXJAL074'),(621,'1','MXJAL073'),(621,'2','MXJAL073'),(622,'1','MXOAX018'),(622,'2','MXOAX018'),(623,'1','MXOAX019'),(623,'2','MXOAX019'),(624,'1','MXOAX022'),(624,'2','MXOAX022'),(625,'1','MXOAX023'),(625,'2','MXOAX023'),(627,'1','MXOAX046'),(627,'2','MXOAX046'),(628,'1','MXOAX020'),(628,'2','MXOAX020'),(629,'1','MXOAX021'),(629,'2','MXOAX021'),(630,'1','MXOAX049'),(630,'2','MXOAX049'),(631,'1','MXOAX048'),(631,'2','MXOAX048'),(632,'1','MXOAX051'),(632,'2','MXOAX051'),(633,'1','MXOAX050'),(633,'2','MXOAX050'),(634,'1','MXOAX014'),(634,'2','MXOAX014'),(635,'1','MXOAX015'),(635,'2','MXOAX015'),(636,'1','MXOAX016'),(636,'2','MXOAX016'),(637,'1','MXOAX017'),(637,'2','MXOAX017'),(638,'1','MXOAX055'),(638,'2','MXOAX055'),(639,'1','MXOAX054'),(639,'2','MXOAX054'),(640,'1','MXOAX041'),(640,'2','MXOAX041'),(641,'1','MXOAX040'),(641,'2','MXOAX040'),(642,'1','MXOAX038'),(642,'2','MXOAX038'),(643,'1','MXOAX039'),(643,'2','MXOAX039'),(644,'1','MXOAX011'),(644,'2','MXOAX011'),(645,'1','MXOAX010'),(645,'2','MXOAX010'),(646,'1','MXOAX012'),(646,'2','MXOAX012'),(647,'1','MXOAX013'),(647,'2','MXOAX013'),(648,'1','MXOAX043'),(648,'2','MXOAX043'),(649,'1','MXOAX042'),(649,'2','MXOAX042'),(650,'1','MXOAX053'),(650,'2','MXOAX053'),(651,'1','MXOAX052'),(651,'2','MXOAX052'),(652,'1','MXOAX044'),(652,'2','MXOAX044'),(653,'1','MXOAX045'),(653,'2','MXOAX045'),(654,'1','MXOAX147'),(654,'2','MXOAX147'),(655,'1','MXOAX148'),(655,'2','MXOAX148'),(656,'1','MXOAX146'),(656,'2','MXOAX146'),(657,'1','MXOAX136'),(657,'2','MXOAX136'),(658,'1','MXOAX135'),(658,'2','MXOAX135'),(659,'1','MXOAX137'),(659,'2','MXOAX137'),(660,'1','MXOAX145'),(660,'2','MXOAX145'),(661,'1','MXOAX143'),(661,'2','MXOAX143'),(662,'1','MXOAX144'),(662,'2','MXOAX144'),(663,'1','MXGUA001'),(663,'2','MXGUA001'),(664,'1','MXGUA002'),(664,'2','MXGUA002'),(665,'1','MXGUA003'),(665,'2','MXGUA003'),(666,'1','MXOAX121'),(666,'2','MXOAX121'),(667,'1','MXOAX122'),(667,'2','MXOAX122'),(668,'1','MXOAX123'),(668,'2','MXOAX123'),(669,'1','MXOAX165'),(669,'2','MXOAX165'),(670,'1','MXOAX166'),(670,'2','MXOAX166'),(671,'1','MXOAX167'),(671,'2','MXOAX167'),(672,'1','MXOAX162'),(672,'2','MXOAX162'),(673,'1','MXOAX163'),(673,'2','MXOAX163'),(674,'1','MXOAX164'),(674,'2','MXOAX164'),(675,'1','MXOAX159'),(675,'2','MXOAX159'),(676,'1','MXOAX160'),(676,'2','MXOAX160'),(677,'1','MXOAX161'),(677,'2','MXOAX161'),(678,'1','MXOAX156'),(678,'2','MXOAX156'),(679,'1','MXOAX157'),(679,'2','MXOAX157'),(680,'1','MXOAX158'),(680,'2','MXOAX158'),(681,'1','MXOAX153'),(681,'2','MXOAX153'),(682,'1','MXOAX154'),(682,'2','MXOAX154'),(683,'1','MXOAX155'),(683,'2','MXOAX155'),(684,'1','MXOAX229'),(684,'2','MXOAX229'),(685,'1','MXOAX230'),(685,'2','MXOAX230'),(686,'1','MXOAX231'),(686,'2','MXOAX231'),(687,'1','MXOAX227'),(687,'2','MXOAX227'),(688,'1','MXOAX228'),(688,'2','MXOAX228'),(689,'1','MXOAX226'),(689,'2','MXOAX226'),(690,'1','MXGUA004'),(690,'2','MXGUA004'),(691,'1','MXGUA005'),(691,'2','MXGUA005'),(692,'1','MXGUA006'),(692,'2','MXGUA006'),(693,'1','MXGUA007'),(693,'2','MXGUA007'),(694,'1','MXGUA008'),(694,'2','MXGUA008'),(695,'1','MXGUA009'),(695,'2','MXGUA009'),(696,'1','MXJAL273'),(696,'2','MXJAL273'),(697,'1','MXJAL274'),(697,'2','MXJAL274'),(698,'1','MXJAL275'),(698,'2','MXJAL275'),(699,'1','MXJAL276'),(699,'2','MXJAL276'),(700,'1','MXJAL277'),(700,'2','MXJAL277'),(701,'1','MXJAL278'),(701,'2','MXJAL278'),(702,'1','MXJAL279'),(702,'2','MXJAL279'),(703,'1','MXJAL280'),(703,'2','MXJAL280'),(704,'1','MXJAL260'),(704,'2','MXJAL260'),(705,'1','MXJAL261'),(705,'2','MXJAL261'),(706,'1','MXJAL262'),(706,'2','MXJAL262'),(707,'1','MXJAL281'),(707,'2','MXJAL281'),(708,'1','MXJAL282'),(708,'2','MXJAL282'),(709,'1','MXJAL283'),(709,'2','MXJAL283'),(710,'1','MXJAL203'),(710,'2','MXJAL203'),(711,'1','MXJAL204'),(711,'2','MXJAL204'),(712,'1','MXJAL220'),(712,'2','MXJAL220'),(713,'1','MXJAL221'),(713,'2','MXJAL221'),(714,'1','MXJAL222'),(714,'2','MXJAL222'),(715,'1','MXJAL223'),(715,'2','MXJAL223'),(716,'1','MXJAL 176'),(716,'2','MXJAL 176'),(717,'1','MXJAL177'),(717,'2','MXJAL177'),(718,'1','MXJAL201'),(718,'2','MXJAL201'),(719,'1','MXJAL202'),(719,'2','MXJAL202'),(720,'1','MXJAL209'),(720,'2','MXJAL209'),(721,'1','MXJAL205'),(721,'2','MXJAL205'),(722,'1','MXJAL206'),(722,'2','MXJAL206'),(723,'1','MXJAL207'),(723,'2','MXJAL207'),(724,'1','MXJAL208'),(724,'2','MXJAL208'),(725,'1','MXJAL226'),(725,'2','MXJAL226'),(726,'1','MXJAL227'),(726,'2','MXJAL227'),(727,'1','MXJAL218'),(727,'2','MXJAL218'),(728,'1','MXJAL219'),(728,'2','MXJAL219'),(729,'1','MXJAL224'),(729,'2','MXJAL224'),(730,'1','MXJAL225'),(730,'2','MXJAL225'),(731,'1','MXJAL217'),(731,'2','MXJAL217'),(732,'1','MXJAL215'),(732,'2','MXJAL215'),(733,'1','MXJAL216'),(733,'2','MXJAL216'),(734,'1','MXJAL210'),(734,'2','MXJAL210'),(735,'1','MXJAL213'),(735,'2','MXJAL213'),(736,'1','MXJAL214'),(736,'2','MXJAL214'),(737,'1','MXJAL211'),(737,'2','MXJAL211'),(738,'1','MXJAL212'),(738,'2','MXJAL212'),(739,'1','MXJAL196'),(739,'2','MXJAL196'),(740,'1','MXJAL195'),(740,'2','MXJAL195'),(741,'1','MXJAL194'),(741,'2','MXJAL194'),(742,'1','MXJAL193'),(742,'2','MXJAL193'),(743,'1','MXJAL191'),(743,'2','MXJAL191'),(744,'1','MXJAL192'),(744,'2','MXJAL192'),(745,'1','MXJAL189'),(745,'2','MXJAL189'),(746,'1','MXJAL190'),(746,'2','MXJAL190'),(747,'1','MXJAL199'),(747,'2','MXJAL199'),(748,'1','MXJAL200'),(748,'2','MXJAL200'),(749,'1','MXJAL198'),(749,'2','MXJAL198'),(750,'1','MXJAL197'),(750,'2','MXJAL197'),(751,'1','MXJAL187'),(751,'2','MXJAL187'),(752,'1','MXJAL188'),(752,'2','MXJAL188'),(753,'1','MXJAL180'),(753,'2','MXJAL180'),(754,'1','MXJAL181'),(754,'2','MXJAL181'),(755,'1','MXJAL182'),(755,'2','MXJAL182'),(756,'1','MXJAL178'),(756,'2','MXJAL178'),(757,'1','MXJAL179'),(757,'2','MXJAL179'),(758,'1','MXJAL185'),(758,'2','MXJAL185'),(759,'1','MXJAL186'),(759,'2','MXJAL186'),(760,'1','MXJAL183'),(760,'2','MXJAL183'),(761,'1','MXJAL184'),(761,'2','MXJAL184'),(762,'1','MXOAX218'),(762,'2','MXOAX218'),(763,'1','MXOAX219'),(763,'2','MXOAX219'),(764,'1','MXOAX220'),(764,'2','MXOAX220'),(765,'1','MXOAX186'),(765,'2','MXOAX186'),(766,'1','MXOAX187'),(766,'2','MXOAX187'),(767,'1','MXOAX188'),(767,'2','MXOAX188'),(768,'1','MXOAX215'),(768,'2','MXOAX215'),(769,'1','MXOAX216'),(769,'2','MXOAX216'),(770,'1','MXOAX217'),(770,'2','MXOAX217'),(771,'1','MXOAX183'),(771,'2','MXOAX183'),(772,'1','MXOAX184'),(772,'2','MXOAX184'),(773,'1','MXOAX185'),(773,'2','MXOAX185'),(774,'1','MXOAX180'),(774,'2','MXOAX180'),(775,'1','MXOAX181'),(775,'2','MXOAX181'),(776,'1','MXOAX182'),(776,'2','MXOAX182'),(777,'1','MXOAX177'),(777,'2','MXOAX177'),(778,'1','MXOAX178'),(778,'2','MXOAX178'),(779,'1','MXOAX179'),(779,'2','MXOAX179'),(780,'1','MXOAX174'),(780,'2','MXOAX174'),(781,'1','MXOAX175'),(781,'2','MXOAX175'),(782,'1','MXOAX176'),(782,'2','MXOAX176'),(783,'1','MXOAX171'),(783,'2','MXOAX171'),(784,'1','MXOAX172'),(784,'2','MXOAX172'),(785,'1','MXOAX173'),(785,'2','MXOAX173'),(787,'1','MXOAX169'),(787,'2','MXOAX169'),(788,'1','MXOAX170'),(788,'2','MXOAX170'),(789,'1','MXVER086'),(789,'2','MXVER086'),(790,'1','MXVER087'),(790,'2','MXVER087'),(791,'1','MXVER088'),(791,'2','MXVER088'),(792,'1','MXVER089'),(792,'2','MXVER089'),(793,'1','MXVER090'),(793,'2','MXVER090'),(794,'1','MXVER091'),(794,'2','MXVER091'),(795,'1','MXVER092'),(795,'2','MXVER092'),(796,'1','MXVER093'),(796,'2','MXVER093'),(797,'1','MXVER094'),(797,'2','MXVER094'),(798,'1','MXVER095'),(798,'2','MXVER095'),(799,'1','MXVER096'),(799,'2','MXVER096'),(800,'1','MXVER097'),(800,'2','MXVER097'),(801,'1','MXOAX091'),(801,'2','MXOAX091'),(802,'1','MXOAX092'),(802,'2','MXOAX092'),(803,'1','MXOAX093'),(803,'2','MXOAX093'),(804,'1','MXJAL111'),(804,'2','MXJAL111'),(805,'1','MXJAL112'),(805,'2','MXJAL112'),(806,'1','MXJAL114'),(806,'2','MXJAL114'),(807,'1','MXJAL113'),(807,'2','MXJAL113'),(808,'1','MXJAL110'),(808,'2','MXJAL110'),(809,'1','MXJAL109'),(809,'2','MXJAL109'),(810,'1','MXJAL091'),(810,'2','MXJAL091'),(811,'1','MXJAL102'),(811,'2','MXJAL102'),(812,'1','MXJAL101'),(812,'2','MXJAL101'),(813,'1','MXJAL106'),(813,'2','MXJAL106'),(814,'1','MXJAL105'),(814,'2','MXJAL105'),(815,'1','MXJAL096'),(815,'2','MXJAL096'),(816,'1','MXJAL095'),(816,'2','MXJAL095'),(817,'1','MXJAL082'),(817,'2','MXJAL082'),(818,'1','MXJAL081'),(818,'2','MXJAL081'),(819,'1','MXJAL088'),(819,'2','MXJAL088'),(820,'1','MXJAL097'),(820,'2','MXJAL097'),(821,'1','MXJAL098'),(821,'2','MXJAL098'),(822,'1','MXJAL099'),(822,'2','MXJAL099'),(823,'1','MXJAL100'),(823,'2','MXJAL100'),(824,'1','MXJAL087'),(824,'2','MXJAL087'),(825,'1','MXJAL089'),(825,'2','MXJAL089'),(826,'1','MXJAL090'),(826,'2','MXJAL090'),(827,'1','MXJAL080'),(827,'2','MXJAL080'),(828,'1','MXJAL079'),(828,'2','MXJAL079'),(829,'1','MXJAL258'),(829,'2','MXJAL258'),(830,'1','MXJAL259'),(830,'2','MXJAL259'),(831,'1','MXJAL104'),(831,'2','MXJAL104'),(832,'1','MXJAL103'),(832,'2','MXJAL103'),(833,'1','MXJAL083'),(833,'2','MXJAL083'),(834,'1','MXJAL084'),(834,'2','MXJAL084'),(835,'1','MXJAL108'),(835,'2','MXJAL108'),(836,'1','MXJAL107'),(836,'2','MXJAL107'),(837,'1','MXJAL085'),(837,'2','MXJAL085'),(838,'1','MXJAL086'),(838,'2','MXJAL086'),(839,'1','MXJAL094'),(839,'2','MXJAL094'),(840,'1','MXJAL093'),(840,'2','MXJAL093'),(841,'1','MXJAL092'),(841,'2','MXJAL092'),(842,'1','MXJAL256'),(842,'2','MXJAL256'),(843,'1','MXJAL257'),(843,'2','MXJAL257'),(844,'1','MXJAL116'),(844,'2','MXJAL116'),(845,'1','MXJAL115'),(845,'2','MXJAL115'),(846,'1','MXJAL118'),(846,'2','MXJAL118'),(847,'1','MXJAL117'),(847,'2','MXJAL117'),(848,'1','MXVER153'),(848,'2','MXVER153'),(849,'1','MXVER104'),(849,'2','MXVER104'),(850,'1','MXVER103'),(850,'2','MXVER103'),(851,'1','MXVER154'),(851,'2','MXVER154'),(852,'1','MXVER155'),(852,'2','MXVER155'),(853,'1','MXVER116'),(853,'2','MXVER116'),(854,'1','MXVER117'),(854,'2','MXVER117'),(855,'1','MXVER118'),(855,'2','MXVER118'),(856,'1','MXVER132'),(856,'2','MXVER132'),(857,'1','MXVER131'),(857,'2','MXVER131'),(858,'1','MXVER130'),(858,'2','MXVER130'),(859,'1','MXVER134'),(859,'2','MXVER134'),(860,'1','MXVER135'),(860,'2','MXVER135'),(861,'1','MXVER133'),(861,'2','MXVER133'),(862,'1','MXVER136'),(862,'2','MXVER136'),(863,'1','MXVER122'),(863,'2','MXVER122'),(864,'1','MXVER123'),(864,'2','MXVER123'),(865,'1','MXVER124'),(865,'2','MXVER124'),(866,'1','MXVER129'),(866,'2','MXVER129'),(867,'1','MXVER119'),(867,'2','MXVER119'),(868,'1','MXVER121'),(868,'2','MXVER121'),(869,'1','MXVER120'),(869,'2','MXVER120'),(870,'1','MXVER126'),(870,'2','MXVER126'),(871,'1','MXVER127'),(871,'2','MXVER127'),(872,'1','MXVER128'),(872,'2','MXVER128'),(873,'1','MXVER125'),(873,'2','MXVER125'),(874,'1','MXJAL263'),(874,'2','MXJAL263'),(875,'1','MXJAL264'),(875,'2','MXJAL264'),(876,'1','MXJAL268'),(876,'2','MXJAL268'),(877,'1','MXJAL269'),(877,'2','MXJAL269'),(878,'1','MXJAL265'),(878,'2','MXJAL265'),(879,'1','MXJAL266'),(879,'2','MXJAL266'),(880,'1','MXJAL267'),(880,'2','MXJAL267'),(881,'1','MXJAL270'),(881,'2','MXJAL270'),(882,'1','MXJAL271'),(882,'2','MXJAL271'),(883,'1','MXJAL272'),(883,'2','MXJAL272'),(884,'1','MXJAL284'),(884,'2','MXJAL284'),(885,'1','MXJAL285'),(885,'2','MXJAL285'),(886,'1','MXJAL286'),(886,'2','MXJAL286'),(887,'1','MXVER004'),(887,'2','MXVER004'),(888,'1','MXVER028'),(888,'2','MXVER028'),(889,'1','MXVER003'),(889,'2','MXVER003'),(890,'1','MXVER002'),(890,'2','MXVER002'),(891,'1','MXVER005'),(891,'2','MXVER005'),(892,'1','MXVER006'),(892,'2','MXVER006'),(893,'1','MXVER007'),(893,'2','MXVER007'),(894,'1','MXVER008'),(894,'2','MXVER008'),(895,'1','MXVER060'),(895,'2','MXVER060'),(896,'1','MXVER061'),(896,'2','MXVER061'),(897,'1','MXVER062'),(897,'2','MXVER062'),(898,'1','MXVER064'),(898,'2','MXVER064'),(899,'1','MXVER065'),(899,'2','MXVER065'),(900,'1','MXVER066'),(900,'2','MXVER066'),(901,'1','MXVER067'),(901,'2','MXVER067'),(902,'1','MXVER068'),(902,'2','MXVER068'),(903,'1','MXVER069'),(903,'2','MXVER069'),(904,'1','MXVER070'),(904,'2','MXVER070'),(905,'1','MXVER071'),(905,'2','MXVER071'),(906,'1','MXVER085'),(906,'2','MXVER085'),(907,'1','MXVER083'),(907,'2','MXVER083'),(908,'1','MXVER084'),(908,'2','MXVER084'),(909,'1','MXVER009'),(909,'2','MXVER009'),(910,'1','MXVER081'),(910,'2','MXVER081'),(911,'1','MXVER082'),(911,'2','MXVER082'),(912,'1','MXVER102'),(912,'2','MXVER102'),(913,'1','MXVER010'),(913,'2','MXVER010'),(914,'1','MXVER075'),(914,'2','MXVER075'),(915,'1','MXVER076'),(915,'2','MXVER076'),(916,'1','MXVER077'),(916,'2','MXVER077'),(917,'1','MXVER078'),(917,'2','MXVER078'),(918,'1','MXVER079'),(918,'2','MXVER079'),(919,'1','MXVER080'),(919,'2','MXVER080'),(920,'1','MXVER072'),(920,'2','MXVER072'),(921,'1','MXVER073'),(921,'2','MXVER073'),(922,'1','MXVER074'),(922,'2','MXVER074'),(923,'1','MXVER011'),(923,'2','MXVER011'),(924,'1','MXVER012'),(924,'2','MXVER012'),(925,'1','MXVER013'),(925,'2','MXVER013'),(926,'1','MXVER014'),(926,'2','MXVER014'),(927,'1','MXVER015'),(927,'2','MXVER015'),(928,'1','MXVER017'),(928,'2','MXVER017'),(929,'1','MXVER016'),(929,'2','MXVER016'),(930,'1','MXVER001'),(930,'2','MXVER001'),(931,'1','MXVER018'),(931,'2','MXVER018'),(932,'1','MXVER019'),(932,'2','MXVER019'),(933,'1','MXVER020'),(933,'2','MXVER020'),(934,'1','MXVER045'),(934,'2','MXVER045'),(935,'1','MXVER021'),(935,'2','MXVER021'),(936,'1','MXVER022'),(936,'2','MXVER022'),(938,'1','MXVER037'),(938,'2','MXVER037'),(939,'1','MXVER038'),(939,'2','MXVER038'),(940,'1','MXVER039'),(940,'2','MXVER039'),(941,'1','MXVER024'),(941,'2','MXVER024'),(942,'1','MXVER040'),(942,'2','MXVER040'),(943,'1','MXVER041'),(943,'2','MXVER041'),(944,'1','MXVER042'),(944,'2','MXVER042'),(945,'1','MXVER032'),(945,'2','MXVER032'),(946,'1','MXVER033'),(946,'2','MXVER033'),(947,'1','MXVER034'),(947,'2','MXVER034'),(951,'1','MXVER035'),(951,'2','MXVER035'),(952,'1','MXVER036'),(952,'2','MXVER036'),(953,'1','MXVER029'),(953,'2','MXVER029'),(954,'1','MXVER030'),(954,'2','MXVER030'),(955,'1','MXVER031'),(956,'1','MXOAX238'),(956,'2','MXOAX238'),(957,'1','MXOAX239'),(957,'2','MXOAX239'),(958,'1','MXOAX240'),(958,'2','MXOAX240'),(959,'1','MXOAX241'),(959,'2','MXOAX241'),(960,'1','MXOAX242'),(960,'2','MXOAX242'),(961,'1','MXVER101'),(961,'2','MXVER101'),(962,'1','MXVER098'),(962,'2','MXVER098'),(963,'1','MXVER099'),(963,'2','MXVER099'),(964,'1','MXVER100'),(964,'2','MXVER100'),(965,'1','MXVER063'),(965,'2','MXVER063'),(966,'1','MXGUA010'),(966,'2','MXGUA010'),(967,'1','MXGUA011'),(967,'2','MXGUA011'),(968,'1','MXGUA012'),(968,'2','MXGUA012'),(969,'1','GUPET002'),(969,'2','GUPET002'),(970,'1','GUPET001'),(970,'2','GUPET001'),(971,'1','GUPET003'),(971,'2','GUPET003'),(972,'1','MXOAX192'),(972,'2','MXOAX192'),(973,'1','MXOAX193'),(973,'2','MXOAX193'),(974,'1','MXOAX189'),(974,'2','MXOAX189'),(975,'1','MXOAX190'),(975,'2','MXOAX190'),(976,'1','MXOAX191'),(976,'2','MXOAX191'),(977,'1','MXOAX212'),(977,'2','MXOAX212'),(978,'1','MXOAX213'),(978,'2','MXOAX213'),(979,'1','MXOAX214'),(979,'2','MXOAX214'),(980,'1','MXOAX209'),(980,'2','MXOAX209'),(981,'1','MXOAX210'),(981,'2','MXOAX210'),(982,'1','MXOAX211'),(982,'2','MXOAX211'),(983,'1','MXOAX206'),(983,'2','MXOAX206'),(984,'1','MXOAX207'),(984,'2','MXOAX207'),(985,'1','MXOAX208'),(985,'2','MXOAX208'),(986,'1','MXOAX203'),(986,'2','MXOAX203'),(987,'1','MXOAX204'),(987,'2','MXOAX204'),(988,'1','MXOAX205'),(988,'2','MXOAX205'),(989,'1','MXOAX200'),(989,'2','MXOAX200'),(990,'1','MXOAX201'),(990,'2','MXOAX201'),(991,'1','MXOAX202'),(991,'2','MXOAX202'),(992,'1','MXOAX197'),(992,'2','MXOAX197'),(993,'1','MXOAX198'),(993,'2','MXOAX198'),(994,'1','MXOAX199'),(994,'2','MXOAX199'),(995,'1','MXOAX195'),(995,'2','MXOAX195'),(996,'1','MXOAX196'),(996,'2','MXOAX196'),(997,'1','MXOAX194'),(997,'2','MXOAX194'),(998,'1','MXVER192'),(998,'2','MXVER192'),(999,'1','MXVER190'),(999,'2','MXVER190'),(1000,'1','MXVER191'),(1000,'2','MXVER191'),(1001,'1','MXVER184'),(1001,'2','MXVER184'),(1002,'1','MXVER185'),(1002,'2','MXVER185'),(1003,'1','MXVER186'),(1003,'2','MXVER186'),(1004,'1','MXVER187'),(1004,'2','MXVER187'),(1005,'1','MXVER189'),(1005,'2','MXVER189'),(1006,'1','MXVER188'),(1006,'2','MXVER188'),(1007,'1','MXVER166'),(1007,'2','MXVER166'),(1008,'1','MXVER165'),(1008,'2','MXVER165'),(1009,'1','MXVER167'),(1009,'2','MXVER167'),(1010,'1','MXVER164'),(1010,'2','MXVER164'),(1011,'1','MXVER163'),(1011,'2','MXVER163'),(1012,'1','MXVER161'),(1012,'2','MXVER161'),(1013,'1','MXOAX094'),(1013,'2','MXOAX094'),(1014,'1','MXOAX095'),(1014,'2','MXOAX095'),(1015,'1','MXOAX096'),(1015,'2','MXOAX096'),(1016,'1','MXOAX097'),(1016,'2','MXOAX097'),(1017,'1','MXOAX098'),(1017,'2','MXOAX098'),(1018,'1','MXOAX099'),(1018,'2','MXOAX099'),(1019,'1','MXVER175'),(1019,'2','MXVER175'),(1020,'1','MXVER176'),(1020,'2','MXVER176'),(1021,'1','MXVER177'),(1021,'2','MXVER177'),(1022,'1','MXVER162'),(1022,'2','MXVER162'),(1023,'1','MXVER174'),(1023,'2','MXVER174'),(1024,'1','MXVER173'),(1024,'2','MXVER173'),(1025,'1','MXVER172'),(1025,'2','MXVER172'),(1026,'1','MXVER159'),(1026,'2','MXVER159'),(1027,'1','MXVER160'),(1027,'2','MXVER160'),(1028,'1','MXVER168'),(1028,'2','MXVER168'),(1029,'1','MXVER158'),(1029,'2','MXVER158'),(1030,'1','MXVER157'),(1030,'2','MXVER157'),(1031,'1','MXVER156'),(1031,'2','MXVER156'),(1032,'1','MXVER170'),(1032,'2','MXVER170'),(1033,'1','MXVER171'),(1033,'2','MXVER171'),(1034,'1','MXVER169'),(1034,'2','MXVER169'),(1035,'1','MXVER152'),(1035,'2','MXVER152'),(1036,'1','MXVER151'),(1036,'2','MXVER151'),(1037,'1','MXVER150'),(1037,'2','MXVER150'),(1038,'1','MXOAX100'),(1038,'2','MXOAX100'),(1039,'1','MXOAX101'),(1039,'2','MXOAX101'),(1040,'1','MXOAX102'),(1040,'2','MXOAX102'),(1041,'1','MXOAX103'),(1041,'2','MXOAX103'),(1042,'1','MXOAX104'),(1042,'2','MXOAX104'),(1043,'1','MXOAX105'),(1043,'2','MXOAX105'),(1044,'1','MXOAX221'),(1044,'2','MXOAX221'),(1045,'1','MXOAX222'),(1045,'2','MXOAX222'),(1046,'1','MXOAX223'),(1046,'2','MXOAX223'),(1047,'1','MXOAX224'),(1047,'2','MXOAX224'),(1048,'1','MXOAX225'),(1048,'2','MXOAX225'),(1049,'1','MXOAX071'),(1049,'2','MXOAX071'),(1050,'1','MXOAX069'),(1050,'2','MXOAX069'),(1051,'1','MXOAX070'),(1051,'2','MXOAX070'),(1052,'1','MXOAX116'),(1052,'2','MXOAX116'),(1053,'1','MXOAX115'),(1053,'2','MXOAX115'),(1054,'1','MXOAX117'),(1054,'2','MXOAX117'),(1055,'1','MXOAX106'),(1055,'2','MXOAX106'),(1056,'1','MXOAX107'),(1056,'2','MXOAX107'),(1057,'1','MXOAX108'),(1057,'2','MXOAX108'),(1058,'1','MXOAX109'),(1058,'2','MXOAX109'),(1059,'1','MXOAX110'),(1059,'2','MXOAX110'),(1060,'1','MXOAX111'),(1060,'2','MXOAX111'),(1061,'1','MXOAX114'),(1061,'2','MXOAX114'),(1062,'1','MXOAX113'),(1062,'2','MXOAX113'),(1063,'1','MXOAX112'),(1063,'2','MXOAX112'),(1064,'1','MXOAX088'),(1064,'2','MXOAX088'),(1065,'1','MXOAX087'),(1065,'2','MXOAX087'),(1066,'1','MXOAX086'),(1066,'2','MXOAX086'),(1067,'1','MXJAL236'),(1067,'2','MXJAL236'),(1068,'1','MXJAL237'),(1068,'2','MXJAL237'),(1069,'1','MXJAL230'),(1069,'2','MXJAL230'),(1070,'1','MXJAL231'),(1070,'2','MXJAL231'),(1071,'1','MXJAL232'),(1071,'2','MXJAL232'),(1072,'1','MXJAL233'),(1072,'2','MXJAL233'),(1073,'1','MXJAL240'),(1073,'2','MXJAL240'),(1074,'1','MXJAL241'),(1074,'2','MXJAL241'),(1075,'1','MXJAL235'),(1075,'2','MXJAL235'),(1076,'1','MXJAL234'),(1076,'2','MXJAL234'),(1077,'1','MXJAL238'),(1077,'2','MXJAL238'),(1078,'1','MXJAL239'),(1078,'2','MXJAL239'),(1079,'1','MXJAL228'),(1079,'2','MXJAL228'),(1080,'1','MXJAL229'),(1080,'2','MXJAL229'),(1081,'1','MXJAL287'),(1081,'2','MXJAL287'),(1082,'1','MXJAL288'),(1082,'2','MXJAL288'),(1083,'1','MXJAL291'),(1083,'2','MXJAL291'),(1084,'1','MXJAL292'),(1084,'2','MXJAL292'),(1085,'1','MXJAL289'),(1085,'2','MXJAL289'),(1086,'1','MXVER052'),(1086,'2','MXVER052'),(1087,'1','MXVER053'),(1087,'2','MXVER053'),(1088,'1','MXVER114'),(1088,'2','MXVER114'),(1089,'1','MXVER113'),(1089,'2','MXVER113'),(1090,'1','MXVER112'),(1090,'2','MXVER112'),(1091,'1','MXVER110'),(1091,'2','MXVER110'),(1092,'1','MXVER109'),(1092,'2','MXVER109'),(1093,'1','MXVER111'),(1093,'2','MXVER111'),(1094,'1','MXVER115'),(1094,'2','MXVER115'),(1095,'1','MXVER141'),(1095,'2','MXVER141'),(1096,'1','MXVER140'),(1096,'2','MXVER140'),(1097,'1','MXVER142'),(1097,'2','MXVER142'),(1098,'1','MXVER137'),(1098,'2','MXVER137'),(1099,'1','MXVER138'),(1099,'2','MXVER138'),(1100,'1','MXVER139'),(1100,'2','MXVER139'),(1101,'1','MXVER106'),(1101,'2','MXVER106'),(1102,'1','MXVER107'),(1102,'2','MXVER107'),(1103,'1','MXVER108'),(1103,'2','MXVER108'),(1104,'1','MXVER105'),(1104,'2','MXVER105'),(1105,'1','MXVER149'),(1105,'2','MXVER149'),(1107,'1','MXVER145'),(1107,'2','MXVER145'),(1109,'1','MXVER148'),(1109,'2','MXVER148'),(1110,'1','MXVER147'),(1110,'2','MXVER147'),(1111,'1','MXVER146'),(1111,'2','MXVER146'),(1112,'1','MXOAX030'),(1112,'2','MXOAX030'),(1113,'1','MXOAX031'),(1113,'2','MXOAX031'),(1114,'1','MXOAX032'),(1114,'2','MXOAX032'),(1115,'1','MXOAX024'),(1115,'2','MXOAX024'),(1116,'1','MXOAX025'),(1116,'2','MXOAX025'),(1117,'1','MXOAX029'),(1117,'2','MXOAX029'),(1118,'1','MXOAX028'),(1118,'2','MXOAX028'),(1119,'1','MXOAX026'),(1119,'2','MXOAX026'),(1120,'1','MXOAX027'),(1120,'2','MXOAX027'),(1121,'1','MXJAL294'),(1121,'2','MXJAL294'),(1122,'1','MXJAL293'),(1122,'2','MXJAL293'),(1123,'1','MXJAL290'),(1123,'2','MXJAL290'),(1124,'1','MXVER054'),(1124,'2','MXVER054'),(1125,'1','MXVER055'),(1125,'2','MXVER055'),(1126,'1','MXVER056'),(1126,'2','MXVER056'),(1127,'1','MXVER046'),(1127,'2','MXVER046'),(1128,'1','MXVER047'),(1128,'2','MXVER047'),(1129,'1','MXVER048'),(1129,'2','MXVER048'),(1130,'1','MXVER049'),(1130,'2','MXVER049'),(1131,'1','MXVER050'),(1131,'2','MXVER050'),(1132,'1','MXVER051'),(1132,'2','MXVER051'),(1133,'1','MXVER058'),(1133,'2','MXVER058'),(1134,'1','MXVER059'),(1134,'2','MXVER059'),(1135,'1','MXVER057'),(1135,'2','MXVER057'),(1136,'1','MXOAX245'),(1136,'2','MXOAX245'),(1137,'1','MXOAX244'),(1137,'2','MXOAX244'),(1138,'1','MXOAX253'),(1138,'2','MXOAX253'),(1139,'1','MXOAX252'),(1139,'2','MXOAX252'),(1140,'1','MXOAX247'),(1140,'2','MXOAX247'),(1141,'1','MXOAX246'),(1141,'2','MXOAX246'),(1142,'1','MXOAX243'),(1142,'2','MXOAX243'),(1143,'1','MXOAX237'),(1143,'2','MXOAX237'),(1144,'1','MXOAX251'),(1144,'2','MXOAX251'),(1145,'1','MXOAX250'),(1145,'2','MXOAX250'),(1146,'1','MXOAX248'),(1146,'2','MXOAX248'),(1147,'1','MXOAX249'),(1147,'2','MXOAX249'),(1148,'1','MXOAX255'),(1148,'2','MXOAX255'),(1149,'1','MXOAX254'),(1149,'2','MXOAX254'),(1150,'1','MXOAX003'),(1150,'2','MXOAX003'),(1151,'1','MXOAX232'),(1151,'2','MXOAX232'),(1152,'1','MXOAX233'),(1152,'2','MXOAX233'),(1153,'1','MXOAX234'),(1153,'2','MXOAX234'),(1154,'1','MXOAX235'),(1154,'2','MXOAX235'),(1155,'1','MXOAX236'),(1155,'2','MXOAX236'),(1156,'1','MXOAX033'),(1156,'2','MXOAX033'),(1157,'1','MXOAX035'),(1157,'2','MXOAX035'),(1158,'1','MXOAX034'),(1158,'2','MXOAX034'),(1159,'1','MXOAX037'),(1159,'2','MXOAX037'),(1160,'1','MXOAX004'),(1160,'2','MXOAX004'),(1161,'1','MXOAX005'),(1161,'2','MXOAX005'),(1162,'1','MXOAX036'),(1162,'2','MXOAX036');
/*!40000 ALTER TABLE `fotos_ejemplares` ENABLE KEYS */;
UNLOCK TABLES;

--
-- Table structure for table `individuos`
--

DROP TABLE IF EXISTS `individuos`;
/*!40101 SET @saved_cs_client     = @@character_set_client */;
/*!40101 SET character_set_client = utf8 */;
CREATE TABLE `individuos` (
  `id_individuo` int(11) NOT NULL,
  `latitud` double DEFAULT NULL,
  `longitud` double DEFAULT NULL,
  `prec_horizontal` int(4) DEFAULT NULL,
  `altitud` double DEFAULT NULL,
  `prec_vertical` int(4) DEFAULT NULL,
  `fecha` date DEFAULT NULL,
  `desc_localidad` text DEFAULT NULL,
  `observaciones` text DEFAULT NULL,
  `id_estado` int(11) DEFAULT NULL,
  `id_pais` varchar(3) DEFAULT NULL,
  `id_municipio` int(11) DEFAULT NULL,
  `id_veg` int(11) DEFAULT NULL,
  `id_especie` int(11) DEFAULT NULL,
  `comentarios` text DEFAULT NULL,
  PRIMARY KEY (`id_individuo`),
  KEY `06_individuos_FK` (`id_estado`),
  KEY `06_individuos_FK_2` (`id_municipio`),
  KEY `06_individuos_FK_3` (`id_veg`),
  KEY `06_individuos_FK_1` (`id_especie`),
  KEY `06_individuos_FK_4` (`id_pais`),
  CONSTRAINT `06_individuos_FK` FOREIGN KEY (`id_estado`) REFERENCES `estados` (`id_estado`) ON DELETE SET NULL ON UPDATE CASCADE,
  CONSTRAINT `06_individuos_FK_1` FOREIGN KEY (`id_especie`) REFERENCES `taxonomia` (`id_especie`) ON DELETE SET NULL ON UPDATE CASCADE,
  CONSTRAINT `06_individuos_FK_2` FOREIGN KEY (`id_municipio`) REFERENCES `municipios` (`id_municipio`) ON DELETE SET NULL ON UPDATE CASCADE,
  CONSTRAINT `06_individuos_FK_3` FOREIGN KEY (`id_veg`) REFERENCES `tipos_vegetacion` (`id_veg`) ON DELETE SET NULL ON UPDATE CASCADE,
  CONSTRAINT `06_individuos_FK_4` FOREIGN KEY (`id_pais`) REFERENCES `paises` (`id_pais`) ON UPDATE CASCADE
) ENGINE=InnoDB DEFAULT CHARSET=utf16 COLLATE=utf16_spanish_ci;
/*!40101 SET character_set_client = @saved_cs_client */;

--
-- Dumping data for table `individuos`
--

LOCK TABLES `individuos` WRITE;
/*!40000 ALTER TABLE `individuos` DISABLE KEYS */;
INSERT INTO `individuos` VALUES (1,15.820638888888888,-92.58219444444444,NULL,1144,NULL,NULL,'La Union, Bue Vista','Tipo de vegetación pino encino, frecuencia alta',7,'MEX',153,14,40,'http://www.tropicos.org/Home.aspx'),(2,16.15075,-93.59011111111111,NULL,1182,NULL,NULL,'Sierra More; sendero corto 800m','Tipo de vegetación pino encino, tamaño 17m, Frecuencia alta',7,'MEX',174,14,40,NULL),(3,16.13561111111111,-93.59594444444444,NULL,1604,NULL,NULL,'Sierra More','Tipo de vegetación pino encino, tamaño 15m',7,'MEX',174,14,40,NULL),(4,16.15075,-93.59011111111111,NULL,1182,NULL,NULL,'Sierra More','Tipo de vegetación pino encino, tamaño 12m',7,'MEX',174,14,40,NULL),(5,16.15075,-93.59011111111111,NULL,1182,NULL,NULL,'Sierra More','Tipo de vegetación pino encino',7,'MEX',174,14,40,NULL),(6,16.15075,-93.59011111111111,NULL,1182,NULL,NULL,'Sierra More; sendero corto 800m','Tipo de vegetación pino encino, Frecuencia alta',7,'MEX',174,14,40,NULL),(7,16.15075,-93.59011111111111,NULL,1182,NULL,NULL,'Sierra More; sendero corto 800m','Frecuencia alta',7,'MEX',174,NULL,40,NULL),(8,16.15075,-93.59011111111111,NULL,1182,NULL,NULL,'Sierra More; sendero corto 800m','Tipo de vegetación pino encino, Frecuencia alta',7,'MEX',174,14,40,NULL),(9,16.15075,-93.59011111111111,NULL,1182,NULL,NULL,'Sierra More; sendero corto 800m','Tipo de vegetación pino encino, Frecuencia alta',7,'MEX',174,14,40,NULL),(10,16.15075,-93.59011111111111,NULL,1182,NULL,NULL,'Sierra More; sendero corto 800m','Frecuencia alta',7,'MEX',174,NULL,40,NULL),(11,16.15075,-93.59011111111111,NULL,1182,NULL,NULL,'Sierra More; sendero corto 800m','Tipo de vegetación pino encino, Frecuencia alta',7,'MEX',174,14,40,NULL),(12,16.15075,-93.59011111111111,NULL,1182,NULL,NULL,'Sierra More; sendero corto 800m','Tipo de vegetación pino encino, Frecuencia alta',7,'MEX',174,14,40,NULL),(13,15.8025,-92.54830555555556,NULL,1708,NULL,NULL,'La Union, Bue Vista','Tipo de vegetación potreros, frecuencia alta, tamaño 15m',7,'MEX',153,15,48,NULL),(14,15.8025,-92.54830555555556,NULL,1708,NULL,NULL,'La Union, Bue Vista','Tipo de vegetación potreros, frecuencia alta, tamaño 15m',7,'MEX',153,15,48,NULL),(15,15.699,-92.72375,NULL,1358,NULL,NULL,'Colombia','Tipo de vegetación potreros, cultivos, frecuencia alta, tamaño 20m',7,'MEX',166,15,48,NULL),(16,15.32338888888889,-92.29719444444444,NULL,1727,NULL,NULL,'Carretera a Motozintla','Tipo de vegetación pino encino, frecuencia alta',7,'MEX',192,14,34,NULL),(17,15.32338888888889,-92.29719444444444,NULL,1727,NULL,NULL,'Carretera a Motozintla','Tipo de vegetación pino encino, frecuencia alta',7,'MEX',192,14,34,NULL),(18,15.32338888888889,-92.29719444444444,NULL,1727,NULL,NULL,'Carretera a Motozintla','Tipo de vegetación pino encino, frecuencia alta',7,'MEX',192,14,34,NULL),(19,15.32338888888889,-92.29719444444444,NULL,1727,NULL,NULL,'Carretera a Motozintla','Tipo de vegetación pino encino, frecuencia alta',7,'MEX',192,14,34,NULL),(20,15.32338888888889,-92.29719444444444,NULL,1727,NULL,NULL,'Carretera a Motozintla','Tipo de vegetación pino encino, frecuencia alta',7,'MEX',192,14,34,NULL),(21,15.32338888888889,-92.29719444444444,NULL,1727,NULL,NULL,'Carretera a Motozintla','Tipo de vegetación pino encino, frecuencia alta',7,'MEX',192,14,34,NULL),(22,15.32338888888889,-92.29719444444444,NULL,1727,NULL,NULL,'Carretera a Motozintla','Tipo de vegetación pino encino , frecuencia alta',7,'MEX',192,14,34,NULL),(23,15.32338888888889,-92.29719444444444,NULL,1727,NULL,NULL,'Carretera a Motozintla','Tipo de vegetación pino encino',7,'MEX',192,14,34,NULL),(24,16.66122222222222,-94.22355555555556,NULL,1609,NULL,NULL,'San Antonio; Camino al Paraje el Retén','Tipo de vegetación pino encino, frecuencia alta',20,'MEX',1298,14,34,NULL),(25,16.66122222222222,-94.22355555555556,NULL,1609,NULL,NULL,'San Antonio; Camino al Paraje el Retén','Tipo de vegetación pino encino, frecuencia alta',20,'MEX',1298,14,34,NULL),(26,16.66122222222222,-94.22355555555556,NULL,1609,NULL,NULL,'San Antonio; Camino al Paraje el Retén','Tipo de vegetación pino encino, frecuencia alta',20,'MEX',1298,14,34,NULL),(27,16.66122222222222,-94.22355555555556,NULL,1609,NULL,NULL,'San Antonio; Camino al Paraje el Retén','Tipo de vegetación pino encino, frecuencia alta',20,'MEX',1298,14,34,NULL),(28,16.66122222222222,-94.22355555555556,NULL,1609,NULL,NULL,'San Antonio; Camino al Paraje el Retén','Tipo de vegetación pino encino, frecuencia alta',20,'MEX',1298,14,34,NULL),(29,16.66122222222222,-94.22355555555556,NULL,1609,NULL,NULL,'San Antonio; Camino al Paraje el Retén','Tipo de vegetación pino encino',20,'MEX',1298,14,34,NULL),(30,16.15075,-93.59011111111111,NULL,1182,NULL,NULL,'Sierra More; sendero corto 800m','Tipo de vegetación pino encino, frecuencia alta',7,'MEX',174,14,34,NULL),(31,16.15075,-93.59011111111111,NULL,1182,NULL,NULL,'Sierra More; sendero corto 800m','Tipo de vegetación pino encino, frecuencia alta',7,'MEX',174,14,34,NULL),(32,16.15075,-93.59011111111111,NULL,1182,NULL,NULL,'Sierra More; sendero corto 800m','Tipo de vegetación pino encino, frecuencia alta',7,'MEX',174,14,34,NULL),(33,16.15075,-93.59011111111111,NULL,1182,NULL,NULL,'Sierra More; sendero corto 800m','Tipo de vegetación pino encino, frecuencia alta',7,'MEX',174,14,34,NULL),(34,19.34786111111111,-96.95994444444445,NULL,1048,NULL,NULL,'Camino entre Cosautlán y Baxtla','Tipo de vegetación pino encino, frecuencia alta',30,'MEX',2106,14,34,NULL),(35,NULL,NULL,NULL,NULL,NULL,NULL,NULL,NULL,NULL,'MEX',NULL,NULL,34,NULL),(36,18.651694444444445,-97.0093611111111,NULL,1363,NULL,NULL,'Reserva del Bicenterio','Tipo de vegetación bosque mesófilo, frecuencia alta',30,'MEX',2236,5,34,NULL),(37,NULL,NULL,NULL,NULL,NULL,NULL,NULL,NULL,NULL,'MEX',NULL,NULL,34,NULL),(38,19.87611,-97.506111,NULL,1765,NULL,NULL,'Eloxochitlan; sobre vereda de ciclistas','Tipo de vegetacion bosque de pino-encino',21,'MEX',1637,NULL,34,NULL),(39,16.15075,-93.59011111111111,NULL,1182,NULL,NULL,'Sierra More; sendero corto 800m','Tipo de vegetación pino encino, frecuencia alta',7,'MEX',174,14,45,NULL),(40,16.15075,-93.59011111111111,NULL,155,NULL,NULL,'Cerca de la cabecera municipal','Tipo de vegetación pino encino, frecuencia alta',20,'MEX',1298,14,32,NULL),(41,16.15075,-93.59011111111111,NULL,155,NULL,NULL,'Cerca de la cabecera municipal','Tipo de vegetación pino encino, frecuencia alta',20,'MEX',1298,14,32,NULL),(42,16.15075,-93.59011111111111,NULL,155,NULL,NULL,'Cerca de la cabecera municipal','Tipo de vegetación pino encino, frecuencia alta',20,'MEX',1298,14,32,NULL),(43,16.15075,-93.59011111111111,NULL,155,NULL,NULL,'Cerca de la cabecera municipal','Tipo de vegetación pino encino, frecuencia alta',20,'MEX',1298,14,32,NULL),(44,16.15075,-93.59011111111111,NULL,155,NULL,NULL,'Cerca de la cabecera municipal','Tipo de vegetación pino encino, frecuencia alta',20,'MEX',1298,14,32,NULL),(45,16.15075,-93.59011111111111,NULL,155,NULL,NULL,'Cerca de la cabecera municipal','Tipo de vegetación pino encino, frecuencia alta',20,'MEX',1298,14,32,NULL),(46,16.15075,-93.59011111111111,NULL,155,NULL,NULL,'Cerca de la cabecera municipal','Tipo de vegetación pino encino, frecuencia alta',20,'MEX',1298,14,32,NULL),(47,16.15075,-93.59011111111111,NULL,155,NULL,NULL,'Cerca de la cabecera municipal','Tipo de vegetación pino encino, frecuencia alta',20,'MEX',1298,14,32,NULL),(48,16.15075,-93.59011111111111,NULL,155,NULL,NULL,'Cerca de la cabecera municipal','Tipo de vegetación pino encino, frecuencia alta',20,'MEX',1298,14,32,NULL),(49,19.34786111111111,-96.95994444444445,NULL,1048,NULL,NULL,'Camino entre Cosautlán y Baxtla','Tipo de vegetación pino encino, frecuencia alta',30,'MEX',2106,14,32,NULL),(50,15.293777777777777,-92.42486111111111,NULL,2079,NULL,NULL,'Belisario Domìnguez','Tipo de vegetación pino encino, frecuencia alta, tamaño 15m',7,'MEX',192,14,11,NULL),(51,15.293777777777777,-92.42486111111111,NULL,2079,NULL,NULL,'Belisario Domìnguez','Tipo de vegetación pino encino, frecuencia alta, tamaño 15m',7,'MEX',192,14,11,NULL),(52,16.144,-93.60275,NULL,1402,NULL,NULL,'Sierra More','Tipo de vegetaciòn cafetal, frecuencia alta',7,'MEX',174,NULL,11,NULL),(53,15.719555555555555,-92.73405555555556,NULL,1607,NULL,NULL,'El triunfo; Cerca a Finca Liquidambar','Tipo de vegetación cafetal, frecuencia alta',7,'MEX',166,11,11,NULL),(54,15.639722222222222,-92.64838888888889,NULL,1834,NULL,NULL,'Lagu del Cofre','Frecuencia alta',7,'MEX',167,NULL,11,NULL),(55,18.622611111111112,-96.96177777777778,NULL,936,NULL,NULL,'Atzingo','Tipo de vegetacion bosque mesófilo, frecuencia alta',30,'MEX',2240,NULL,11,NULL),(56,18.622611111111112,-96.96177777777778,NULL,936,NULL,NULL,'Atzingo','Tipo de vegetación bosque mesófilo, frecuencia alta',30,'MEX',2240,5,11,NULL),(57,19.188666666666666,-96.99091666666666,NULL,1412,NULL,NULL,'Las Cañadas','Tipo de vegetación bosque mesófilo, frecuencia alta',30,'MEX',2184,5,11,NULL),(58,19.44222,-97.1025,NULL,2283,NULL,NULL,'Oxtlapa','Tipo de vegetación bosque de encino perturbado con cafetales',30,'MEX',2084,3,11,NULL),(59,19.44222,-97.1025,NULL,2283,NULL,NULL,'Oxtlapa','Tipo de vegetación bosque de encino perturbado con cafetales',30,'MEX',2084,3,11,NULL),(60,19.44222,-97.1025,NULL,2283,NULL,NULL,'Oxtlapa','Tipo de vegetación bosque de encino perturbado con cafetales',30,'MEX',2084,3,11,NULL),(61,19.87372,-97.31246,NULL,1531,NULL,NULL,'Xiutetelco','Tipo de vegetación bosque mesófilo con helechos arborescentes, frecuencia escasa, tamaño 25m',21,'MEX',1643,6,11,NULL),(62,20.3275,-98.21028,NULL,1661,NULL,NULL,'Tenango de Doria','Tipo de vegetación bosque de encino',13,'MEX',513,1,11,NULL),(63,NULL,NULL,NULL,NULL,NULL,NULL,NULL,NULL,NULL,'MEX',NULL,NULL,38,'SIN FICHA'),(64,16.66122222222222,-94.22355555555556,NULL,1609,NULL,NULL,'San Antonio; camino al paraje el Retèn','Tipo de vegetación pino encino, frecuencia alta',20,'MEX',1298,14,38,'SIN FICHA'),(65,15.8025,-92.54830555555556,NULL,1708,NULL,NULL,'La union Bue vista','Tipo de vegetación potreros, frecuencia alta, tamaño 15m',7,'MEX',153,15,38,'SIN FICHA, FALTAN 2 REGISTROS QUE NO SE'),(66,NULL,NULL,NULL,NULL,NULL,NULL,NULL,NULL,NULL,'MEX',NULL,NULL,38,NULL),(67,NULL,NULL,NULL,NULL,NULL,NULL,NULL,NULL,NULL,'MEX',NULL,NULL,38,NULL),(68,19.32777777777778,-97.02752777777778,NULL,1344,NULL,NULL,'Camino entre Cosautlán y Teocelo','Tipo de vegetación pino encino, frecuencia alta',30,'MEX',2106,14,38,NULL),(69,NULL,NULL,NULL,NULL,NULL,NULL,NULL,NULL,NULL,'MEX',NULL,NULL,38,NULL),(70,19.44222,-97.1025,NULL,2283,NULL,NULL,'Oxtlapa','Tipo de vegetación bosque de encino perturbado con cafetales',30,'MEX',2084,3,38,NULL),(71,15.298333333333334,-92.28977777777777,NULL,2079,NULL,NULL,NULL,'Tipo de vegetación pino encino, frecuencia alta, tamaño 15m',7,'MEX',192,14,16,NULL),(72,15.298333333333334,-92.28977777777777,NULL,2079,NULL,NULL,NULL,'Tipo de vegetación pino encino, frecuencia alta, tamaño 15m',7,'MEX',192,14,16,NULL),(73,15.298333333333334,-92.28977777777777,NULL,2079,NULL,NULL,NULL,'Tipo de vegetación pino encino, frecuencia alta, tamaño 15m',7,'MEX',192,14,16,NULL),(74,15.298333333333334,-92.28977777777777,NULL,2079,NULL,NULL,NULL,'Tipo de vegetación pino encino, frecuencia alta, tamaño 15m',7,'MEX',192,14,16,NULL),(75,15.298333333333334,-92.28977777777777,NULL,2079,NULL,NULL,NULL,'Tipo de vegetación pino encino, frecuencia alta, tamaño 15m',7,'MEX',192,14,16,NULL),(76,15.298333333333334,-92.28977777777777,NULL,2079,NULL,NULL,NULL,'Tipo de vegetación pino encino, frecuencia alta, tamaño 15m',7,'MEX',192,14,16,NULL),(77,15.298333333333334,-92.28977777777777,NULL,2079,NULL,NULL,NULL,'Tipo de vegetación pino encino, frecuencia alta, tamaño 15m',7,'MEX',192,14,16,NULL),(78,16.151277777777775,-93.59030555555555,NULL,1182,NULL,NULL,'Sierra More','Frecuencia alta',7,'MEX',174,NULL,16,NULL),(79,20.263972222222222,-104.80897222222222,NULL,1334,NULL,NULL,'Monte Grande','Tipo de vegetación selva humeda media, informacion ambiental a orilla de rio',14,'MEX',611,17,16,NULL),(80,20.263972222222222,-104.80897222222222,NULL,1334,NULL,NULL,'Monte Grande','Tipo de vegetación selva humeda media, informacion ambiental a orilla de rio',14,'MEX',611,17,16,NULL),(81,20.263972222222222,-104.80897222222222,NULL,1324,NULL,NULL,'Monte Grande','Tipo de vegetación selva humeda media, informacion ambiental a orilla de rio',14,'MEX',611,17,16,NULL),(82,20.263972222222222,-104.80897222222222,NULL,1339,NULL,NULL,'Monte Grande','Tipo de vegetación selva humeda media, informacion ambiental a orilla de rio',14,'MEX',611,17,16,NULL),(83,20.263972222222222,-104.80897222222222,NULL,1324,NULL,NULL,'Monte Grande','Tipo de vegetación selva humeda media, informacion ambiental a orilla de rio',14,'MEX',611,17,16,NULL),(84,NULL,NULL,NULL,NULL,NULL,NULL,NULL,NULL,NULL,'MEX',NULL,NULL,16,NULL),(85,NULL,NULL,NULL,NULL,NULL,NULL,NULL,NULL,NULL,'MEX',NULL,NULL,16,NULL),(86,16.15075,-93.59011111111111,NULL,155,NULL,NULL,'Cerca de la cabecera municipal','Tipo de vegetación pino encino, frecuencia alta',20,'MEX',1298,14,20,NULL),(87,16.15075,-93.59011111111111,NULL,155,NULL,NULL,'Cerca de la cabecera municipal','Tipo de vegetación pino encino, frecuencia alta',20,'MEX',1298,14,20,NULL),(88,16.15075,-93.59011111111111,NULL,155,NULL,NULL,'Cerca de la cabecera municipal','Tipo de vegetación pino encino, frecuencia alta',20,'MEX',1298,14,20,NULL),(89,16.15075,-93.59011111111111,NULL,155,NULL,NULL,'Cerca de la cabecera municipal','Tipo de vegetación pino encino, frecuencia alta',20,'MEX',1298,14,20,NULL),(90,16.15075,-93.59011111111111,NULL,155,NULL,NULL,'Cerca de la cabecera municipal','Tipo de vegetación pino encino, frecuencia alta',20,'MEX',1298,14,20,NULL),(91,16.15075,-93.59011111111111,NULL,155,NULL,NULL,'Cerca de la cabecera municipal','Tipo de vegetación pino encino, frecuencia alta',20,'MEX',1298,14,20,NULL),(92,16.15075,-93.59011111111111,NULL,155,NULL,NULL,'Cerca de la cabecera municipal','Tipo de vegetación pino encino, frecuencia alta',20,'MEX',1298,14,20,NULL),(93,16.66122222222222,-94.22355555555556,NULL,1609,NULL,NULL,'San Antonio; camino al paraje el Retèn','Tipo de vegetación pino encino, frecuencia alta',20,'MEX',1298,14,5,NULL),(94,15.701555555555554,-92.73177777777778,NULL,1642,NULL,NULL,'Colombia','Frecuencia alta',7,'MEX',166,NULL,33,NULL),(95,16.154083333333332,-93.59233333333333,NULL,1576,NULL,NULL,'Sierra More','Tipo de vegetación bosque mesófilo, frecuencia alta',7,'MEX',174,5,33,NULL),(96,16.134444444444444,-93.59594444444444,NULL,1615,NULL,NULL,'Sierra More','Tipo de vegetación bosque mesófilo, frecuencia alta',7,'MEX',174,5,33,NULL),(97,16.13561111111111,-93.59594444444444,NULL,1604,NULL,NULL,'Sierra More','Tipo de vegetación bosque mesófilo, frecuencia alta',7,'MEX',174,5,33,NULL),(98,16.134444444444444,-93.59597222222222,NULL,1615,NULL,NULL,'Sierra More','Tipo de vegetación bosque mesófilo, frecuencia alta',7,'MEX',174,5,33,NULL),(99,16.134444444444444,-93.59597222222222,NULL,1615,NULL,NULL,'Sierra More','Tipo de vegetación bosque mesófilo, frecuencia alta',7,'MEX',174,5,33,NULL),(100,16.134444444444444,-93.59597222222222,NULL,1615,NULL,NULL,'Sierra More','Tipo de vegetación bosque mesófilo, frecuencia alta',7,'MEX',174,5,33,NULL),(101,16.134444444444444,-93.59597222222222,NULL,1615,NULL,NULL,'Sierra More','Tipo de vegetacion bosque mesófilo, frecuencia alta',7,'MEX',174,NULL,33,NULL),(102,16.134444444444444,-93.59597222222222,NULL,1615,NULL,NULL,'Sierra More','Tipo de vegetación bosque mesófilo, frecuencia alta',7,'MEX',174,5,33,NULL),(103,16.134444444444444,-93.59597222222222,NULL,1615,NULL,NULL,'Sierra More','Tipo de vegetación bosque mesófilo, frecuencia alta',7,'MEX',174,5,33,NULL),(104,16.134444444444444,-93.59597222222222,NULL,1615,NULL,NULL,'Sierra More','Tipo de vegetación bosque mesófilo, frecuencia alta',7,'MEX',174,5,33,NULL),(105,16.134444444444444,-93.59597222222222,NULL,1615,NULL,NULL,'Sierra More','Tipo de vegetación bosque mesófilo, frecuencia alta',7,'MEX',174,5,33,NULL),(106,15.8025,-92.54830555555556,NULL,1708,NULL,NULL,'La union Bue Vista','Tipo de vegetación potreros, frecuencia alta, tamaño 15m',7,'MEX',153,15,33,NULL),(107,15.8025,-92.54830555555556,NULL,1708,NULL,NULL,'La union Bue Vista','Tipo de vegetación potreros, frecuencia alta, tamaño 15m',7,'MEX',153,15,33,NULL),(108,15.8025,-92.54830555555556,NULL,1708,NULL,NULL,'La union Bue Vista','Tipo de vegetación potreros, frecuencia alta, tamaño 15m',7,'MEX',153,15,33,NULL),(109,15.8025,-92.54830555555556,NULL,1708,NULL,NULL,'La union Bue Vista','Tipo de vegetación potreros, frecuencia alta, tamaño 15m',7,'MEX',153,15,33,NULL),(110,15.8025,-92.54830555555556,NULL,1708,NULL,NULL,'La union Bue Vista','Tipo de vegetación potreros, frecuencia alta, tamaño 15m',7,'MEX',153,15,33,NULL),(111,15.8025,-92.54830555555556,NULL,1708,NULL,NULL,'La union Bue Vista','Tipo de vegetación potreros, frecuencia alta, tamaño 15m',7,'MEX',153,15,33,NULL),(112,15.8025,-92.54830555555556,NULL,1708,NULL,NULL,'La union Bue Vista','Tipo de vegetación potreros, frecuencia alta, tamaño 15m',7,'MEX',153,15,33,NULL),(113,15.8025,-92.54830555555556,NULL,1708,NULL,NULL,'La union Bue Vista','Tipo de vegetación potreros, frecuencia alta, tamaño 15m',7,'MEX',153,15,33,NULL),(114,16.66122222222222,-94.22355555555556,NULL,1609,NULL,NULL,'San Antonio; Camino al Paraje el Reten','Tipo de vegetación pino encino, frecuencia alta',20,'MEX',1298,14,33,NULL),(115,16.66122222222222,-94.22355555555556,NULL,1609,NULL,NULL,'San Antonio; Camino al Paraje el Reten','Tipo de vegetación pino encino, frecuencia alta',20,'MEX',1298,14,33,NULL),(116,16.66122222222222,-94.22355555555556,NULL,1609,NULL,NULL,'San Antonio; Camino al Paraje el Reten','Tipo de vegetación pino encino, frecuencia alta',20,'MEX',1298,14,33,NULL),(117,16.66122222222222,-94.22355555555556,NULL,1609,NULL,NULL,'San Antonio; Camino al Paraje el Reten','Tipo de vegetación pino encino, frecuencia alta',20,'MEX',1298,14,33,NULL),(118,16.66122222222222,-94.22355555555556,NULL,1609,NULL,NULL,'San Antonio; Camino al Paraje el Reten','Tipo de vegetación pino encino, frecuencia alta',20,'MEX',1298,14,33,NULL),(119,16.66122222222222,-94.22355555555556,NULL,1609,NULL,NULL,'San Antonio; Camino al Paraje el Reten','Tipo de vegetación pino encino, frecuencia alta',20,'MEX',1298,14,33,NULL),(120,16.66122222222222,-94.22355555555556,NULL,1609,NULL,NULL,'San Antonio; Camino al Paraje el Reten','Tipo de vegetación pino encino, frecuencia alta',20,'MEX',1298,14,33,NULL),(121,NULL,NULL,NULL,NULL,NULL,NULL,NULL,NULL,NULL,'MEX',NULL,NULL,33,NULL),(122,NULL,NULL,NULL,NULL,NULL,NULL,NULL,NULL,NULL,'MEX',NULL,NULL,33,NULL),(123,16.66122222222222,-94.22355555555556,NULL,1609,NULL,NULL,'San Antonio; Camino al Paraje el Retén','Tipo de vegetación pino encino, frecuencia alta',20,'MEX',1298,14,33,NULL),(124,NULL,NULL,NULL,NULL,NULL,NULL,NULL,NULL,NULL,'MEX',NULL,NULL,33,NULL),(125,NULL,NULL,NULL,NULL,NULL,NULL,NULL,NULL,NULL,'MEX',NULL,NULL,33,NULL),(126,NULL,NULL,NULL,NULL,NULL,NULL,NULL,NULL,NULL,'MEX',NULL,NULL,33,NULL),(127,19.18986111111111,-96.98772222222222,NULL,1347,NULL,NULL,'Las Cañadas','Tipo de vegetación bosque mesófilo, frecuencia alta',30,'MEX',2184,5,33,NULL),(128,NULL,NULL,NULL,NULL,NULL,NULL,NULL,NULL,NULL,'MEX',NULL,NULL,33,NULL),(129,NULL,NULL,NULL,NULL,NULL,NULL,NULL,NULL,NULL,'MEX',NULL,NULL,33,NULL),(130,NULL,NULL,NULL,NULL,NULL,NULL,NULL,NULL,NULL,'MEX',NULL,NULL,33,NULL),(131,19.87372,-97.31246,NULL,1531,NULL,NULL,'Xiutetelco','Tipo de vegetación bosque mesófilo con presencia de helechos arborescentes, altura 30m, frecuencia escasa',21,'MEX',1643,8,33,NULL),(132,19.48939,-96.96438,NULL,1352,NULL,NULL,'5 palos','Tipo de vegetación bosque mesófilo con liquidambar y helechos arborescentes, altura 25m, con fruto anual que sale de la axila de la hoja',30,'MEX',2104,7,33,NULL),(133,19.48939,-96.96438,NULL,1352,NULL,NULL,'5 palos','Tipo de vegetación bosque mesófilo con liquidambar y helechos arborescentes, altura 25m, con fruto anual que sale de la axila de la hoja',30,'MEX',2104,7,33,NULL),(134,19.48939,-96.96438,NULL,1352,NULL,NULL,'5 palos','Tipo de vegetación bosque mesófilo con liquidambar y helechos arborescentes, altura 25m, con fruto anual que sale de la axila de la hoja',30,'MEX',2104,7,33,NULL),(135,19.48939,-96.96438,NULL,1352,NULL,NULL,'5 palos','Tipo de vegetación bosque mesófilo con liquidambar y helechos arborescentes, altura 25m, con fruto anual que sale de la axila de la hoja',30,'MEX',2104,7,33,NULL),(136,21.003889,-98.6613389,NULL,1765,NULL,NULL,'Tlanchinol; sobre la coli al lado de la carretera','Tipo de vegetación bosque de encino con selva alta, altura 25 m',13,'MEX',498,2,33,NULL),(137,16.66122222222222,-94.22355555555556,NULL,1609,NULL,NULL,'San Antonio; Camino al Paraje el Retén','Tipo de vegetación pino encino, frecuencia alta',20,'MEX',1298,14,41,NULL),(138,16.66122222222222,-94.22355555555556,NULL,1609,NULL,NULL,'San Antonio; Camino al Paraje el Retén','Tipo de vegetación pino encino, frecuencia alta',20,'MEX',1298,14,41,NULL),(139,16.66122222222222,-94.22355555555556,NULL,1609,NULL,NULL,'San Antonio; Camino al Paraje el Retén','Tipo de vegetación pino encino, frecuencia alta',20,'MEX',1298,14,41,NULL),(140,NULL,NULL,NULL,NULL,NULL,NULL,NULL,NULL,NULL,'MEX',NULL,NULL,41,NULL),(141,16.662527777777775,-94.22102777777778,NULL,1562,NULL,NULL,'San Antonio','Tipo de vegetación bosque mesófilo, frecuencia alta',20,'MEX',1298,5,24,NULL),(142,16.662527777777775,-94.22102777777778,NULL,1562,NULL,NULL,'San Antonio','Tipo de vegetación bosque mesófilo, frecuencia alta',20,'MEX',1298,5,24,NULL),(143,16.662527777777775,-94.22102777777778,NULL,1562,NULL,NULL,'San Antonio','Tipo de vegetación bosque mesófilo, frecuencia alta',20,'MEX',1298,5,24,NULL),(144,NULL,NULL,NULL,NULL,NULL,NULL,NULL,NULL,NULL,'MEX',NULL,NULL,24,NULL),(145,NULL,NULL,NULL,NULL,NULL,NULL,NULL,NULL,NULL,'MEX',NULL,NULL,24,NULL),(146,20.264166666666668,-104.8093611111111,NULL,1339,NULL,NULL,'Monte Grande','Tipo de vegetación selva humeda media, frecuencia baja, información ambiental a orilla de rio',14,'MEX',611,17,24,NULL),(147,20.264166666666668,-104.8093611111111,NULL,1339,NULL,NULL,'Monte Grande','Tipo de vegetación selva humeda media, frecuencia baja, información ambiental a orilla de rio',14,'MEX',611,17,24,NULL),(148,20.264166666666668,-104.8093611111111,NULL,1339,NULL,NULL,'Monte Grande','Tipo de vegetación selva humeda media, frecuencia baja, información ambiental a orilla de rio',14,'MEX',611,17,24,NULL),(149,20.263972222222222,-104.80897222222222,NULL,1334,NULL,NULL,'Monte Grande','Tipo de vegetación selva humeda media, frecuencia alta, información ambiental a orilla de rio',14,'MEX',611,17,24,NULL),(150,20.38372222222222,-105.06011111111111,NULL,1339,NULL,NULL,'Monte Grande','Tipo de vegetación selva humeda media, frecuencia alta, información ambiental a orilla de rio',14,'MEX',611,17,24,NULL),(151,20.38372222222222,-105.06011111111111,NULL,1339,NULL,NULL,'Monte Grande','Tipo de vegetación selva humeda media, frecuencia baja, información ambiental a orilla de rio',14,'MEX',611,17,24,NULL),(152,NULL,NULL,NULL,NULL,NULL,NULL,NULL,NULL,NULL,'MEX',NULL,NULL,24,NULL),(153,NULL,NULL,NULL,NULL,NULL,NULL,NULL,NULL,NULL,'MEX',NULL,NULL,24,NULL),(154,18.621583333333334,-96.962,NULL,980,NULL,NULL,'Atzingo','Tipo de vegetación bosque mesófilo, frecuencia alta',30,'MEX',2240,5,24,NULL),(155,19.188666666666666,-96.99091666666666,NULL,1412,NULL,NULL,'Las Cañadas','Tipo de vegetación bosque mesófilo, frecuencia alta',30,'MEX',2184,5,24,NULL),(156,19.188666666666666,-96.99091666666666,NULL,1412,NULL,NULL,'Las Cañadas','Tipo de vegetación bosque mesófilo, frecuencia alta',30,'MEX',2184,5,24,NULL),(157,19.188666666666666,-96.99091666666666,NULL,1412,NULL,NULL,'Las Cañadas','Tipo de vegetación bosque mesófilo, frecuencia alta',30,'MEX',2184,5,24,NULL),(158,19.188666666666666,-96.99091666666666,NULL,1412,NULL,NULL,'Las Cañadas','Tipo de vegetación bosque mesófilo, frecuencia alta',30,'MEX',2184,5,24,NULL),(159,20.263972222222222,-104.80897222222222,NULL,1334,NULL,NULL,'Monte Grande','Tipo de vegetación selva humeda media, frecuencia alta, información ambiental a orilla de rio',14,'MEX',611,17,23,NULL),(160,20.263972222222222,-104.80897222222222,NULL,1334,NULL,NULL,'Monte Grande','Tipo de vegetación selva humeda media, informacion ambiental a orilla de rio',14,'MEX',611,17,23,NULL),(161,20.263972222222222,-104.80897222222222,NULL,1334,NULL,NULL,'Monte Grande','Tipo de vegetación selva humeda media, informacion ambiental a orilla de rio',14,'MEX',611,17,29,NULL),(162,20.50625,-105.10638,NULL,1150,NULL,NULL,'Cuale','Tipo de vegetación bosque de encino',14,'MEX',611,1,29,NULL),(163,20.50625,-105.10638,NULL,1150,NULL,NULL,'Cuale','Tipo de vegetación bosque de encino',14,'MEX',611,1,29,NULL),(164,25.715666666666667,-107.56497222222222,NULL,1133,NULL,NULL,'9km al Sur de Surutato; Sobre carretera hacia Surutato','Tipo de vegetación bosque de encino',25,'MEX',1874,1,29,NULL),(165,20.38372222222222,-105.06011111111111,NULL,1339,NULL,NULL,'Monte Grande','Tipo de vegetación selva humeda media, informacion ambiental a orilla de rio',14,'MEX',611,17,13,NULL),(166,16.160277777777775,-97.07016666666667,NULL,1850,NULL,NULL,'Santa fe lachao; 3.5km al Sureste de la desviacion a Lachao viejo, hacia puerto escondido','Tipo de vegetacion selva media con encinos, altura 30m',20,'MEX',1564,NULL,13,NULL),(167,20.263972222222222,-104.80894444444444,NULL,1334,NULL,NULL,'Monte Grande','Tipo de vegetación selva humeda media, frecuencia baja, información ambiental a orilla de rio',14,'MEX',611,17,7,NULL),(168,20.263972222222222,-104.80894444444444,NULL,1334,NULL,NULL,'Monte Grande','Tipo de vegetación selva humeda media, frecuencia alta,  información ambiental a orilla de rio',14,'MEX',611,17,7,NULL),(169,19.348388888888888,-96.95941666666667,NULL,1061,NULL,NULL,'Camino entre Cosautlán y Baxtla','Tipo de vegetación pino encino, frecuencia alta',30,'MEX',2106,14,7,NULL),(170,19.355861111111114,-97.02347222222222,NULL,1406,NULL,NULL,'Camino entre Cosautlán y Baxtla','Tipo de vegetación pino encino, frecuencia alta',30,'MEX',2106,14,7,NULL),(171,19.355861111111114,-97.02347222222222,NULL,1406,NULL,NULL,'Camino entre Cosautlán y Baxtla','Tipo de vegetación pino encino, frecuencia alta',30,'MEX',2106,14,7,NULL),(172,NULL,NULL,NULL,NULL,NULL,NULL,NULL,NULL,NULL,'MEX',NULL,NULL,7,NULL),(173,NULL,NULL,NULL,NULL,NULL,NULL,NULL,NULL,NULL,'MEX',NULL,NULL,47,NULL),(174,20.38372222222222,-105.06011111111111,NULL,1339,NULL,NULL,'Monte Grande','Tipo de vegetación selva humeda media, frecuencia baja, información ambiental a orilla de rio',14,'MEX',611,17,47,NULL),(175,20.264166666666668,-104.8093611111111,NULL,1339,NULL,NULL,'Monte Grande','Tipo de vegetación selva humeda media, frecuencia baja, información ambiental a orilla de rio',14,'MEX',611,17,47,NULL),(176,20.38372222222222,-105.06011111111111,NULL,1339,NULL,NULL,'Monte Grande','Tipo de vegetación selva humeda media, frecuencia baja, información ambiental a orilla de rio',14,'MEX',611,17,47,NULL),(177,16.160277777777775,-97.07016944444445,NULL,1850,NULL,NULL,'Santa Fe Lachao; 3.5km al sureste de la desviacion a Lachao viejo, hacia puerto escondido','Tipo de vegetacion selva media con quercus, altura 30m',20,'MEX',1564,NULL,47,NULL),(178,16.160277777777775,-97.07016944444445,NULL,1850,NULL,NULL,'Santa Fe Lachao; 3.5km al sureste de la desviacion a Lachao viejo, hacia puerto escondido','Tipo de vegetacion selva media con quercus, altura 30m',20,'MEX',1564,NULL,47,NULL),(179,20.263972222222222,-104.80897222222222,NULL,1334,NULL,NULL,'Monte Grande','Tipo de vegetación selva humeda media,  informacion ambiental a orilla de rio',14,'MEX',611,17,37,NULL),(180,20.263972222222222,-104.80897222222222,NULL,1339,NULL,NULL,'Monte Grande','Tipo de vegetación selva humeda media, frecuencia alta,  información ambiental a orilla de rio',14,'MEX',611,17,37,NULL),(181,20.38372222222222,-105.06011111111111,NULL,1340,NULL,NULL,'Monte Grande','Tipo de vegetación bosque de encino',14,'MEX',611,1,37,NULL),(182,20.38372222222222,-105.06011111111111,NULL,1340,NULL,NULL,'Monte Grande','Tipo de vegetación bosque de encino',14,'MEX',611,1,37,NULL),(183,20.50625,-105.10638,NULL,1199,NULL,NULL,'Cuale','Tipo de vegetación bosque de encino',14,'MEX',611,1,42,'La esta trabajando Gonzalez Villarreal'),(184,20.50625,-105.10638,NULL,1199,NULL,NULL,'Cuale','Tipo de vegetación bosque de encino',14,'MEX',611,1,42,NULL),(185,NULL,NULL,NULL,NULL,NULL,NULL,NULL,NULL,NULL,'MEX',NULL,NULL,36,NULL),(186,NULL,NULL,NULL,NULL,NULL,NULL,NULL,NULL,NULL,'MEX',NULL,NULL,36,NULL),(187,18.651694444444445,-97.0093611111111,NULL,1363,NULL,NULL,'Reserva del Bicenterio','Tipo de vegetación bosque mesófilo, frecuencia alta',30,'MEX',2236,5,36,NULL),(188,NULL,NULL,NULL,NULL,NULL,NULL,NULL,NULL,NULL,'MEX',NULL,NULL,36,NULL),(189,21.645833,-99.158889,NULL,745,NULL,NULL,'Aquismo','Tipo de vegetación bosque de encino',24,'MEX',1855,1,36,NULL),(190,NULL,NULL,NULL,NULL,NULL,NULL,NULL,NULL,NULL,'MEX',NULL,NULL,12,NULL),(191,20.08139,-97.528801,NULL,418,NULL,NULL,'Cuetzalan','Tipo de vegetación bosque mesófilo perturbado, frecuencia escasa, altura 25m',21,'MEX',1622,9,12,NULL),(192,26.762138888888888,-108.1525,NULL,1041,NULL,NULL,'17km al Noreste de Choix','Arbol de 8 m',25,'MEX',1881,NULL,49,NULL),(193,25.52433333333333,-107.39150000000001,NULL,1213,NULL,NULL,'18km al Noreste de Badiraguato','Transición bosque tropical caducifolio a bosque de encino',25,'MEX',1874,NULL,28,NULL),(194,25.52433333333333,-107.39150000000001,NULL,1213,NULL,NULL,'18km al Noreste de Badiraguato','Transición bosque tropical caducifolio a bosque de encino',25,'MEX',1874,NULL,28,NULL),(195,NULL,NULL,NULL,NULL,NULL,NULL,NULL,NULL,NULL,'MEX',NULL,NULL,31,NULL),(196,19.44222,-97.1025,NULL,2283,NULL,NULL,'Oxtlapa','Tipo de vegetacion bosque de encino perturbado con cafetales, altura 20m',30,'MEX',2084,NULL,31,NULL),(197,19.44222,-97.1025,NULL,2283,NULL,NULL,'Oxtlapa','Tipo de vegetacion bosque de encino perturbado con cafetales, altura 20m',30,'MEX',2084,NULL,31,NULL),(198,19.87372,-97.31246,NULL,1531,NULL,NULL,'Xiutetelco','Tipo de vegetacion bosque mesófilo con presencia de helechos arborecentes, altura25m, frecuencia baja',21,'MEX',1643,NULL,31,NULL),(199,20.3275,-98.21028,NULL,1661,NULL,NULL,'Tengo de Doria','Tipo de vegetacion bosque de encino',13,'MEX',513,NULL,31,NULL),(200,NULL,NULL,NULL,NULL,NULL,NULL,NULL,NULL,NULL,'MEX',NULL,NULL,39,NULL),(201,NULL,NULL,NULL,NULL,NULL,NULL,NULL,NULL,NULL,'MEX',NULL,NULL,39,NULL),(202,NULL,NULL,NULL,NULL,NULL,NULL,NULL,NULL,NULL,'MEX',NULL,NULL,39,NULL),(203,NULL,NULL,NULL,NULL,NULL,NULL,NULL,NULL,NULL,'MEX',NULL,NULL,39,NULL),(204,NULL,NULL,NULL,NULL,NULL,NULL,NULL,NULL,NULL,'MEX',NULL,NULL,39,NULL),(205,NULL,NULL,NULL,NULL,NULL,NULL,NULL,NULL,NULL,'MEX',NULL,NULL,39,NULL),(206,19.783611,-97.821667,NULL,2306,NULL,NULL,'Tetela de Ocampo; cerca del rio','Tipo de vegetacion bosque de encino y alnus, altura 10m, fruto anual',21,'MEX',1628,NULL,39,NULL),(207,21.645833,-99.158889,NULL,745,NULL,NULL,'Aquismo','Tipo de vegetacion bosque de encino',24,'MEX',1855,NULL,39,NULL),(208,19.87611,-97.506111,NULL,1765,NULL,NULL,'Eloxochitlan; sobre vereda de ciclistas','Tipo de vegetacion bosque de pino- encino',21,'MEX',1637,NULL,39,NULL),(209,19.87611,-97.506111,NULL,1765,NULL,NULL,'Eloxochitlan; sobre vereda de ciclistas','Tipo de vegetacion bosque de pino- encino',21,'MEX',1637,NULL,39,NULL),(210,25.37524,-100.21185,NULL,1465,NULL,NULL,'Manzano; rumbo a la cienega de Gonzalez','Tipo de vegetacion calon humedo con elementos de mesófilo, altura 8m',19,'MEX',985,NULL,39,NULL),(211,NULL,NULL,NULL,NULL,NULL,NULL,NULL,NULL,NULL,'MEX',NULL,NULL,3,NULL),(212,16.68733,-95.511389,NULL,1233,NULL,NULL,'Lachiguiri','Tipo de vegetacion bosque de pino-encino, entre la selva; altura 12m bianual, frecuencia baja',20,'MEX',1365,NULL,3,NULL),(213,19.35206,-103.16158,NULL,1721,NULL,NULL,'Las animas','Tipo de vegetacion bosque de encino, hojas predomintes enteras, fruto pequeño bianual; altura 12m',14,'MEX',613,NULL,3,NULL),(214,19.39878,-101.20878,NULL,2224,NULL,NULL,'Etucuaro; Villa Madero','Tipo de vegetacion bosque de encino, sobre la coli, altura 12m',16,'MEX',829,NULL,3,NULL),(215,19.39878,-101.20878,NULL,2224,NULL,NULL,'Etucuaro; Villa Madero','Tipo de vegetacion bosque de encino, sobre la coli, altura 12m',16,'MEX',829,NULL,3,NULL),(216,NULL,NULL,NULL,NULL,NULL,NULL,NULL,NULL,NULL,'MEX',NULL,NULL,2,NULL),(217,NULL,NULL,NULL,NULL,NULL,NULL,NULL,NULL,NULL,'MEX',NULL,NULL,25,NULL),(218,19.188666666666666,-96.99091666666666,NULL,1412,NULL,NULL,'Las Cañadas','Tipo de vegetación bosque mesófilo',30,'MEX',2184,5,25,NULL),(219,19.4839,-96.96438,NULL,1352,NULL,NULL,'5 palos','Tipo de vegetación bosque mesófilo con liquidambar y helechos arborescentes, Altura 25m, fruto anual',30,'MEX',2104,7,25,NULL),(220,NULL,NULL,NULL,NULL,NULL,NULL,NULL,NULL,NULL,'MEX',NULL,NULL,50,NULL),(221,NULL,NULL,NULL,NULL,NULL,NULL,NULL,NULL,NULL,'MEX',NULL,NULL,50,NULL),(222,19.34933333333333,-96.9695,NULL,1026,NULL,NULL,'Camino entre Cosautlan y Baxtla','Tipo de vegetación pino encino, frecuencia alta',30,'MEX',2106,14,50,NULL),(223,19.34933333333333,-96.9695,NULL,1026,NULL,NULL,'Camino entre Cosautlán y Baxtla','Tipo de vegetación pino encino, frecuencia alta',30,'MEX',2106,14,50,NULL),(224,19.34933333333333,-96.9695,NULL,1026,NULL,NULL,'Camino entre Cosautlan y Baxtla','Tipo de vegetación pino encino, frecuencia alta',30,'MEX',2106,14,50,NULL),(225,19.342805555555554,-96.96975,NULL,1132,NULL,NULL,'Camino entre Cosautlan y Baxtla','Tipo de vegetación pino encino, frecuencia alta',30,'MEX',2106,14,50,NULL),(226,19.87611,-97.506111,NULL,1765,NULL,NULL,'Eloxochitlan; sobre vereda de ciclistas','Tipo de vegetacion bosque de pino- encino',21,'MEX',1637,NULL,9,NULL),(227,19.22222,-96.91333,NULL,1170,NULL,NULL,'Totutla','Tipo de vegetacion bosque de encino, pequeña coli dentro de cafetales, tamaño 25m, frecuencia alta',30,'MEX',2184,NULL,50,NULL),(228,19.22222,-96.91333,NULL,1170,NULL,NULL,'Totutla','Tipo de vegetacion bosque de encino, pequeña coli dentro de cafetales, tamaño 25m, frecuencia alta',30,'MEX',2184,NULL,50,NULL),(229,19.22222,-96.91333,NULL,1170,NULL,NULL,'Totutla','Tipo de vegetacion bosque de encino, pequeña coli dentro de cafetales, tamaño 25m, frecuencia alta',30,'MEX',2184,NULL,50,NULL),(230,21.645833,-99.158889,NULL,745,NULL,NULL,'Aquismo','Tipo de vegetacion bosque de encino',24,'MEX',1855,NULL,50,NULL),(231,21.499722222222225,-104.98305555555555,NULL,1577,NULL,NULL,'UMA La Noria; Camino al Vedario','Tipo de vegetación bosque de pino encino, altura de 8m',18,'MEX',928,4,27,NULL),(232,23.397777777777776,-105.81027777777777,NULL,1716,NULL,NULL,'4km al SW de la Petaca','Tipo de vegetación bosque de pino encino, altura de 10- 15m',25,'MEX',1886,4,27,NULL),(233,23.397777777777776,-105.81027777777777,NULL,1716,NULL,NULL,'4km al SW de la Petaca','Tipo de vegetación bosque de pino encino, altura de 10- 15m',25,'MEX',1886,4,27,NULL),(234,28.436888888888888,-109.2196111111111,NULL,682,NULL,NULL,'Sobre carretera Yecora- La Colorada','Tipo de vegetación bosque tropical caducifolio, altura 3m',26,'MEX',1961,10,46,NULL),(235,23.397777777777776,-105.81027777777777,NULL,1716,NULL,NULL,'4km al SW  de la Petaca','Tipo de vegetación bosque de pino encino, altura 5-10m',25,'MEX',1886,4,44,NULL),(236,24.38297222222222,-106.98472222222222,NULL,565,NULL,NULL,'8km al noreste de Tacuichamo; camino por brecha','Tipo de vegetacion matorral con elementos de bosque tropical caducifolio, altura de 10- 15 m',25,'MEX',1872,NULL,46,NULL),(237,24.38297222222222,-106.98472222222222,NULL,565,NULL,NULL,'8km al Noreste de Tacuichamo; camino por brecha','Tipo de vegetación matorral con elementos de bosque tropical caducifolio, altura de 10- 15 m',25,'MEX',1872,12,44,NULL),(238,25.52433333333333,-107.39150000000001,NULL,1213,NULL,NULL,'18km al noreste de Badiraguato','Tipo de vegetacion transición bosque tropical caducifolio a bosque de encino, altura 4m',25,'MEX',1874,NULL,44,NULL),(239,25.52433333333333,-107.39150000000001,NULL,1213,NULL,NULL,'18km al noreste de Badiraguato','Tipo de vegetacion transición bosque tropical caducifolio a bosque de encino',25,'MEX',1874,NULL,44,NULL),(240,25.715666666666667,-107.56497222222222,NULL,1133,NULL,NULL,'9km al sur de Surutato; Sobre carretera a Surutato','Tipo de vegetación bosque de encino, altura 5m',25,'MEX',1874,1,44,NULL),(241,25.715666666666667,-107.56497222222222,NULL,1133,NULL,NULL,'9km al sur de Surutato; Sobre carretera a Surutato','Tipo de vegetación bosque de encino, altura 5m',25,'MEX',1874,1,44,NULL),(242,25.715666666666667,-107.56497222222222,NULL,1133,NULL,NULL,'9km al sur de Surutato; Sobre carretera a Surutato','Tipo de vegetación bosque de encino, altura 5m',25,'MEX',1874,1,44,NULL),(243,26.762138888888888,-108.1525,NULL,1041,NULL,NULL,'17km al noreste de Choix','Altura 3m',25,'MEX',1881,NULL,10,NULL),(244,26.762138888888888,-108.1525,NULL,1041,NULL,NULL,'17km al noreste de Choix','Altura 3m',25,'MEX',1881,NULL,10,NULL),(245,26.762138888888888,-108.1525,NULL,1041,NULL,NULL,'17km al noreste de Choix','Altura 3m',25,'MEX',1881,NULL,10,NULL),(246,26.762138888888888,-108.1525,NULL,1041,NULL,NULL,'17km al noreste de Choix','Altura 3m',25,'MEX',1881,NULL,10,NULL),(247,27.133277777777778,-108.79572222222222,NULL,495,NULL,NULL,'18km al noreste de Alamos','Tipo de vegetación bosque tropical caducifolio, (remanentes) sitio perturbado, altura 2m',26,'MEX',1960,10,10,NULL),(248,27.133277777777778,-108.79572222222222,NULL,495,NULL,NULL,'18km al noreste de Alamos','Tipo de vegetación remanentes de bosque tropical caducifolio, sitio perturbado, altura 2m',26,'MEX',1960,16,10,NULL),(249,25.715666666666667,-107.56497222222222,NULL,1133,NULL,NULL,'9km al sur de Surutato; Sobre carretera hacia surutato','Tipo de vegetación bosque de encino, altura 5m',25,'MEX',1874,1,10,NULL),(250,NULL,NULL,NULL,NULL,NULL,NULL,'6 palos; pasando filo de caballo, rumbo a los bajos',NULL,NULL,'MEX',NULL,NULL,22,'no tiene coordedas'),(251,17.577417,-97.416694,NULL,2433,NULL,NULL,'Teposcolula','Tipo de vegetacion bosque de encino con Juniperus, hojas caídas, altura 12 m, frecuencia abundante',20,'MEX',1217,NULL,22,NULL),(252,18.43558,-97.62166,NULL,2186,NULL,NULL,'San Martin Atexcal; sobre el arroyo','Tipo de vegetación matorral xerófilo con palmas y Quercus, altura 15m. bianual',21,'MEX',1771,13,22,NULL),(253,NULL,NULL,NULL,NULL,NULL,NULL,'La culebra; pasando filo de caballo, rumbo a los bajos',NULL,NULL,'MEX',NULL,NULL,22,'no tiene coordedas'),(254,17.644944,-99.731222,NULL,1385,NULL,NULL,'Iyotla; Cañada cerca al rio','Tipo de vegetación bosque de encino, glaucoides y sartorii, zona seca, altura 12m, árbol cambiando hojas',12,'MEX',369,1,22,NULL),(255,NULL,NULL,NULL,NULL,NULL,NULL,'Amatitlan',NULL,30,'MEX',2252,NULL,22,'no tiene coordedas'),(256,17.644944,-99.731222,NULL,1385,NULL,NULL,'Iyotla; Cañada cerca al rio','Tipo de vegetación bosque de encino, glaucoides y sartorii, zona seca, altura 12m, árbol cambiando hojas',12,'MEX',369,1,22,NULL),(257,17.768361,-100.117222,NULL,1683,NULL,NULL,'Durazno del Rosario','Tipo de vegetacion bosque de encino, zona seca, frecuencia alta, entre los cafetales, altura 15m',12,'MEX',368,NULL,22,NULL),(258,17.768361,-100.117222,NULL,1683,NULL,NULL,'Durazno del Rosario','Tipo de vegetacion bosque de encino, zona seca, frecuencia alta, entre los cafetales, altura 15m',12,'MEX',368,NULL,22,NULL),(259,17.768361,-100.117222,NULL,1683,NULL,NULL,'Durazno del Rosario','Tipo de vegetacion bosque de encino, zona seca, frecuencia alta, entre los cafetales, altura 15m',12,'MEX',368,NULL,22,NULL),(260,17.63994,-99.841111,NULL,2363,NULL,NULL,'Filo de caballo','Tipo de vegetacion bosque de pino-encino, altura 15m',12,'MEX',369,NULL,22,NULL),(261,17.63994,-99.841111,NULL,2363,NULL,NULL,'Filo de caballo; desviacion a puentecillos rumbo a carrizal de bravos','Tipo de vegetacion bosque de pino-encino, altura 15m',12,'MEX',369,NULL,22,NULL),(262,17.554583,-99.8856,NULL,2110,NULL,NULL,'El sereno; cañada cerca al arrollo','Tipo de vegetacion bosque d epino-encino, pareciera estar presente Q. paxtalensis, altura 20m',12,'MEX',369,NULL,22,NULL),(263,17.61822,-99.779361,NULL,1957,NULL,NULL,'La felicidad; entre Iyotla y el Balsamar','Tipo de vegetacion bosque de encino, entre maizales y duraznos, altura 10m',12,'MEX',369,NULL,22,NULL),(264,17.61822,-99.779361,NULL,1957,NULL,NULL,'La felicidad; entre Iyotla y el Balsamar','Tipo de vegetacion bosque de encino, entre maizales y duraznos, altura 10m',12,'MEX',369,NULL,22,NULL),(265,17.61822,-99.779361,NULL,1957,NULL,NULL,'La felicidad; entre Iyotla y el Balsamar','Tipo de vegetacion bosque de encino, entre maizales y duraznos, altura 10m',12,'MEX',369,NULL,22,NULL),(266,18.24806,-97.387,NULL,2235,NULL,NULL,'Chilac; Cima del cerro, camino a la virgen','Tipo de vegetacion bosque de encino rodeado por matorral xerofilo y cactaceas, altura 8m, frecuencia alta, bianual',21,'MEX',1783,NULL,22,NULL),(267,18.24806,-97.387,NULL,2235,NULL,NULL,'Chilac; Cima del cerro, camino a la virgen','Tipo de vegetacion bosque de encino rodeado por matorral xerofilo y cactaceas, altura 8m, frecuencia alta, bianual',21,'MEX',1783,NULL,22,NULL),(268,18.24806,-97.387,NULL,2235,NULL,NULL,'Chilac; Cima del cerro, camino a la virgen','Tipo de vegetacion bosque de encino rodeado por matorral xerofilo y cactaceas, altura 8m, frecuencia alta, bianual',21,'MEX',1783,NULL,22,NULL),(269,19.02753,-97.621083,NULL,2680,NULL,NULL,'Santiago Tengo; Cima del cerro','Tipo de vegetacion bosque de encino, altura 10m, frecuencia alta con Q. rugosa, de fruto anual',21,'MEX',1733,NULL,22,NULL),(270,19.02753,-97.621083,NULL,2680,NULL,NULL,'Santiago Tengo; Cima del cerro','Tipo de vegetacion bosque de encino, altura 10m, frecuencia alta con Q. rugosa, de fruto anual',21,'MEX',1733,NULL,22,NULL),(271,18.62783,-97.321778,NULL,2489,NULL,NULL,'Nicolas Bravo','Tipo de vegetacion pino-encino, con Pinus pseudostrobus, altura 6m, bellotas muy pequeñas bianuales, hojas muy pequeñas',21,'MEX',1770,NULL,22,NULL),(272,18.62783,-97.321778,NULL,2489,NULL,NULL,'Nicolas Bravo','Tipo de vegetacion pino-encino, con Pinus pseudostrobus, altura 6m, bellotas muy pequeñas bianuales, hojas muy pequeñas',21,'MEX',1770,NULL,22,NULL),(273,18.62783,-97.321778,NULL,2489,NULL,NULL,'Nicolas Bravo','Tipo de vegetacion pino-encino, con Pinus pseudostrobus, altura 6m, bellotas muy pequeñas bianuales, hojas muy pequeñas',21,'MEX',1770,NULL,22,NULL),(274,19.44222,-97.1025,NULL,2283,NULL,NULL,'Oxtlapa','Tipo de vegetacion bosque de encino perturbado con cafetales',30,'MEX',2084,NULL,19,NULL),(275,19.85667,-97.401389,NULL,1867,NULL,NULL,'Mexcalcuautla','Tipo de vegetacion bosque mesófilo de encino perturbado, altura 12m, arbol joven, frecuencia baja',21,'MEX',1636,NULL,19,NULL),(276,17.504917,-100.007556,NULL,2381,NULL,NULL,'Los bajos; rumbo al Jilguero','Tipo de vegetacion bosque de encino, futos bianuales, junto a Q. paxtalensis, altura 20m',12,'MEX',368,NULL,26,NULL),(277,19.87611,-97.506111,NULL,1765,NULL,NULL,'Eloxochitlan; sobre vereda de ciclistas','Tipo de vegetacion bosque de pino- encino',21,'MEX',1637,NULL,26,NULL),(278,25.37524,-100.21185,NULL,1465,NULL,NULL,'Manzano; Rumbo a la cienega de Gonzalez','Tipo de vegetacion cañon humedo con elementos de mesófilo, altura 6m',19,'MEX',985,NULL,21,NULL),(279,25.37524,-100.21185,NULL,1465,NULL,NULL,'Manzano; Rumbo a la cienega de Gonzalez','Tipo de vegetacion cañon humedo con elementos de mesófilo, altura 8m',19,'MEX',985,NULL,21,NULL),(280,25.37524,-100.21185,NULL,1465,NULL,NULL,'Manzano; Rumbo a la cienega de Gonzalez','Tipo de vegetacion cañon humedo con elementos de mesófilo, altura 8m',19,'MEX',985,NULL,21,NULL),(281,25.37524,-100.21185,NULL,1465,NULL,NULL,'Manzano; Rumbo a la cienega de Gonzalez','Tipo de vegetacion cañon humedo con elementos de mesófilo, altura 6m, fruto bianual cupula extendida',19,'MEX',985,NULL,21,NULL),(282,25.37524,-100.21185,NULL,1465,NULL,NULL,'Manzano; Rumbo a la cienega de Gonzalez','Tipo de vegetacion cañon humedo con elementos de mesófilo, altura 6m, fruto bianual cupula extendida',19,'MEX',985,NULL,21,NULL),(283,19.85667,-97.401389,NULL,1867,NULL,NULL,'Mexcalcuautla','Tipo de vegetacion bosque de encino- mesófilo perturbado, altura 12m, arboles jovenes, frecuencia baja',21,'MEX',1636,NULL,4,NULL),(284,19.87611,-97.506111,NULL,1765,NULL,NULL,'Eloxochitlan; Sobre vereda de ciclistas','Tipo de vegetacion bosque de pino-encino',21,'MEX',1637,NULL,4,NULL),(285,21.003889,-98.661389,NULL,1765,NULL,NULL,'Tlanchinol; sobre la coli alado de la carretera','Tipo de vegetacion bosque de encino con selva alta, altura 25m',13,'MEX',498,NULL,18,NULL),(286,21.3975,-99.01305555555555,NULL,795,NULL,NULL,'Xilitla','Tipo de vegetacionbosque de latifoliadas sobre el rio, hojas grandes, altura 20m',24,'MEX',1866,NULL,18,NULL),(287,19.85667,-97.401389,NULL,1867,NULL,NULL,'Mexcalcautla','Tipo de vegetacion bosque de encino- mesófilo perturbado, arboles jovenes, altura 12m. frecuencia baja',21,'MEX',1636,NULL,1,NULL),(288,19.87611,-97.506111,NULL,1765,NULL,NULL,'Eloxochitlan; sobre vereda de ciclistas','Topo de vegetacion bosque de pino-encino',21,'MEX',1637,NULL,1,NULL),(289,20.3275,-98.21028,NULL,1712,NULL,NULL,'Tengo de Doria','Tipo de vegetacion bosque de encino',13,'MEX',513,NULL,15,NULL),(290,17.513361,-99.962778,NULL,1947,NULL,NULL,'Hierba Santa; cañada sobre el rio','Tipo de vegetacion bosque de encino, fruto bianual, altura 30m',12,'MEX',368,NULL,6,NULL),(291,24.8825,-100.19199,NULL,2100,NULL,NULL,'Potosi','Tipo de vegetacion bosque de encino, altura 8m',19,'MEX',993,NULL,8,NULL),(292,25.37524,-100.21185,NULL,1465,NULL,NULL,'Manzano; rumbo a la cienega de Gonzalez','Tipo de vegetacion cañon humedo con elementos de mesófilo, altura 8m',19,'MEX',985,NULL,14,NULL),(293,24.8825,-100.19199,NULL,2100,NULL,NULL,'Cerro el Potosi; ladera exposicion noreste','Tipo de vegetacion bosque de encino',19,'MEX',993,NULL,17,NULL),(294,24.8825,-100.19199,NULL,2100,NULL,NULL,'Cerro el Potosi','Tipo de vegetacion bosque de encino, altura 8m, fruto anual',19,'MEX',993,NULL,17,NULL),(295,17.554583,-99.8865,NULL,2110,NULL,NULL,'El sereno; Cañada cerca al arrollo','Presente Q. uxoris y Q. paxtalensis',12,'MEX',369,NULL,30,NULL),(296,21.003889,-98.661389,NULL,1765,NULL,NULL,'Tlanchinol; sobre la coli al lado de la carretera','Tipo de vegetacion bosque de encinocon selva alta, altura 25m',13,'MEX',498,NULL,35,NULL),(297,19.51371,-101.12364,NULL,1082,NULL,NULL,'Morelia','Tipo de vegetacion bosque de encinos, altura 10m',16,'MEX',782,NULL,43,NULL),(298,16.662527777777775,-94.22102777777778,NULL,1562,NULL,NULL,'San Antonio','Tipo de vegetación bosque mesófilo, frecuencia alta',20,'MEX',1298,5,24,NULL),(299,16.134444444444444,-93.59597222222222,NULL,1615,NULL,NULL,'Sierra More','Tipo de vegetaciòn bosque mesófilo, frecuencia alta',7,'MEX',174,NULL,11,NULL),(300,16.15075,-93.59011111111111,NULL,1195,NULL,NULL,'Sierra More','Tipo de vegetación pino encino',7,'MEX',174,14,40,NULL),(301,16.744,-95.472,NULL,1326,NULL,'2021-12-11','Santa María Guienagati',NULL,20,'MEX',1371,NULL,NULL,NULL),(302,16.7443717,-95.4712945,NULL,1326,NULL,'2021-12-07','Santa María Guienagati',NULL,20,'MEX',1371,NULL,NULL,NULL),(303,16.7451177,-95.4693474,NULL,1326,NULL,'2021-12-11','Santa María Guienagati',NULL,20,'MEX',1371,NULL,NULL,NULL),(304,16.745,-95.469,NULL,1326,NULL,'2021-12-11','Santa María Guienagati',NULL,20,'MEX',1371,NULL,NULL,NULL),(305,16.676,-95.387,NULL,474,NULL,'2021-12-11','Santa María Guienagati',NULL,20,'MEX',1371,NULL,NULL,NULL),(306,16.745,-95.469,NULL,1326,NULL,'2021-12-11','Santa María Guienagati',NULL,20,'MEX',1371,NULL,NULL,NULL),(307,16.744,-95.467,NULL,1326,NULL,'2021-12-11','Santa María Guienagati',NULL,20,'MEX',1371,NULL,NULL,NULL),(308,16.7426297,-95.4668306,NULL,1326,NULL,'2021-12-07','Santa María Guienagati',NULL,20,'MEX',1371,NULL,NULL,NULL),(309,16.742,-95.467,NULL,1326,NULL,'2021-12-11','Santa María Guienagati',NULL,20,'MEX',1371,NULL,NULL,NULL),(310,16.7451177,-95.4693474,NULL,1423,NULL,'2021-12-11','Santa María Guienagati',NULL,20,'MEX',1371,NULL,NULL,NULL),(311,16.74,-95.465,NULL,1096,NULL,'2021-12-11','Santa María Guienagati',NULL,20,'MEX',1371,NULL,NULL,NULL),(312,16.724,-95.444,NULL,938,NULL,'2021-12-11','Santa María Guienagati',NULL,20,'MEX',1371,NULL,NULL,NULL),(313,16.724,-95.444,NULL,938,NULL,'2021-12-11','Santa María Guienagati',NULL,20,'MEX',1371,NULL,NULL,NULL),(314,16.74,-95.465,NULL,1096,NULL,'2021-12-11','Santa María Guienagati',NULL,20,'MEX',1371,NULL,NULL,NULL),(315,16.74,-95.465,NULL,1096,NULL,'2021-12-11','Santa María Guienagati',NULL,20,'MEX',1371,NULL,NULL,NULL),(316,20.3663,-104.99268,NULL,2423,NULL,'2019-08-01','Talpa',NULL,14,'MEX',611,NULL,NULL,NULL),(317,20.3663,-104.99268,NULL,2423,NULL,'2019-08-01','Talpa',NULL,14,'MEX',611,NULL,NULL,NULL),(318,20.3663,-104.99268,NULL,2423,NULL,'2019-08-01','Talpa',NULL,14,'MEX',611,NULL,NULL,NULL),(319,20.3663,-104.99268,NULL,2423,NULL,'2019-08-01','Talpa',NULL,14,'MEX',611,NULL,NULL,NULL),(320,20.3663,-104.99268,NULL,2423,NULL,'2019-08-01','Talpa',NULL,14,'MEX',611,NULL,NULL,NULL),(321,20.3663,-104.99268,NULL,2423,NULL,'2019-08-01','Talpa',NULL,14,'MEX',611,NULL,NULL,NULL),(322,20.36731,-104.99252,NULL,2397,NULL,'2019-08-01','Talpa',NULL,14,'MEX',611,NULL,NULL,NULL),(323,20.36731,-104.99252,NULL,2397,NULL,'2019-08-01','Talpa',NULL,14,'MEX',611,NULL,NULL,NULL),(324,20.37047,-104.99226,NULL,2390,NULL,'2019-08-01','Talpa',NULL,14,'MEX',611,NULL,NULL,NULL),(325,20.37082,-104.99056,NULL,2374,NULL,'2019-08-01','Talpa',NULL,14,'MEX',611,NULL,NULL,NULL),(326,20.3727,-104.98909,NULL,2362,NULL,'2019-08-01','Talpa',NULL,14,'MEX',611,NULL,NULL,NULL),(327,20.37717,-104.98096,NULL,2195,NULL,'2019-08-01','Talpa',NULL,14,'MEX',611,NULL,NULL,NULL),(328,20.37766,-104.98041,NULL,2184,NULL,'2019-08-01','Talpa',NULL,14,'MEX',611,NULL,NULL,NULL),(329,20.37766,-104.98041,NULL,2184,NULL,'2019-08-01','Talpa',NULL,14,'MEX',611,NULL,NULL,NULL),(330,20.37765,-104.97983,NULL,2186,NULL,'2019-08-01','Talpa',NULL,14,'MEX',611,NULL,NULL,NULL),(331,20.37623,-104.97668,NULL,2122,NULL,'2019-08-01','Talpa',NULL,14,'MEX',611,NULL,NULL,NULL),(332,20.37559,-104.97644,NULL,2115,NULL,'2019-08-01','Talpa',NULL,14,'MEX',611,NULL,NULL,NULL),(333,20.37527,-104.97654,NULL,2108,NULL,'2019-08-01','Talpa',NULL,14,'MEX',611,NULL,NULL,NULL),(334,20.37482,-104.97774,NULL,2038,NULL,'2019-08-01','Talpa',NULL,14,'MEX',611,NULL,NULL,NULL),(335,20.37454,-104.97753,NULL,2019,NULL,'2019-08-01','Talpa',NULL,14,'MEX',611,NULL,NULL,NULL),(336,20.37454,-104.97753,NULL,2019,NULL,'2019-08-01','Talpa',NULL,14,'MEX',611,NULL,NULL,NULL),(337,20.37426,-104.97736,NULL,1996,NULL,'2019-08-01','Talpa',NULL,14,'MEX',611,NULL,NULL,NULL),(338,20.37426,-104.97736,NULL,1996,NULL,'2019-08-01','Talpa',NULL,14,'MEX',611,NULL,NULL,NULL),(339,20.37056,-104.97099,NULL,1862,NULL,'2019-08-01','Talpa',NULL,14,'MEX',611,NULL,NULL,NULL),(340,20.37145,-104.96898,NULL,1820,NULL,'2019-08-01','Talpa',NULL,14,'MEX',611,NULL,NULL,NULL),(341,20.3638,-104.95055,NULL,1628,NULL,'2019-08-01','Talpa',NULL,14,'MEX',611,NULL,NULL,NULL),(342,20.40278,-104.88589,NULL,1207,NULL,'2019-08-01','Talpa',NULL,14,'MEX',611,NULL,NULL,NULL),(343,20.40278,-104.88589,NULL,1207,NULL,'2019-08-01','Talpa',NULL,14,'MEX',611,NULL,NULL,NULL),(344,20.40278,-104.88589,NULL,1207,NULL,'2019-08-01','Talpa',NULL,14,'MEX',611,NULL,NULL,NULL),(345,20.40278,-104.88589,NULL,1207,NULL,'2019-08-01','Talpa',NULL,14,'MEX',611,NULL,NULL,NULL),(346,18.62238,-96.94914,NULL,965,NULL,'2021-10-01','Huilicapa',NULL,30,'MEX',2236,NULL,NULL,NULL),(347,18.62238,-96.94914,NULL,965,NULL,'2021-10-01','Huilicapa',NULL,30,'MEX',2236,NULL,NULL,NULL),(348,18.621594,-96.961995,NULL,1084,NULL,'2019-06-20','Xochitla',NULL,30,'MEX',2238,NULL,NULL,NULL),(349,18.622602,-96.961776,NULL,1084,NULL,'2019-06-20','Xochitla',NULL,30,'MEX',2238,NULL,NULL,NULL),(350,17.242267,-96.065518,NULL,2408,NULL,'2019-09-10','Santo Tomás Lachitá',NULL,20,'MEX',1308,NULL,NULL,NULL),(351,17.252465,-96.074635,NULL,2428,NULL,'2019-09-10','Carretera hacia Santa Catarina Yetzelalag',NULL,20,'MEX',1308,NULL,NULL,NULL),(352,17.252465,-96.074635,NULL,2428,NULL,'2019-09-10','Carretera hacia Santa Catarina Yetzelalag',NULL,20,'MEX',1308,NULL,NULL,NULL),(353,17.263038,-96.080541,NULL,2371,NULL,'2019-09-10','Carretera hacia Santa Catarina Yetzelalag',NULL,20,'MEX',1308,NULL,NULL,NULL),(354,17.263038,-96.080541,NULL,2371,NULL,'2019-09-10','Carretera hacia Santa Catarina Yetzelalag',NULL,20,'MEX',1308,NULL,NULL,NULL),(355,17.263038,-96.080541,NULL,2371,NULL,'2019-09-10','Carretera hacia Santa Catarina Yetzelalag',NULL,20,'MEX',1308,NULL,NULL,NULL),(356,17.263038,-96.080541,NULL,2371,NULL,'2019-09-10','Carretera hacia Santa Catarina Yetzelalag',NULL,20,'MEX',1308,NULL,NULL,NULL),(357,17.274656,-96.095791,NULL,2178,NULL,'2019-09-10','Santo Tomás Lachitá',NULL,20,'MEX',1308,NULL,NULL,NULL),(358,17.288269,-96.129912,NULL,1749,NULL,'2019-09-10','Carretera hacia Santa Catarina Yetzelalag',NULL,20,'MEX',1129,NULL,NULL,NULL),(359,17.448222,-96.161121,NULL,1493,NULL,'2019-09-10','Santa Catarina Yetzelalag',NULL,20,'MEX',1114,NULL,NULL,NULL),(360,20.366,-105.02113,NULL,2459,NULL,'2019-08-01','Cuale',NULL,14,'MEX',611,NULL,NULL,NULL),(361,20.366,-105.02113,NULL,2459,NULL,'2019-08-01','Cuale',NULL,14,'MEX',611,NULL,NULL,NULL),(362,20.366,-105.02113,NULL,2459,NULL,'2019-08-01','Cuale',NULL,14,'MEX',611,NULL,NULL,NULL),(363,20.366,-105.02113,NULL,2459,NULL,'2019-08-01','Cuale',NULL,14,'MEX',611,NULL,NULL,NULL),(364,20.37188,-105.05045,NULL,1958,NULL,'2019-08-01','Cuale',NULL,14,'MEX',611,NULL,NULL,NULL),(365,20.37188,-105.05045,NULL,1958,NULL,'2019-08-01','Cuale',NULL,14,'MEX',611,NULL,NULL,NULL),(366,20.37188,-105.05045,NULL,1958,NULL,'2019-08-01','Cuale',NULL,14,'MEX',611,NULL,NULL,NULL),(367,20.37099,-105.05179,NULL,1916,NULL,'2019-08-01','Cuale',NULL,14,'MEX',611,NULL,NULL,NULL),(368,20.37099,-105.05179,NULL,1916,NULL,'2019-08-01','Cuale',NULL,14,'MEX',611,NULL,NULL,NULL),(369,20.37325,-105.05532,NULL,1817,NULL,'2019-08-01','Cuale',NULL,14,'MEX',611,NULL,NULL,NULL),(370,20.37325,-105.05532,NULL,1817,NULL,'2019-08-01','Cuale',NULL,14,'MEX',611,NULL,NULL,NULL),(371,20.37356,-105.05997,NULL,1750,NULL,'2019-08-01','Cuale',NULL,14,'MEX',611,NULL,NULL,NULL),(372,20.37356,-105.05997,NULL,1750,NULL,'2019-08-01','Cuale',NULL,14,'MEX',611,NULL,NULL,NULL),(373,20.37356,-105.05997,NULL,1750,NULL,'2019-08-01','Cuale',NULL,14,'MEX',611,NULL,NULL,NULL),(374,20.38319,-105.06005,NULL,1618,NULL,'2019-08-01','Cuale',NULL,14,'MEX',611,NULL,NULL,NULL),(375,20.38319,-105.06005,NULL,1618,NULL,'2019-08-01','Cuale',NULL,14,'MEX',611,NULL,NULL,NULL),(376,20.38319,-105.06005,NULL,1618,NULL,'2019-08-01','Cuale',NULL,14,'MEX',611,NULL,NULL,NULL),(377,20.38176,-105.07974,NULL,1610,NULL,'2019-08-01','Cuale',NULL,14,'MEX',611,NULL,NULL,NULL),(378,20.38176,-105.07974,NULL,1610,NULL,'2019-08-01','Cuale',NULL,14,'MEX',611,NULL,NULL,NULL),(379,20.38176,-105.07974,NULL,1610,NULL,'2019-08-01','Cuale',NULL,14,'MEX',611,NULL,NULL,NULL),(380,20.38176,-105.07974,NULL,1610,NULL,'2019-08-01','Cuale',NULL,14,'MEX',611,NULL,NULL,NULL),(381,20.38176,-105.07974,NULL,1610,NULL,'2019-08-01','Cuale',NULL,14,'MEX',611,NULL,NULL,NULL),(382,20.38176,-105.07974,NULL,1610,NULL,'2019-08-01','Cuale',NULL,14,'MEX',611,NULL,NULL,NULL),(383,20.37789,-105.10675,NULL,1991,NULL,'2019-08-01','Cuale',NULL,14,'MEX',611,NULL,NULL,NULL),(384,20.37789,-105.10675,NULL,1991,NULL,'2019-08-01','Cuale',NULL,14,'MEX',611,NULL,NULL,NULL),(385,20.37789,-105.10675,NULL,1991,NULL,'2019-08-01','Cuale',NULL,14,'MEX',611,NULL,NULL,NULL),(386,20.37848,-105.10572,NULL,2039,NULL,'2019-08-01','Cuale',NULL,14,'MEX',611,NULL,NULL,NULL),(387,20.37848,-105.10572,NULL,2039,NULL,'2019-08-01','Cuale',NULL,14,'MEX',611,NULL,NULL,NULL),(388,20.37848,-105.10572,NULL,2039,NULL,'2019-08-01','Cuale',NULL,14,'MEX',611,NULL,NULL,NULL),(389,20.37848,-105.10572,NULL,2039,NULL,'2019-08-01','Cuale',NULL,14,'MEX',611,NULL,NULL,NULL),(390,20.37848,-105.10572,NULL,2039,NULL,'2019-08-01','Cuale',NULL,14,'MEX',611,NULL,NULL,NULL),(391,20.37848,-105.10572,NULL,2039,NULL,'2019-08-01','Cuale',NULL,14,'MEX',611,NULL,NULL,NULL),(392,20.37848,-105.10572,NULL,2039,NULL,'2019-08-01','Cuale',NULL,14,'MEX',611,NULL,NULL,NULL),(393,20.37848,-105.10572,NULL,2039,NULL,'2019-08-01','Cuale',NULL,14,'MEX',611,NULL,NULL,NULL),(394,20.37848,-105.10572,NULL,2039,NULL,'2019-08-01','Cuale',NULL,14,'MEX',611,NULL,NULL,NULL),(395,20.37848,-105.10572,NULL,2039,NULL,'2019-08-01','Cuale',NULL,14,'MEX',611,NULL,NULL,NULL),(396,20.37376,-105.0816,NULL,1756,NULL,'2019-08-01','Cuale',NULL,14,'MEX',611,NULL,NULL,NULL),(397,20.37376,-105.0816,NULL,1756,NULL,'2019-08-01','Cuale',NULL,14,'MEX',611,NULL,NULL,NULL),(398,20.38694,-105.06594,NULL,1550,NULL,'2019-08-01','Cuale',NULL,14,'MEX',611,NULL,NULL,NULL),(399,20.37937,-105.05717,NULL,1687,NULL,'2019-08-01','Cuale',NULL,14,'MEX',611,NULL,NULL,NULL),(400,20.37937,-105.05717,NULL,1687,NULL,'2019-08-01','Cuale',NULL,14,'MEX',611,NULL,NULL,NULL),(401,16.64986,-94.19135,NULL,1077,NULL,'2019-08-01','Chimalapas',NULL,20,'MEX',1298,NULL,NULL,NULL),(402,16.64986,-94.19135,NULL,1077,NULL,'2019-08-01','Chimalapas',NULL,20,'MEX',1298,NULL,NULL,NULL),(403,16.64986,-94.19135,NULL,1077,NULL,'2019-08-01','Chimalapas',NULL,20,'MEX',1298,NULL,NULL,NULL),(404,16.64986,-94.19135,NULL,1077,NULL,'2019-08-01','Chimalapas',NULL,20,'MEX',1298,NULL,NULL,NULL),(405,16.64986,-94.19135,NULL,1077,NULL,'2019-08-01','Chimalapas',NULL,20,'MEX',1298,NULL,NULL,NULL),(406,16.64986,-94.19135,NULL,1077,NULL,'2019-08-01','Chimalapas',NULL,20,'MEX',1298,NULL,NULL,NULL),(407,16.64986,-94.19135,NULL,1077,NULL,'2019-08-01','Chimalapas',NULL,20,'MEX',1298,NULL,NULL,NULL),(408,16.64986,-94.19135,NULL,1077,NULL,'2019-08-01','Chimalapas',NULL,20,'MEX',1298,NULL,NULL,NULL),(409,16.64003,-94.19479,NULL,1091,NULL,'2019-08-01','Chimalapas',NULL,20,'MEX',1298,NULL,NULL,NULL),(410,16.62569,-94.19451,NULL,1112,NULL,'2019-08-01','Chimalapas',NULL,20,'MEX',1298,NULL,NULL,NULL),(411,16.62569,-94.19451,NULL,1112,NULL,'2019-08-01','Chimalapas',NULL,20,'MEX',1298,NULL,NULL,NULL),(412,16.61166,-94.19662,NULL,1117,NULL,'2019-08-01','Chimalapas',NULL,20,'MEX',1298,NULL,NULL,NULL),(413,16.61166,-94.19662,NULL,1117,NULL,'2019-08-01','Chimalapas',NULL,20,'MEX',1298,NULL,NULL,NULL),(414,16.61166,-94.19662,NULL,1117,NULL,'2019-08-01','Chimalapas',NULL,20,'MEX',1298,NULL,NULL,NULL),(415,16.55581,-94.18288,NULL,1284,NULL,'2019-08-01','Chimalapas',NULL,20,'MEX',1298,NULL,NULL,NULL),(416,16.55581,-94.18288,NULL,1284,NULL,'2019-08-01','Chimalapas',NULL,20,'MEX',1298,NULL,NULL,NULL),(417,16.744805,-95.46971,NULL,1379,NULL,'2021-12-11','Lachidola',NULL,20,'MEX',1371,NULL,NULL,NULL),(418,16.744806,-95.470192,NULL,1390,NULL,'2021-12-11','Lachidola',NULL,20,'MEX',1371,NULL,NULL,NULL),(419,16.745517,-95.473071,NULL,1400,NULL,'2021-12-11','Lachidola',NULL,20,'MEX',1371,NULL,NULL,NULL),(420,21.31182,-99.71955,NULL,1700,NULL,NULL,'El Charco',NULL,11,'MEX',343,NULL,NULL,NULL),(421,16.7443075,-95.4715578,NULL,1423,NULL,'2021-12-11','Lachidola',NULL,20,'MEX',1371,NULL,NULL,NULL),(422,16.771455,-94.741223,NULL,662,NULL,'2022-02-22','Cofradía',NULL,20,'MEX',1324,NULL,NULL,NULL),(423,16.770931,-94.741184,NULL,676,NULL,'2022-02-22','Cofradía',NULL,20,'MEX',1324,NULL,NULL,NULL),(424,16.761219,-94.76172,NULL,372,NULL,'2022-02-22','Cofradía',NULL,20,'MEX',1324,NULL,NULL,NULL),(425,16.761219,-94.76172,NULL,372,NULL,'2022-02-22','Cofradía',NULL,20,'MEX',1324,NULL,NULL,NULL),(426,16.765012,-94.772517,NULL,377,NULL,'2022-02-22','Cofradía',NULL,20,'MEX',1324,NULL,NULL,NULL),(427,17.8437697,-96.9064709,NULL,1828,NULL,'2021-12-07','Concepción Pápalo',NULL,20,'MEX',1077,NULL,NULL,NULL),(428,17.8437759,-96.9065771,NULL,1830,NULL,'2021-12-07','Concepción Pápalo',NULL,20,'MEX',1077,NULL,NULL,NULL),(429,21.37239,-100.00129,NULL,2180,NULL,NULL,'Cristo Rey',NULL,11,'MEX',342,NULL,NULL,NULL),(430,21.37239,-100.00129,NULL,2180,NULL,NULL,'Cristo Rey',NULL,11,'MEX',342,NULL,NULL,NULL),(431,19.569345,-104.322745,NULL,1166,NULL,'2020-09-14','Reserva de Manantlán',NULL,14,'MEX',629,NULL,NULL,NULL),(432,19.569069,-104.322663,NULL,1166,NULL,'2020-09-14','Reserva de Manantlán',NULL,14,'MEX',629,NULL,NULL,NULL),(433,19.575526,-104.320553,NULL,1166,NULL,'2020-09-14','Reserva de Manantlán',NULL,14,'MEX',629,NULL,NULL,NULL),(434,19.57331,-104.317,NULL,1166,NULL,'2020-09-14','Reserva de Manantlán',NULL,14,'MEX',629,NULL,NULL,NULL),(435,19.57263,-104.322,NULL,1166,NULL,'2020-09-14','Reserva de Manantlán',NULL,14,'MEX',629,NULL,NULL,NULL),(436,19.81718,-104.55827,NULL,1008,NULL,'2019-08-01','Villa Cacoma',NULL,14,'MEX',625,NULL,NULL,NULL),(437,19.81734,-104.55776,NULL,1027,NULL,'2019-08-01','Villa Cacoma',NULL,14,'MEX',625,NULL,NULL,NULL),(438,19.81743,-104.55776,NULL,1027,NULL,'2019-08-01','Villa Cacoma',NULL,14,'MEX',625,NULL,NULL,NULL),(439,19.81743,-104.55776,NULL,1027,NULL,'2019-08-01','Villa Cacoma',NULL,14,'MEX',625,NULL,NULL,NULL),(440,19.81615,-104.55524,NULL,1080,NULL,'2019-08-01','Villa Cacoma',NULL,14,'MEX',625,NULL,NULL,NULL),(441,19.81705,-104.55576,NULL,1100,NULL,'2019-08-01','Villa Cacoma',NULL,14,'MEX',625,NULL,NULL,NULL),(442,19.8177,-104.5516,NULL,1114,NULL,'2019-08-01','Villa Cacoma',NULL,14,'MEX',625,NULL,NULL,NULL),(443,19.81862,-104.55264,NULL,1114,NULL,'2019-08-01','Villa Cacoma',NULL,14,'MEX',625,NULL,NULL,NULL),(444,19.81862,-104.55264,NULL,1114,NULL,'2019-08-01','Villa Cacoma',NULL,14,'MEX',625,NULL,NULL,NULL),(445,19.81705,-104.55576,NULL,1100,NULL,'2019-08-01','Villa Cacoma',NULL,14,'MEX',625,NULL,NULL,NULL),(446,19.81705,-104.55576,NULL,1100,NULL,'2019-08-01','Villa Cacoma',NULL,14,'MEX',625,NULL,NULL,NULL),(447,19.81705,-104.55576,NULL,1100,NULL,'2019-08-01','Villa Cacoma',NULL,14,'MEX',625,NULL,NULL,NULL),(448,19.81705,-104.55576,NULL,1100,NULL,'2019-08-01','Villa Cacoma',NULL,14,'MEX',625,NULL,NULL,NULL),(449,19.81705,-104.55576,NULL,1100,NULL,'2019-08-01','Villa Cacoma',NULL,14,'MEX',625,NULL,NULL,NULL),(450,19.81705,-104.55576,NULL,1100,NULL,'2019-08-01','Villa Cacoma',NULL,14,'MEX',625,NULL,NULL,NULL),(451,19.81705,-104.55576,NULL,1100,NULL,'2019-08-01','Villa Cacoma',NULL,14,'MEX',625,NULL,NULL,NULL),(452,19.83394,-104.52842,NULL,1476,NULL,'2019-08-01','Villa Cacoma',NULL,14,'MEX',625,NULL,NULL,NULL),(453,19.83222,-104.53208,NULL,1409,NULL,'2019-08-01','Villa Cacoma',NULL,14,'MEX',625,NULL,NULL,NULL),(454,19.82849,-104.53224,NULL,1375,NULL,'2019-08-01','Villa Cacoma',NULL,14,'MEX',625,NULL,NULL,NULL),(455,19.82849,-104.53224,NULL,1375,NULL,'2019-08-01','Villa Cacoma',NULL,14,'MEX',625,NULL,NULL,NULL),(456,16.55581,-94.18288,NULL,1284,NULL,'2019-08-01','Villa Cacoma',NULL,20,'MEX',1298,NULL,NULL,NULL),(457,16.55581,-94.18288,NULL,1284,NULL,'2019-08-01','Villa Cacoma',NULL,20,'MEX',1298,NULL,NULL,NULL),(458,19.82012,-104.55685,NULL,1051,NULL,'2019-08-01','Villa Cacoma',NULL,14,'MEX',625,NULL,NULL,NULL),(459,19.82167,-104.55388,NULL,1113,NULL,'2019-08-01','Villa Cacoma',NULL,14,'MEX',625,NULL,NULL,NULL),(460,19.82163,-104.55437,NULL,1105,NULL,'2019-08-01','Villa Cacoma',NULL,14,'MEX',625,NULL,NULL,NULL),(461,19.82202,-104.55477,NULL,1116,NULL,'2019-08-01','Villa Cacoma',NULL,14,'MEX',625,NULL,NULL,NULL),(462,19.82173,-104.55627,NULL,1123,NULL,'2019-08-01','Villa Cacoma',NULL,14,'MEX',625,NULL,NULL,NULL),(463,16.823142,-95.341427,NULL,1103,NULL,'2022-02-20','Guevea de Humboldt',NULL,20,'MEX',1369,NULL,NULL,NULL),(464,16.822962,-95.340883,NULL,1146,NULL,'2022-02-20','Guevea de Humboldt',NULL,20,'MEX',1369,NULL,NULL,NULL),(465,16.82302,-95.341108,NULL,1142,NULL,'2022-02-20','Guevea de Humboldt',NULL,20,'MEX',1369,NULL,NULL,NULL),(466,16.822973,-95.341836,NULL,1111,NULL,'2022-02-20','Guevea de Humboldt',NULL,20,'MEX',1369,NULL,NULL,NULL),(467,16.823225,-95.345905,NULL,1005,NULL,'2022-02-20','Guevea de Humboldt',NULL,20,'MEX',1369,NULL,NULL,NULL),(468,16.823206,-95.34589,NULL,1009,NULL,'2022-02-20','Guevea de Humboldt',NULL,20,'MEX',1369,NULL,NULL,NULL),(469,16.819182,-95.34714,NULL,984,NULL,'2022-02-20','Guevea de Humboldt',NULL,20,'MEX',1369,NULL,NULL,NULL),(470,16.817079,-95.347095,NULL,985,NULL,'2022-02-20','Guevea de Humboldt',NULL,20,'MEX',1369,NULL,NULL,NULL),(471,16.816462,-95.34732,NULL,959,NULL,'2022-02-20','Guevea de Humboldt',NULL,20,'MEX',1369,NULL,NULL,NULL),(472,19.18838,-96.9909,NULL,1487,NULL,'2019-06-20','Huatusco',NULL,30,'MEX',2184,NULL,NULL,NULL),(473,19.18838,-96.9909,NULL,1487,NULL,'2019-06-20','Huatusco',NULL,30,'MEX',2184,NULL,NULL,NULL),(474,19.18838,-96.9909,NULL,1487,NULL,'2019-06-20','Huatusco',NULL,30,'MEX',2184,NULL,NULL,NULL),(475,19.18811,-96.9897,NULL,1487,NULL,'2019-06-20','Las Cañadas',NULL,30,'MEX',2184,NULL,NULL,NULL),(476,16.797625,-95.287122,NULL,960,NULL,'2021-12-12','San Isidro Lachigushe',NULL,20,'MEX',1371,NULL,NULL,NULL),(477,20.19592,-104.72437,NULL,2114,NULL,'2019-08-01','Cuale',NULL,14,'MEX',611,NULL,NULL,NULL),(478,20.19592,-104.72437,NULL,2114,NULL,'2019-08-01','Cuale',NULL,14,'MEX',611,NULL,NULL,NULL),(479,20.19592,-104.72437,NULL,2114,NULL,'2019-08-01','Cuale',NULL,14,'MEX',611,NULL,NULL,NULL),(480,20.20395,-104.72706,NULL,2127,NULL,'2019-08-01','Cuale',NULL,14,'MEX',611,NULL,NULL,NULL),(481,20.20395,-104.72706,NULL,2127,NULL,'2019-08-01','Cuale',NULL,14,'MEX',611,NULL,NULL,NULL),(482,20.20395,-104.72706,NULL,2127,NULL,'2019-08-01','Cuale',NULL,14,'MEX',611,NULL,NULL,NULL),(483,20.20395,-104.72706,NULL,2127,NULL,'2019-08-01','Cuale',NULL,14,'MEX',611,NULL,NULL,NULL),(484,20.20395,-104.72706,NULL,2117,NULL,'2019-08-01','Cuale',NULL,14,'MEX',611,NULL,NULL,NULL),(485,20.20395,-104.72706,NULL,2127,NULL,'2019-08-01','Cuale',NULL,14,'MEX',611,NULL,NULL,NULL),(486,20.20395,-104.72706,NULL,2127,NULL,'2019-08-01','Cuale',NULL,14,'MEX',611,NULL,NULL,NULL),(487,20.20395,-104.72706,NULL,2127,NULL,'2019-08-01','Cuale',NULL,14,'MEX',611,NULL,NULL,NULL),(488,20.20863,-104.72973,NULL,2117,NULL,'2019-08-01','Cuale',NULL,14,'MEX',611,NULL,NULL,NULL),(489,20.20863,-104.72973,NULL,2117,NULL,'2019-08-01','Cuale',NULL,14,'MEX',611,NULL,NULL,NULL),(490,20.197841,-104.726198,NULL,2096,NULL,'2019-08-28','La Cuesta',NULL,14,'MEX',611,NULL,NULL,NULL),(491,20.16673,-104.68386,NULL,2375,NULL,'2019-08-01','Cuale',NULL,14,'MEX',609,NULL,NULL,NULL),(492,20.16369,-104.67779,NULL,2425,NULL,'2019-08-01','Cuale',NULL,14,'MEX',609,NULL,NULL,NULL),(493,20.16369,-104.67779,NULL,2425,NULL,'2019-08-01','Cuale',NULL,14,'MEX',609,NULL,NULL,NULL),(494,20.1361,-104.6281,NULL,2206,NULL,'2019-08-01','Cuale',NULL,14,'MEX',609,NULL,NULL,NULL),(495,20.1361,-104.6281,NULL,2206,NULL,'2019-08-01','Cuale',NULL,14,'MEX',609,NULL,NULL,NULL),(496,20.1361,-104.6281,NULL,2206,NULL,'2019-08-01','Cuale',NULL,14,'MEX',609,NULL,NULL,NULL),(497,20.161557,-104.601978,NULL,1922,NULL,'2019-08-28','Santa Gertrudis',NULL,14,'MEX',609,NULL,NULL,NULL),(498,20.16095,-104.60155,NULL,1922,NULL,'2019-08-01','Cuale',NULL,14,'MEX',609,NULL,NULL,NULL),(499,20.16095,-104.60155,NULL,1922,NULL,'2019-08-01','Cuale',NULL,14,'MEX',609,NULL,NULL,NULL),(500,18.37329,-94.93132,NULL,921,NULL,'2021-10-04','Reserva La Otra Opción',NULL,30,'MEX',2268,NULL,NULL,NULL),(501,18.37329,-94.93132,NULL,921,NULL,'2021-10-04','Reserva La Otra Opción',NULL,30,'MEX',2268,NULL,NULL,NULL),(502,18.37341,-94.93136,NULL,925,NULL,'2021-10-04','Reserva La Otra Opción',NULL,30,'MEX',2268,NULL,NULL,NULL),(503,18.37347,-94.93143,NULL,926,NULL,'2021-10-04','Reserva La Otra Opción',NULL,30,'MEX',2268,NULL,NULL,NULL),(504,18.3734,-94.93135,NULL,924,NULL,'2021-10-04','Reserva La Otra Opción',NULL,30,'MEX',2268,NULL,NULL,NULL),(505,18.37413,-94.92536,NULL,1004,NULL,'2021-10-04','Reserva La Otra Opción',NULL,30,'MEX',2268,NULL,NULL,NULL),(506,18.37539,-94.92421,NULL,1084,NULL,'2021-10-04','Reserva La Otra Opción',NULL,30,'MEX',2268,NULL,NULL,NULL),(507,18.37518,-94.92426,NULL,1077,NULL,'2021-10-04','Reserva La Otra Opción',NULL,30,'MEX',2268,NULL,NULL,NULL),(508,18.37482,-94.92352,NULL,1061,NULL,'2021-10-04','Reserva La Otra Opción',NULL,30,'MEX',2268,NULL,NULL,NULL),(509,18.37128,-94.92035,NULL,945,NULL,'2021-10-04','Reserva La Otra Opción',NULL,30,'MEX',2268,NULL,NULL,NULL),(510,19.57852,-104.317,NULL,1166,NULL,'2020-09-14','Reserva de Manantlán',NULL,14,'MEX',629,NULL,NULL,NULL),(511,19.57852,-104.317,NULL,1166,NULL,'2020-09-14','Reserva de Manantlán',NULL,14,'MEX',629,NULL,NULL,NULL),(512,19.57852,-104.317,NULL,1166,NULL,'2020-09-14','Reserva de Manantlán',NULL,14,'MEX',629,NULL,NULL,NULL),(513,19.57852,-104.317,NULL,1166,NULL,'2020-09-14','Reserva de Manantlán',NULL,14,'MEX',629,NULL,NULL,NULL),(514,19.578522,-104.317265,NULL,1227,NULL,NULL,'Cuzalapa, R.B. Manatlán',NULL,14,'MEX',629,5,NULL,NULL),(515,19.189,-96.9846388888889,NULL,1344,NULL,'2019-06-20','Huatusco',NULL,30,'MEX',2184,5,NULL,NULL),(516,19.19076,-96.9895,NULL,1487,NULL,'2019-06-20','Las Cañadas',NULL,30,'MEX',2184,NULL,NULL,NULL),(517,19.18986111111111,-96.98772222222222,NULL,1350,NULL,'2019-06-20','Huatusco',NULL,30,'MEX',2184,5,NULL,NULL),(518,19.189833333333333,-96.98783333333333,NULL,1362,NULL,'2019-06-20','Huatusco',NULL,30,'MEX',2184,5,NULL,NULL),(519,19.18986111111111,-96.98772222222222,NULL,1347,NULL,'2019-06-20','Huatusco',NULL,30,'MEX',2184,5,NULL,NULL),(520,19.34933333333333,-96.9695,NULL,1026,NULL,'2019-06-20','Cosautlan de Veracruz',NULL,30,'MEX',2106,NULL,NULL,NULL),(521,19.34786111111111,-96.95994444444445,NULL,1048,NULL,'2019-06-20','Cosautlan de Veracruz',NULL,30,'MEX',2106,NULL,NULL,NULL),(522,19.348388888888888,-96.95941666666667,NULL,1061,NULL,'2019-06-20','Cosautlan de Veracruz',NULL,30,'MEX',2106,NULL,NULL,NULL),(523,19.34934,-96.9695,NULL,1132,NULL,'2019-06-20','Baxtla',NULL,30,'MEX',2106,NULL,NULL,NULL),(524,19.34934,-96.9695,NULL,1132,NULL,'2019-06-20','Baxtla',NULL,30,'MEX',2106,NULL,NULL,NULL),(525,19.34934,-96.9695,NULL,1132,NULL,'2019-06-20','Baxtla',NULL,30,'MEX',2106,NULL,NULL,NULL),(526,19.34785,-96.9599,NULL,1047,NULL,'2019-06-20','Baxtla',NULL,30,'MEX',2106,NULL,NULL,NULL),(527,19.34934,-96.9695,NULL,1132,NULL,'2019-06-20','Baxtla',NULL,30,'MEX',2106,NULL,NULL,NULL),(528,18.342805555555554,-95.03025,NULL,1132,NULL,'2019-06-20','Cosautlan de Veracruz',NULL,30,'MEX',2106,4,NULL,NULL),(529,19.32777777777778,-97.02752777777778,NULL,1344,NULL,'2019-06-20','Cosautlan de Veracruz',NULL,30,'MEX',2106,NULL,NULL,NULL),(530,18.355861111111114,-95.97652777777778,NULL,1406,NULL,'2019-06-20','Cosautlan de Veracruz',NULL,30,'MEX',2106,4,NULL,NULL),(531,19.35586,-97.0235,NULL,1304,NULL,'2019-06-20','Ayahualulco',NULL,30,'MEX',2086,NULL,NULL,NULL),(532,19.378777777777778,-96.99166666666667,NULL,1129,NULL,'2019-06-20','Cosautlan de Veracruz',NULL,30,'MEX',2106,NULL,NULL,NULL),(533,18.378555555555558,-95.00836111111111,NULL,1126,NULL,'2019-06-20','Cosautlan de Veracruz',NULL,30,'MEX',2106,4,NULL,NULL),(534,18.37763888888889,-95.00861111111111,NULL,1143,NULL,'2019-06-20','Cosautlan de Veracruz',NULL,30,'MEX',2106,4,NULL,NULL),(535,18.377388888888888,-95.00855555555556,NULL,1151,NULL,'2019-06-20','Cosautlan de Veracruz',NULL,30,'MEX',2106,4,NULL,NULL),(536,19.377222222222223,-96.99144444444444,NULL,1160,NULL,'2019-06-20','Cosautlan de Veracruz',NULL,30,'MEX',2106,NULL,NULL,NULL),(537,18.651444444444444,-97.01002777777778,NULL,1351,NULL,'2019-06-22','Cosautlan de Veracruz',NULL,30,'MEX',2106,5,NULL,NULL),(538,18.651555555555554,-97.01002777777778,NULL,1345,NULL,'2019-06-22','Zongolica',NULL,30,'MEX',2236,5,NULL,NULL),(539,18.651833333333332,-97.00994444444444,NULL,1337,NULL,'2019-06-22','Zongolica',NULL,30,'MEX',2236,5,NULL,NULL),(540,18.65186111111111,-97.00955555555555,NULL,1366,NULL,'2019-06-22','Zongolica',NULL,30,'MEX',2236,5,NULL,NULL),(541,18.651694444444445,-97.0093611111111,NULL,1363,NULL,'2019-06-22','Zongolica',NULL,30,'MEX',2236,5,NULL,NULL),(542,18.65186111111111,-97.00958333333334,NULL,1370,NULL,'2019-06-22','Zongolica',NULL,30,'MEX',2236,5,NULL,NULL),(543,18.65187,-97.0096,NULL,1580,NULL,'2019-06-20','Los Reyes',NULL,30,'MEX',2239,NULL,NULL,NULL),(544,18.651944444444442,-97.009,NULL,1393,NULL,'2019-06-22','Zongolica',NULL,30,'MEX',2236,5,NULL,NULL),(545,18.65197222222222,-97.00861111111111,NULL,1422,NULL,'2019-06-22','Zongolica',NULL,30,'MEX',2236,5,NULL,NULL),(546,18.65197222222222,-97.00852777777777,NULL,1417,NULL,'2019-06-22','Zongolica',NULL,30,'MEX',2236,5,NULL,NULL),(547,19.19,-96.988,NULL,1487,NULL,'2019-06-20','Las Cañadas',NULL,30,'MEX',2184,NULL,NULL,NULL),(548,18.652277777777776,-97.00858333333333,NULL,1427,NULL,'2019-06-22','Zongolica',NULL,30,'MEX',2236,5,NULL,NULL),(549,18.65213888888889,-97.00830555555555,NULL,1433,NULL,'2019-06-22','Zongolica',NULL,30,'MEX',2236,5,NULL,NULL),(550,18.608055555555556,-97.00122222222222,NULL,1499,NULL,'2019-06-22','Zongolica',NULL,30,'MEX',2236,NULL,NULL,NULL),(551,18.608055555555556,-96.99988888888889,NULL,1496,NULL,'2019-06-22','Zongolica',NULL,30,'MEX',2236,NULL,NULL,NULL),(552,18.61925,-97.01336111111111,NULL,1469,NULL,'2019-06-22','Zongolica',NULL,30,'MEX',2236,NULL,NULL,NULL),(553,18.619222222222223,-96.98663888888889,NULL,1474,NULL,'2019-06-22','Zongolica',NULL,30,'MEX',2236,NULL,NULL,NULL),(554,18.61936111111111,-96.98658333333333,NULL,1501,NULL,'2019-06-22','Zongolica',NULL,30,'MEX',2236,NULL,NULL,NULL),(555,18.619416666666666,-97.01347222222222,NULL,1502,NULL,'2019-06-22','Zongolica',NULL,30,'MEX',2236,NULL,NULL,NULL),(556,18.619444444444444,-97.01347222222222,NULL,1507,NULL,'2019-06-22','Zongolica',NULL,30,'MEX',2236,NULL,NULL,NULL),(557,18.61952777777778,-97.0135,NULL,1496,NULL,'2019-06-22','Zongolica',NULL,30,'MEX',2236,NULL,NULL,NULL),(558,18.626361111111112,-96.98508333333334,NULL,1581,NULL,'2019-06-22','Zongolica',NULL,30,'MEX',2236,NULL,NULL,NULL),(559,18.6030055,-95.0004722,NULL,1508,NULL,'2019-06-22','Zongolica',NULL,30,'MEX',2236,NULL,NULL,NULL),(560,18.625694444444445,-97.01486111111112,NULL,1621,NULL,'2019-06-22','Zongolica',NULL,30,'MEX',2236,NULL,NULL,NULL),(561,16.66252778,-94.22102778,NULL,1449,NULL,'2020-10-01','San Antonio',NULL,20,'MEX',1298,NULL,NULL,NULL),(562,16.66252778,-94.22102778,NULL,1449,NULL,'2020-10-01','San Antonio',NULL,20,'MEX',1298,NULL,NULL,NULL),(563,19.18838,-96.9909,NULL,1487,NULL,'2019-06-20','Las Cañadas',NULL,30,'MEX',2184,NULL,NULL,NULL),(564,19.18838,-96.9909,NULL,1487,NULL,'2019-06-20','Las Cañadas',NULL,30,'MEX',2184,NULL,NULL,NULL),(565,19.18838,-96.9909,NULL,1487,NULL,'2019-06-20','Las Cañadas',NULL,30,'MEX',2184,NULL,NULL,NULL),(566,21.43825,-99.80943,NULL,1300,NULL,NULL,'El Roblar',NULL,11,'MEX',343,NULL,NULL,NULL),(567,16.495455,-89.27055,NULL,597,NULL,'2021-12-11','Dolores',NULL,NULL,'GUA',NULL,NULL,NULL,NULL),(568,17.429869,-95.792647,NULL,460,NULL,'2022-02-18','San Pedro Tres Arroyos',NULL,20,'MEX',1141,NULL,NULL,NULL),(569,17.429869,-95.792647,NULL,460,NULL,'2022-02-18','San Pedro Tres Arroyos',NULL,20,'MEX',1141,NULL,NULL,NULL),(570,17.978434,-96.67359,NULL,1744,NULL,'2022-02-16','Santa Cruz Teotilalpam',NULL,20,'MEX',1075,NULL,NULL,NULL),(571,17.979353,-96.672842,NULL,1758,NULL,'2022-02-16','Santa Cruz Teotilalpam',NULL,20,'MEX',1075,NULL,NULL,NULL),(572,17.979221,-96.672424,NULL,1764,NULL,'2022-02-16','Santa Cruz Teotilalpam',NULL,20,'MEX',1075,NULL,NULL,NULL),(573,17.979245,-96.672939,NULL,1769,NULL,'2022-02-16','Santa Cruz Teotilalpam',NULL,20,'MEX',1075,NULL,NULL,NULL),(574,17.976725,-96.675297,NULL,1728,NULL,'2022-02-16','Santa Cruz Teotilalpam',NULL,20,'MEX',1075,NULL,NULL,NULL),(575,17.976318,-96.67553,NULL,1739,NULL,'2022-02-16','Santa Cruz Teotilalpam',NULL,20,'MEX',1075,NULL,NULL,NULL),(576,17.966212,-96.685412,NULL,1476,NULL,'2022-02-16','Santa Cruz Teotilalpam',NULL,20,'MEX',1075,NULL,NULL,NULL),(577,19.57218,-97.00612,NULL,1896,NULL,'2021-09-28','Plan de Sedeño',NULL,30,'MEX',2090,NULL,NULL,NULL),(578,19.57191,-97.00559,NULL,1892,NULL,'2021-09-28','Plan de Sedeño',NULL,30,'MEX',2090,NULL,NULL,NULL),(579,19.5718,-97.00562,NULL,1893,NULL,'2021-09-28','Plan de Sedeño',NULL,30,'MEX',2090,NULL,NULL,NULL),(580,19.57187,-97.00533,NULL,1895,NULL,'2021-09-28','Plan de Sedeño',NULL,30,'MEX',2090,NULL,NULL,NULL),(581,19.57187,-97.00533,NULL,1895,NULL,'2021-09-28','Plan de Sedeño',NULL,30,'MEX',2090,NULL,NULL,NULL),(582,16.89098,-95.320611,NULL,1088,NULL,'2021-12-12','San Isidro Lachigushe',NULL,20,'MEX',1371,NULL,NULL,NULL),(583,16.890953,-95.320514,NULL,1085,NULL,'2021-12-12','San Isidro Lachigushe',NULL,20,'MEX',1371,NULL,NULL,NULL),(584,18.54054,-95.14324,NULL,1066,NULL,'2021-10-04','Adolfo Ruiz Cortines',NULL,30,'MEX',2264,NULL,NULL,NULL),(585,18.54062,-95.14332,NULL,1066,NULL,'2021-10-05','Adolfo Ruiz Cortines',NULL,30,'MEX',2264,NULL,NULL,NULL),(586,18.53642,-95.13897,NULL,1060,NULL,'2021-10-05','Adolfo Ruiz Cortines',NULL,30,'MEX',2264,NULL,NULL,NULL),(587,18.56695,-95.15867,NULL,1014,NULL,'2021-10-05','Adolfo Ruiz Cortines',NULL,30,'MEX',2264,NULL,NULL,NULL),(588,18.56682,-95.15867,NULL,1018,NULL,'2021-10-05','Adolfo Ruiz Cortines',NULL,30,'MEX',2264,NULL,NULL,NULL),(589,18.56697,-95.15865,NULL,1020,NULL,'2021-10-05','Adolfo Ruiz Cortines',NULL,30,'MEX',2264,NULL,NULL,NULL),(590,18.54069,-95.14415,NULL,1083,NULL,'2021-10-05','Adolfo Ruiz Cortines',NULL,30,'MEX',2264,NULL,NULL,NULL),(591,17.8823185,-96.8189981,NULL,2560,NULL,'2021-12-07','Peña Blanca',NULL,20,'MEX',1077,NULL,NULL,NULL),(592,17.8824296,-96.81905,NULL,2560,NULL,'2021-12-07','Peña Blanca',NULL,20,'MEX',1077,NULL,NULL,NULL),(593,17.8824296,-96.81905,NULL,2583,NULL,'2021-12-07','Peña Blanca',NULL,20,'MEX',1077,NULL,NULL,NULL),(594,17.882397,-96.8191634,NULL,2583,NULL,'2021-12-07','Peña Blanca',NULL,20,'MEX',1077,NULL,NULL,NULL),(595,17.882263,-96.8193166,NULL,2583,NULL,'2021-12-07','Peña Blanca',NULL,20,'MEX',1077,NULL,NULL,NULL),(596,17.8747093,-96.8226192,NULL,2590,NULL,'2021-12-07','Peña Blanca',NULL,20,'MEX',1077,NULL,NULL,NULL),(597,17.8564186,-96.8287941,NULL,2529,NULL,'2021-12-07','San Francisco Nogales',NULL,20,'MEX',1077,NULL,NULL,NULL),(598,17.8563863,-96.8288965,NULL,2529,NULL,'2021-12-07','San Francisco Nogales',NULL,20,'MEX',1077,NULL,NULL,NULL),(599,17.8432623,-96.8548849,NULL,2328,NULL,'2021-12-07','Natuiño',NULL,20,'MEX',1077,NULL,NULL,NULL),(600,16.8546057,-95.2952376,NULL,587,NULL,'2021-12-11','Santa María Guienagati',NULL,20,'MEX',1371,NULL,NULL,NULL),(601,20.3786,-104.82257,NULL,1785,NULL,'2019-08-01','Talpa',NULL,14,'MEX',611,NULL,NULL,NULL),(602,20.26423,-104.80935,NULL,1332,NULL,'2019-08-01','Talpa',NULL,14,'MEX',611,NULL,NULL,NULL),(603,20.26423,-104.80935,NULL,1332,NULL,'2019-08-01','Talpa',NULL,14,'MEX',611,NULL,NULL,NULL),(604,20.26423,-104.80935,NULL,1332,NULL,'2019-08-01','Talpa',NULL,14,'MEX',611,NULL,NULL,NULL),(605,20.26423,-104.80935,NULL,1332,NULL,'2019-08-01','Talpa',NULL,14,'MEX',611,NULL,NULL,NULL),(606,20.26423,-104.80935,NULL,1332,NULL,'2019-08-01','Talpa',NULL,14,'MEX',611,NULL,NULL,NULL),(607,20.26423,-104.80935,NULL,1332,NULL,'2019-08-01','Talpa',NULL,14,'MEX',611,NULL,NULL,NULL),(608,NULL,NULL,NULL,1785,NULL,'2019-08-01','Talpa',NULL,NULL,'MEX',NULL,NULL,NULL,NULL),(609,NULL,NULL,NULL,1785,NULL,'2019-08-01','Talpa',NULL,NULL,'MEX',NULL,NULL,NULL,NULL),(610,NULL,NULL,NULL,1785,NULL,'2019-08-01','Talpa',NULL,NULL,'MEX',NULL,NULL,NULL,NULL),(611,19.18946,-96.9907,NULL,1487,NULL,'2019-06-20','Las Cañadas',NULL,30,'MEX',2184,NULL,NULL,NULL),(612,18.37401,-94.925229,NULL,1039,NULL,'2021-10-04','Reserva La Otra Opción',NULL,30,'MEX',2268,NULL,NULL,NULL),(613,18.37458,-94.92281,NULL,1087,NULL,'2021-10-04','Reserva La Otra Opción',NULL,30,'MEX',2268,NULL,NULL,NULL),(614,18.37458,-94.92281,NULL,1087,NULL,'2021-10-04','Reserva La Otra Opción',NULL,30,'MEX',2268,NULL,NULL,NULL),(615,18.37442,-94.92149,NULL,1140,NULL,'2021-10-04','Reserva La Otra Opción',NULL,30,'MEX',2268,NULL,NULL,NULL),(616,18.37401,-94.92145,NULL,1130,NULL,'2021-10-04','Reserva La Otra Opción',NULL,30,'MEX',2268,NULL,NULL,NULL),(617,18.37389,-94.92144,NULL,1125,NULL,'2021-10-04','Reserva La Otra Opción',NULL,30,'MEX',2268,NULL,NULL,NULL),(618,18.57257,-95.15936,NULL,1016,NULL,'2021-10-04','Reserva La Otra Opción',NULL,30,'MEX',2268,NULL,NULL,NULL),(619,18.57257,-95.15936,NULL,1016,NULL,'2021-10-04','Reserva La Otra Opción',NULL,30,'MEX',2268,NULL,NULL,NULL),(620,18.56707,-95.15869,NULL,1020,NULL,'2021-10-04','Reserva La Otra Opción',NULL,30,'MEX',2268,NULL,NULL,NULL),(621,17.43039,-95.78963,NULL,375,NULL,'2019-08-01','Villa Alta',NULL,20,'MEX',1141,NULL,NULL,NULL),(622,17.43039,-95.78963,NULL,375,NULL,'2019-08-01','Villa Alta',NULL,20,'MEX',1141,NULL,NULL,NULL),(623,17.43039,-95.78963,NULL,375,NULL,'2019-08-01','Villa Alta',NULL,20,'MEX',1141,NULL,NULL,NULL),(624,17.27402,-96.09479,NULL,2199,NULL,'2019-08-01','Villa Alta',NULL,20,'MEX',1129,NULL,NULL,NULL),(625,17.44351,-96.16231,NULL,1589,NULL,'2019-08-01','Villa Alta',NULL,20,'MEX',1114,NULL,NULL,NULL),(626,17.27389,-96.09555,NULL,2178,NULL,'2019-08-01','Villa Alta',NULL,20,'MEX',1129,NULL,NULL,NULL),(627,NULL,NULL,NULL,1018,NULL,'2019-08-01','Villa Cacoma',NULL,NULL,'MEX',NULL,NULL,NULL,NULL),(628,19.18838,-96.9909,NULL,1487,NULL,'2019-06-20','Las Cañadas',NULL,30,'MEX',2184,NULL,NULL,NULL),(629,19.18838,-96.9909,NULL,1487,NULL,'2019-06-20','Las Cañadas',NULL,30,'MEX',2184,NULL,NULL,NULL),(630,19.190748,-96.98982,NULL,1487,NULL,'2019-06-20','Las Cañadas',NULL,30,'MEX',2184,NULL,NULL,NULL),(631,19.19076,-96.9895,NULL,1487,NULL,'2019-06-20','Las Cañadas',NULL,30,'MEX',2184,NULL,NULL,NULL),(632,16.660444,-94.231349,NULL,1768,NULL,'2019-09-15','San Antonio',NULL,20,'MEX',1298,NULL,NULL,NULL),(633,17.46594444,-96.15916667,NULL,1380,NULL,'2019-09-15','Santiago Camotlán',NULL,20,'MEX',1115,NULL,NULL,NULL),(634,16.672597,-94.231202,NULL,1953,NULL,'2019-09-15','San Antonio',NULL,20,'MEX',1298,NULL,NULL,NULL),(635,16.672008,-94.231754,NULL,1938,NULL,'2019-09-15','San Antonio',NULL,20,'MEX',1298,NULL,NULL,NULL),(636,17.46594444,-96.15916667,NULL,1380,NULL,'2019-09-15','Santiago Camotlán',NULL,20,'MEX',1115,NULL,NULL,NULL),(637,16.661858,-94.220445,NULL,1532,NULL,'2019-09-15','San Antonio',NULL,20,'MEX',1298,NULL,NULL,NULL),(638,17.46594444,-96.15916667,NULL,1380,NULL,'2019-09-15','Santiago Camotlán',NULL,20,'MEX',1115,NULL,NULL,NULL),(639,17.452974,-96.168574,NULL,1100,NULL,'2019-09-07','Santa Catarina Yetzelalag',NULL,20,'MEX',1114,5,NULL,NULL),(640,17.4680945,-96.1576828,NULL,1494,NULL,'2021-12-07','Santiago Camotlán',NULL,20,'MEX',1115,NULL,NULL,NULL),(641,17.4680099,-96.1584465,NULL,1494,NULL,'2021-12-07','Santiago Camotlán',NULL,20,'MEX',1115,NULL,NULL,NULL),(642,17.4680437,-96.1589943,NULL,1493,NULL,'2021-12-07','Santiago Camotlán',NULL,20,'MEX',1115,NULL,NULL,NULL),(643,17.4674779,-96.1605058,NULL,1489,NULL,'2021-12-07','Santiago Camotlán',NULL,20,'MEX',1115,NULL,NULL,NULL),(644,17.46649,-96.16193,NULL,1505,NULL,'2019-08-01','Yetzelalag',NULL,20,'MEX',1115,NULL,NULL,NULL),(645,17.46232,-96.15989,NULL,1323,NULL,'2019-08-01','Yetzelalag',NULL,20,'MEX',1114,NULL,NULL,NULL),(646,17.45876,-96.15932,NULL,1161,NULL,'2019-08-01','Yetzelalag',NULL,20,'MEX',1114,NULL,NULL,NULL),(647,17.45873,-96.15937,NULL,1166,NULL,'2019-08-01','Yetzelalag',NULL,20,'MEX',1114,NULL,NULL,NULL),(648,17.459067,-96.159402,NULL,1120,NULL,'2019-09-12','Santiago Camotlán, Oaxaca',NULL,20,'MEX',1114,NULL,NULL,NULL);
/*!40000 ALTER TABLE `individuos` ENABLE KEYS */;
UNLOCK TABLES;

--
-- Table structure for table `muestras_genetica`
--

DROP TABLE IF EXISTS `muestras_genetica`;
/*!40101 SET @saved_cs_client     = @@character_set_client */;
/*!40101 SET character_set_client = utf8 */;
CREATE TABLE `muestras_genetica` (
  `id_muestra` varchar(10) NOT NULL,
  `id_individuo` varchar(10) NOT NULL,
  `localizacion` text NOT NULL,
  `estatus` char(50) NOT NULL,
  PRIMARY KEY (`id_muestra`),
  KEY `muestras_genetica_ibfk_1` (`id_individuo`)
) ENGINE=InnoDB DEFAULT CHARSET=utf16 COLLATE=utf16_spanish_ci;
/*!40101 SET character_set_client = @saved_cs_client */;

--
-- Dumping data for table `muestras_genetica`
--

LOCK TABLES `muestras_genetica` WRITE;
/*!40000 ALTER TABLE `muestras_genetica` DISABLE KEYS */;
/*!40000 ALTER TABLE `muestras_genetica` ENABLE KEYS */;
UNLOCK TABLES;

--
-- Table structure for table `municipios`
--

DROP TABLE IF EXISTS `municipios`;
/*!40101 SET @saved_cs_client     = @@character_set_client */;
/*!40101 SET character_set_client = utf8 */;
CREATE TABLE `municipios` (
  `id_municipio` int(11) NOT NULL AUTO_INCREMENT,
  `municipio` varchar(100) CHARACTER SET latin1 COLLATE latin1_swedish_ci NOT NULL,
  PRIMARY KEY (`id_municipio`)
) ENGINE=InnoDB AUTO_INCREMENT=2459 DEFAULT CHARSET=utf16 COLLATE=utf16_spanish_ci;
/*!40101 SET character_set_client = @saved_cs_client */;

--
-- Dumping data for table `municipios`
--

LOCK TABLES `municipios` WRITE;
/*!40000 ALTER TABLE `municipios` DISABLE KEYS */;
INSERT INTO `municipios` VALUES (1,'Aguascalientes'),(2,'San Francisco de los Romo'),(3,'El Llano'),(4,'Rincón de Romos'),(5,'Cosío'),(6,'San José de Gracia'),(7,'Tepezalá'),(8,'Pabellón de Arteaga'),(9,'Asientos'),(10,'Calvillo'),(11,'Jesús María'),(12,'Mexicali'),(13,'Tecate'),(14,'Tijuana'),(15,'Playas de Rosarito'),(16,'Ensenada'),(17,'La Paz'),(18,'Los Cabos'),(19,'Comondú'),(20,'Loreto'),(21,'Mulegé'),(22,'Campeche'),(23,'Carmen'),(24,'Palizada'),(25,'Candelaria'),(26,'Escárcega'),(27,'Champotón'),(28,'Hopelchén'),(29,'Calakmul'),(30,'Tenabo'),(31,'Hecelchakán'),(32,'Calkiní'),(33,'Saltillo'),(34,'Arteaga'),(35,'Juárez'),(36,'Progreso'),(37,'Escobedo'),(38,'San Buenaventura'),(39,'Abasolo'),(40,'Candela'),(41,'Frontera'),(42,'Monclova'),(43,'Castaños'),(44,'Ramos Arizpe'),(45,'General Cepeda'),(46,'Piedras Negras'),(47,'Nava'),(48,'Acuña'),(49,'Múzquiz'),(50,'Jiménez'),(51,'Zaragoza'),(52,'Morelos'),(53,'Allende'),(54,'Villa Unión'),(55,'Guerrero'),(56,'Hidalgo'),(57,'Sabinas'),(58,'San Juan de Sabinas'),(59,'Torreón'),(60,'Matamoros'),(61,'Viesca'),(62,'Ocampo'),(63,'Nadadores'),(64,'Sierra Mojada'),(65,'Cuatro Ciénegas'),(66,'Lamadrid'),(67,'Sacramento'),(68,'San Pedro'),(69,'Francisco I. Madero'),(70,'Parras'),(71,'Colima'),(72,'Tecomán'),(73,'Manzanillo'),(74,'Armería'),(75,'Coquimatlán'),(76,'Comala'),(77,'Cuauhtémoc'),(78,'Ixtlahuacán'),(79,'Minatitlán'),(80,'Villa de Álvarez'),(81,'Tuxtla Gutiérrez'),(82,'San Fernando'),(83,'Berriozábal'),(84,'Ocozocoautla de Espinosa'),(85,'Suchiapa'),(86,'Chiapa de Corzo'),(87,'Osumacinta'),(88,'San Cristóbal de las Casas'),(89,'Chamula'),(90,'Ixtapa'),(91,'Zinacantán'),(92,'Acala'),(93,'Chiapilla'),(94,'San Lucas'),(95,'Teopisca'),(96,'Amatenango del Valle'),(97,'Chanal'),(98,'Oxchuc'),(99,'Huixtán'),(100,'Tenejapa'),(101,'Mitontic'),(102,'Reforma'),(103,'Juárez'),(104,'Pichucalco'),(105,'Sunuapa'),(106,'Ostuacán'),(107,'Francisco León'),(108,'Ixtacomitán'),(109,'Solosuchiapa'),(110,'Ixtapangajoya'),(111,'Tecpatán'),(112,'Copainalá'),(113,'Chicoasén'),(114,'Coapilla'),(115,'Pantepec'),(116,'Tapalapa'),(117,'Ocotepec'),(118,'Chapultenango'),(119,'Amatán'),(120,'Huitiupán'),(121,'Ixhuatán'),(122,'Tapilula'),(123,'Rayón'),(124,'Pueblo Nuevo Solistahuacán'),(125,'Jitotol'),(126,'Bochil'),(127,'Soyaló'),(128,'San Juan Cancuc'),(129,'Sabanilla'),(130,'Simojovel'),(131,'San Andrés Duraznal'),(132,'El Bosque'),(133,'Chalchihuitán'),(134,'Larráinzar'),(135,'Santiago el Pinar'),(136,'Chenalhó'),(137,'Aldama'),(138,'Pantelhó'),(139,'Sitalá'),(140,'Salto de Agua'),(141,'Tila'),(142,'Tumbalá'),(143,'Yajalón'),(144,'Ocosingo'),(145,'Chilón'),(146,'Benemérito de las Américas'),(147,'Marqués de Comillas'),(148,'Palenque'),(149,'La Libertad'),(150,'Catazajá'),(151,'Comitán de Domínguez'),(152,'Tzimol'),(153,'Chicomuselo'),(154,'Bella Vista'),(155,'Frontera Comalapa'),(156,'La Trinitaria'),(157,'La Independencia'),(158,'Maravilla Tenejapa'),(159,'Las Margaritas'),(160,'Altamirano'),(161,'Venustiano Carranza'),(162,'Totolapa'),(163,'Nicolás Ruíz'),(164,'Las Rosas'),(165,'La Concordia'),(166,'Angel Albino Corzo'),(167,'Montecristo de Guerrero'),(168,'Socoltenango'),(169,'Cintalapa'),(170,'Jiquipilas'),(171,'Arriaga'),(172,'Villaflores'),(173,'Tonalá'),(174,'Villa Corzo'),(175,'Pijijiapan'),(176,'Mapastepec'),(177,'Acapetahua'),(178,'Acacoyagua'),(179,'Escuintla'),(180,'Villa Comaltitlán'),(181,'Huixtla'),(182,'Mazatán'),(183,'Huehuetán'),(184,'Tuzantán'),(185,'Tapachula'),(186,'Suchiate'),(187,'Frontera Hidalgo'),(188,'Metapa'),(189,'Tuxtla Chico'),(190,'Unión Juárez'),(191,'Cacahoatán'),(192,'Motozintla'),(193,'Mazapa de Madero'),(194,'Amatenango de la Frontera'),(195,'Bejucal de Ocampo'),(196,'La Grandeza'),(197,'El Porvenir'),(198,'Siltepec'),(199,'Chihuahua'),(200,'Cuauhtémoc'),(201,'Riva Palacio'),(202,'Aquiles Serdán'),(203,'Bachíniva'),(204,'Guerrero'),(205,'Nuevo Casas Grandes'),(206,'Ascensión'),(207,'Janos'),(208,'Casas Grandes'),(209,'Galeana'),(210,'Buenaventura'),(211,'Gómez Farías'),(212,'Ignacio Zaragoza'),(213,'Madera'),(214,'Namiquipa'),(215,'Temósachic'),(216,'Matachí'),(217,'Juárez'),(218,'Guadalupe'),(219,'Praxedis G. Guerrero'),(220,'Ahumada'),(221,'Coyame del Sotol'),(222,'Ojinaga'),(223,'Aldama'),(224,'Julimes'),(225,'Manuel Benavides'),(226,'Delicias'),(227,'Rosales'),(228,'Meoqui'),(229,'Dr. Belisario Domínguez'),(230,'Satevó'),(231,'San Francisco de Borja'),(232,'Nonoava'),(233,'Guachochi'),(234,'Bocoyna'),(235,'Cusihuiriachi'),(236,'Gran Morelos'),(237,'Santa Isabel'),(238,'Carichí'),(239,'Uruachi'),(240,'Ocampo'),(241,'Moris'),(242,'Chínipas'),(243,'Maguarichi'),(244,'Guazapares'),(245,'Batopilas'),(246,'Urique'),(247,'Morelos'),(248,'Guadalupe y Calvo'),(249,'San Francisco del Oro'),(250,'Rosario'),(251,'Huejotitán'),(252,'El Tule'),(253,'Balleza'),(254,'Santa Bárbara'),(255,'Camargo'),(256,'Saucillo'),(257,'Valle de Zaragoza'),(258,'La Cruz'),(259,'San Francisco de Conchos'),(260,'Hidalgo del Parral'),(261,'Allende'),(262,'López'),(263,'Matamoros'),(264,'Jiménez'),(265,'Coronado'),(266,'Álvaro Obregón'),(267,'Azcapotzalco'),(268,'Benito Juárez'),(269,'Coyoacán'),(270,'Cuajimalpa de Morelos'),(271,'Cuauhtémoc'),(272,'Gustavo A. Madero'),(273,'Iztacalco'),(274,'Iztapalapa'),(275,'La Magdalena Contreras'),(276,'Miguel Hidalgo'),(277,'Milpa Alta'),(278,'Tláhuac'),(279,'Tlalpan'),(280,'Venustiano Carranza'),(281,'Xochimilco'),(282,'Durango'),(283,'Canatlán'),(284,'Nuevo Ideal'),(285,'Coneto de Comonfort'),(286,'San Juan del Río'),(287,'Canelas'),(288,'Topia'),(289,'Tamazula'),(290,'Santiago Papasquiaro'),(291,'Otáez'),(292,'San Dimas'),(293,'Guadalupe Victoria'),(294,'Peñón Blanco'),(295,'Pánuco de Coronado'),(296,'Poanas'),(297,'Nombre de Dios'),(298,'Vicente Guerrero'),(299,'Súchil'),(300,'Pueblo Nuevo'),(301,'Mezquital'),(302,'Gómez Palacio'),(303,'Lerdo'),(304,'Mapimí'),(305,'Tlahualilo'),(306,'Hidalgo'),(307,'Ocampo'),(308,'Guanaceví'),(309,'San Bernardo'),(310,'Indé'),(311,'San Pedro del Gallo'),(312,'Tepehuanes'),(313,'El Oro'),(314,'Nazas'),(315,'San Luis del Cordero'),(316,'Rodeo'),(317,'Cuencamé'),(318,'Santa Clara'),(319,'San Juan de Guadalupe'),(320,'General Simón Bolívar'),(321,'Guanajuato'),(322,'Silao de la Victoria'),(323,'Romita'),(324,'San Francisco del Rincón'),(325,'Purísima del Rincón'),(326,'Manuel Doblado'),(327,'Irapuato'),(328,'Salamanca'),(329,'Pueblo Nuevo'),(330,'Pénjamo'),(331,'Cuerámaro'),(332,'Abasolo'),(333,'Huanímaro'),(334,'León'),(335,'San Felipe'),(336,'Ocampo'),(337,'San Miguel de Allende'),(338,'Dolores Hidalgo Cuna de la Independencia Nacional'),(339,'San Diego de la Unión'),(340,'San Luis de la Paz'),(341,'Victoria'),(342,'Xichú'),(343,'Atarjea'),(344,'Santa Catarina'),(345,'Doctor Mora'),(346,'Tierra Blanca'),(347,'San José Iturbide'),(348,'Celaya'),(349,'Apaseo el Grande'),(350,'Comonfort'),(351,'Santa Cruz de Juventino Rosas'),(352,'Villagrán'),(353,'Cortazar'),(354,'Valle de Santiago'),(355,'Jaral del Progreso'),(356,'Apaseo el Alto'),(357,'Jerécuaro'),(358,'Coroneo'),(359,'Acámbaro'),(360,'Tarimoro'),(361,'Tarandacuao'),(362,'Moroleón'),(363,'Salvatierra'),(364,'Yuriria'),(365,'Santiago Maravatío'),(366,'Uriangato'),(367,'Chilpancingo de los Bravo'),(368,'General Heliodoro Castillo'),(369,'Leonardo Bravo'),(370,'Tixtla de Guerrero'),(371,'Ayutla de los Libres'),(372,'Mochitlán'),(373,'Quechultenango'),(374,'Tecoanapa'),(375,'Acapulco de Juárez'),(376,'Juan R. Escudero'),(377,'San Marcos'),(378,'Iguala de la Independencia'),(379,'Huitzuco de los Figueroa'),(380,'Tepecoacuilco de Trujano'),(381,'Eduardo Neri'),(382,'Taxco de Alarcón'),(383,'Buenavista de Cuéllar'),(384,'Tetipac'),(385,'Pilcaya'),(386,'Teloloapan'),(387,'Ixcateopan de Cuauhtémoc'),(388,'Pedro Ascencio Alquisiras'),(389,'General Canuto A. Neri'),(390,'Arcelia'),(391,'Apaxtla'),(392,'Cuetzala del Progreso'),(393,'Cocula'),(394,'Tlapehuala'),(395,'Cutzamala de Pinzón'),(396,'Pungarabato'),(397,'Tlalchapa'),(398,'Coyuca de Catalán'),(399,'Ajuchitlán del Progreso'),(400,'Zirándaro'),(401,'San Miguel Totolapan'),(402,'La Unión de Isidoro Montes de Oca'),(403,'Petatlán'),(404,'Coahuayutla de José María Izazaga'),(405,'Zihuatanejo de Azueta'),(406,'Técpan de Galeana'),(407,'Atoyac de Álvarez'),(408,'Benito Juárez'),(409,'Coyuca de Benítez'),(410,'Olinalá'),(411,'Atenango del Río'),(412,'Copalillo'),(413,'Cualác'),(414,'Chilapa de Álvarez'),(415,'José Joaquín de Herrera'),(416,'Ahuacuotzingo'),(417,'Zitlala'),(418,'Mártir de Cuilapan'),(419,'Huamuxtitlán'),(420,'Xochihuehuetlán'),(421,'Alpoyeca'),(422,'Tlapa de Comonfort'),(423,'Tlalixtaquilla de Maldonado'),(424,'Xalpatláhuac'),(425,'Zapotitlán Tablas'),(426,'Acatepec'),(427,'Atlixtac'),(428,'Copanatoyac'),(429,'Malinaltepec'),(430,'Iliatenco'),(431,'Tlacoapa'),(432,'Atlamajalcingo del Monte'),(433,'San Luis Acatlán'),(434,'Metlatónoc'),(435,'Cochoapa el Grande'),(436,'Alcozauca de Guerrero'),(437,'Ometepec'),(438,'Tlacoachistlahuaca'),(439,'Xochistlahuaca'),(440,'Florencio Villarreal'),(441,'Cuautepec'),(442,'Copala'),(443,'Azoyú'),(444,'Juchitán'),(445,'Marquelia'),(446,'Cuajinicuilapa'),(447,'Igualapa'),(448,'Pachuca de Soto'),(449,'Mineral del Chico'),(450,'Mineral del Monte'),(451,'Ajacuba'),(452,'San Agustín Tlaxiaca'),(453,'Mineral de la Reforma'),(454,'Zapotlán de Juárez'),(455,'Jacala de Ledezma'),(456,'Pisaflores'),(457,'Pacula'),(458,'La Misión'),(459,'Chapulhuacán'),(460,'Ixmiquilpan'),(461,'Zimapán'),(462,'Nicolás Flores'),(463,'Cardonal'),(464,'Tasquillo'),(465,'Alfajayucan'),(466,'Huichapan'),(467,'Tecozautla'),(468,'Nopala de Villagrán'),(469,'Actopan'),(470,'Santiago de Anaya'),(471,'San Salvador'),(472,'Francisco I. Madero'),(473,'El Arenal'),(474,'Mixquiahuala de Juárez'),(475,'Progreso de Obregón'),(476,'Chilcuautla'),(477,'Tezontepec de Aldama'),(478,'Tlahuelilpan'),(479,'Tula de Allende'),(480,'Tepeji del Río de Ocampo'),(481,'Chapantongo'),(482,'Tepetitlán'),(483,'Tetepango'),(484,'Tlaxcoapan'),(485,'Atitalaquia'),(486,'Atotonilco de Tula'),(487,'Huejutla de Reyes'),(488,'San Felipe Orizatlán'),(489,'Jaltocán'),(490,'Huautla'),(491,'Atlapexco'),(492,'Huazalingo'),(493,'Yahualica'),(494,'Xochiatipan'),(495,'Molango de Escamilla'),(496,'Tepehuacán de Guerrero'),(497,'Lolotla'),(498,'Tlanchinol'),(499,'Tlahuiltepa'),(500,'Juárez Hidalgo'),(501,'Zacualtipán de Ángeles'),(502,'Calnali'),(503,'Xochicoatlán'),(504,'Tianguistengo'),(505,'Atotonilco el Grande'),(506,'Eloxochitlán'),(507,'Metztitlán'),(508,'San Agustín Metzquititlán'),(509,'Metepec'),(510,'Huehuetla'),(511,'San Bartolo Tutotepec'),(512,'Agua Blanca de Iturbide'),(513,'Tenango de Doria'),(514,'Huasca de Ocampo'),(515,'Acatlán'),(516,'Omitlán de Juárez'),(517,'Epazoyucan'),(518,'Tulancingo de Bravo'),(519,'Acaxochitlán'),(520,'Cuautepec de Hinojosa'),(521,'Santiago Tulantepec de Lugo Guerrero'),(522,'Singuilucan'),(523,'Tizayuca'),(524,'Zempoala'),(525,'Tolcayuca'),(526,'Villa de Tezontepec'),(527,'Apan'),(528,'Tlanalapa'),(529,'Almoloya'),(530,'Emiliano Zapata'),(531,'Tepeapulco'),(532,'Guadalajara'),(533,'Zapopan'),(534,'San Cristóbal de la Barranca'),(535,'Ixtlahuacán del Río'),(536,'Tala'),(537,'El Arenal'),(538,'Amatitán'),(539,'Tonalá'),(540,'Zapotlanejo'),(541,'Acatic'),(542,'Cuquío'),(543,'San Pedro Tlaquepaque'),(544,'Tlajomulco de Zúñiga'),(545,'El Salto'),(546,'Acatlán de Juárez'),(547,'Villa Corona'),(548,'Zacoalco de Torres'),(549,'Atemajac de Brizuela'),(550,'Jocotepec'),(551,'Ixtlahuacán de los Membrillos'),(552,'Juanacatlán'),(553,'Chapala'),(554,'Poncitlán'),(555,'Zapotlán del Rey'),(556,'Huejuquilla el Alto'),(557,'Mezquitic'),(558,'Villa Guerrero'),(559,'Bolaños'),(560,'Totatiche'),(561,'Colotlán'),(562,'Santa María de los Ángeles'),(563,'Huejúcar'),(564,'Chimaltitán'),(565,'San Martín de Bolaños'),(566,'Tequila'),(567,'Hostotipaquillo'),(568,'Magdalena'),(569,'Etzatlán'),(570,'San Marcos'),(571,'San Juanito de Escobedo'),(572,'Ameca'),(573,'Ahualulco de Mercado'),(574,'Teuchitlán'),(575,'San Martín Hidalgo'),(576,'Guachinango'),(577,'Mixtlán'),(578,'Mascota'),(579,'San Sebastián del Oeste'),(580,'San Juan de los Lagos'),(581,'Jalostotitlán'),(582,'San Miguel el Alto'),(583,'San Julián'),(584,'Arandas'),(585,'San Ignacio Cerro Gordo'),(586,'Teocaltiche'),(587,'Villa Hidalgo'),(588,'Encarnación de Díaz'),(589,'Yahualica de González Gallo'),(590,'Mexticacán'),(591,'Cañadas de Obregón'),(592,'Valle de Guadalupe'),(593,'Lagos de Moreno'),(594,'Ojuelos de Jalisco'),(595,'Unión de San Antonio'),(596,'San Diego de Alejandría'),(597,'Tepatitlán de Morelos'),(598,'Tototlán'),(599,'Atotonilco el Alto'),(600,'Ocotlán'),(601,'Jamay'),(602,'La Barca'),(603,'Ayotlán'),(604,'Jesús María'),(605,'Degollado'),(606,'Unión de Tula'),(607,'Ayutla'),(608,'Atenguillo'),(609,'Cuautla'),(610,'Atengo'),(611,'Talpa de Allende'),(612,'Puerto Vallarta'),(613,'Cabo Corrientes'),(614,'Tomatlán'),(615,'Cocula'),(616,'Tecolotlán'),(617,'Tenamaxtlán'),(618,'Juchitlán'),(619,'Chiquilistlán'),(620,'Ejutla'),(621,'El Limón'),(622,'El Grullo'),(623,'Tonaya'),(624,'Tuxcacuesco'),(625,'Villa Purificación'),(626,'La Huerta'),(627,'Autlán de Navarro'),(628,'Casimiro Castillo'),(629,'Cuautitlán de García Barragán'),(630,'Cihuatlán'),(631,'Zapotlán el Grande'),(632,'Gómez Farías'),(633,'Concepción de Buenos Aires'),(634,'Atoyac'),(635,'Techaluta de Montenegro'),(636,'Teocuitatlán de Corona'),(637,'Sayula'),(638,'Tapalpa'),(639,'Amacueca'),(640,'Tizapán el Alto'),(641,'Tuxcueca'),(642,'La Manzanilla de la Paz'),(643,'Mazamitla'),(644,'Valle de Juárez'),(645,'Quitupan'),(646,'Zapotiltic'),(647,'Tamazula de Gordiano'),(648,'San Gabriel'),(649,'Tolimán'),(650,'Zapotitlán de Vadillo'),(651,'Tuxpan'),(652,'Tonila'),(653,'Pihuamo'),(654,'Tecalitlán'),(655,'Jilotlán de los Dolores'),(656,'Santa María del Oro'),(657,'Toluca'),(658,'Acambay de Ruíz Castañeda'),(659,'Aculco'),(660,'Temascalcingo'),(661,'Atlacomulco'),(662,'Timilpan'),(663,'Morelos'),(664,'El Oro'),(665,'San Felipe del Progreso'),(666,'San José del Rincón'),(667,'Jocotitlán'),(668,'Ixtlahuaca'),(669,'Jiquipilco'),(670,'Temoaya'),(671,'Almoloya de Juárez'),(672,'Villa Victoria'),(673,'Villa de Allende'),(674,'Donato Guerra'),(675,'Ixtapan del Oro'),(676,'Santo Tomás'),(677,'Otzoloapan'),(678,'Zacazonapan'),(679,'Valle de Bravo'),(680,'Amanalco'),(681,'Temascaltepec'),(682,'Zinacantepec'),(683,'Tejupilco'),(684,'Luvianos'),(685,'San Simón de Guerrero'),(686,'Amatepec'),(687,'Tlatlaya'),(688,'Sultepec'),(689,'Texcaltitlán'),(690,'Coatepec Harinas'),(691,'Villa Guerrero'),(692,'Zacualpan'),(693,'Almoloya de Alquisiras'),(694,'Ixtapan de la Sal'),(695,'Tonatico'),(696,'Zumpahuacán'),(697,'Lerma'),(698,'Xonacatlán'),(699,'Otzolotepec'),(700,'San Mateo Atenco'),(701,'Metepec'),(702,'Mexicaltzingo'),(703,'Calimaya'),(704,'Chapultepec'),(705,'San Antonio la Isla'),(706,'Tenango del Valle'),(707,'Rayón'),(708,'Joquicingo'),(709,'Tenancingo'),(710,'Malinalco'),(711,'Ocuilan'),(712,'Atizapán'),(713,'Almoloya del Río'),(714,'Texcalyacac'),(715,'Tianguistenco'),(716,'Xalatlaco'),(717,'Capulhuac'),(718,'Ocoyoacac'),(719,'Huixquilucan'),(720,'Atizapán de Zaragoza'),(721,'Naucalpan de Juárez'),(722,'Tlalnepantla de Baz'),(723,'Polotitlán'),(724,'Jilotepec'),(725,'Soyaniquilpan de Juárez'),(726,'Villa del Carbón'),(727,'Chapa de Mota'),(728,'Nicolás Romero'),(729,'Isidro Fabela'),(730,'Jilotzingo'),(731,'Tepotzotlán'),(732,'Coyotepec'),(733,'Huehuetoca'),(734,'Cuautitlán Izcalli'),(735,'Teoloyucan'),(736,'Cuautitlán'),(737,'Melchor Ocampo'),(738,'Tultitlán'),(739,'Tultepec'),(740,'Ecatepec de Morelos'),(741,'Zumpango'),(742,'Tequixquiac'),(743,'Apaxco'),(744,'Hueypoxtla'),(745,'Coacalco de Berriozábal'),(746,'Tecámac'),(747,'Jaltenco'),(748,'Tonanitla'),(749,'Nextlalpan'),(750,'Teotihuacán'),(751,'San Martín de las Pirámides'),(752,'Acolman'),(753,'Otumba'),(754,'Axapusco'),(755,'Nopaltepec'),(756,'Temascalapa'),(757,'Tezoyuca'),(758,'Chiautla'),(759,'Papalotla'),(760,'Tepetlaoxtoc'),(761,'Texcoco'),(762,'Chiconcuac'),(763,'Atenco'),(764,'Chimalhuacán'),(765,'Chicoloapan'),(766,'La Paz'),(767,'Ixtapaluca'),(768,'Chalco'),(769,'Valle de Chalco Solidaridad'),(770,'Temamatla'),(771,'Cocotitlán'),(772,'Tlalmanalco'),(773,'Ayapango'),(774,'Tenango del Aire'),(775,'Ozumba'),(776,'Juchitepec'),(777,'Tepetlixpa'),(778,'Amecameca'),(779,'Atlautla'),(780,'Ecatzingo'),(781,'Nezahualcóyotl'),(782,'Morelia'),(783,'Huaniqueo'),(784,'Coeneo'),(785,'Quiroga'),(786,'Tzintzuntzan'),(787,'Lagunillas'),(788,'Acuitzio'),(789,'Madero'),(790,'Puruándiro'),(791,'José Sixto Verduzco'),(792,'Angamacutiro'),(793,'Panindícuaro'),(794,'Zacapu'),(795,'Tlazazalca'),(796,'Purépero'),(797,'Jiménez'),(798,'Morelos'),(799,'Huandacareo'),(800,'Cuitzeo'),(801,'Chucándiro'),(802,'Copándaro'),(803,'Tarímbaro'),(804,'Santa Ana Maya'),(805,'Álvaro Obregón'),(806,'Zinapécuaro'),(807,'Indaparapeo'),(808,'Queréndaro'),(809,'Sahuayo'),(810,'Briseñas'),(811,'Cojumatlán de Régules'),(812,'Venustiano Carranza'),(813,'Pajacuarán'),(814,'Vista Hermosa'),(815,'Tanhuato'),(816,'Yurécuaro'),(817,'Ixtlán'),(818,'La Piedad'),(819,'Numarán'),(820,'Churintzio'),(821,'Zináparo'),(822,'Penjamillo'),(823,'Marcos Castellanos'),(824,'Jiquilpan'),(825,'Villamar'),(826,'Chavinda'),(827,'Zamora'),(828,'Ecuandureo'),(829,'Tangancícuaro'),(830,'Chilchota'),(831,'Jacona'),(832,'Tangamandapio'),(833,'Cotija'),(834,'Tocumbo'),(835,'Tingüindín'),(836,'Uruapan'),(837,'Charapan'),(838,'Paracho'),(839,'Cherán'),(840,'Nahuatzen'),(841,'Tingambato'),(842,'Los Reyes'),(843,'Peribán'),(844,'Tancítaro'),(845,'Nuevo Parangaricutiro'),(846,'Buenavista'),(847,'Tepalcatepec'),(848,'Aguililla'),(849,'Apatzingán'),(850,'Parácuaro'),(851,'Coahuayana'),(852,'Chinicuila'),(853,'Coalcomán de Vázquez Pallares'),(854,'Aquila'),(855,'Tumbiscatío'),(856,'Arteaga'),(857,'Lázaro Cárdenas'),(858,'Epitacio Huerta'),(859,'Contepec'),(860,'Tlalpujahua'),(861,'Hidalgo'),(862,'Maravatío'),(863,'Irimbo'),(864,'Senguio'),(865,'Charo'),(866,'Tzitzio'),(867,'Tiquicheo de Nicolás Romero'),(868,'Aporo'),(869,'Angangueo'),(870,'Tuxpan'),(871,'Ocampo'),(872,'Jungapeo'),(873,'Zitácuaro'),(874,'Tuzantla'),(875,'Juárez'),(876,'Susupuato'),(877,'Pátzcuaro'),(878,'Erongarícuaro'),(879,'Huiramba'),(880,'Tacámbaro'),(881,'Turicato'),(882,'Ziracuaretiro'),(883,'Taretan'),(884,'Gabriel Zamora'),(885,'Nuevo Urecho'),(886,'Múgica'),(887,'Salvador Escalante'),(888,'Ario'),(889,'La Huacana'),(890,'Churumuco'),(891,'Nocupétaro'),(892,'Carácuaro'),(893,'Huetamo'),(894,'San Lucas'),(895,'Cuernavaca'),(896,'Huitzilac'),(897,'Tepoztlán'),(898,'Tlalnepantla'),(899,'Tlayacapan'),(900,'Jiutepec'),(901,'Temixco'),(902,'Miacatlán'),(903,'Coatlán del Río'),(904,'Tetecala'),(905,'Mazatepec'),(906,'Amacuzac'),(907,'Puente de Ixtla'),(908,'Ayala'),(909,'Yautepec'),(910,'Cuautla'),(911,'Emiliano Zapata'),(912,'Tlaltizapán de Zapata'),(913,'Zacatepec'),(914,'Xochitepec'),(915,'Tetela del Volcán'),(916,'Yecapixtla'),(917,'Totolapan'),(918,'Atlatlahucan'),(919,'Ocuituco'),(920,'Temoac'),(921,'Zacualpan'),(922,'Jojutla'),(923,'Tepalcingo'),(924,'Jonacatepec'),(925,'Axochiapan'),(926,'Jantetelco'),(927,'Tlaquiltenango'),(928,'Tepic'),(929,'Tuxpan'),(930,'Santiago Ixcuintla'),(931,'Acaponeta'),(932,'Tecuala'),(933,'Huajicori'),(934,'Del Nayar'),(935,'La Yesca'),(936,'Ruíz'),(937,'Rosamorada'),(938,'Compostela'),(939,'Bahía de Banderas'),(940,'San Blas'),(941,'Xalisco'),(942,'San Pedro Lagunillas'),(943,'Santa María del Oro'),(944,'Jala'),(945,'Ahuacatlán'),(946,'Ixtlán del Río'),(947,'Amatlán de Cañas'),(948,'Monterrey'),(949,'Anáhuac'),(950,'Lampazos de Naranjo'),(951,'Mina'),(952,'Bustamante'),(953,'Sabinas Hidalgo'),(954,'Villaldama'),(955,'Vallecillo'),(956,'Parás'),(957,'Salinas Victoria'),(958,'Ciénega de Flores'),(959,'Hidalgo'),(960,'Abasolo'),(961,'Higueras'),(962,'General Zuazua'),(963,'Agualeguas'),(964,'General Treviño'),(965,'Cerralvo'),(966,'Melchor Ocampo'),(967,'García'),(968,'General Escobedo'),(969,'Santa Catarina'),(970,'San Pedro Garza García'),(971,'San Nicolás de los Garza'),(972,'El Carmen'),(973,'Apodaca'),(974,'Pesquería'),(975,'Marín'),(976,'Doctor González'),(977,'Los Ramones'),(978,'Los Herreras'),(979,'Los Aldamas'),(980,'Doctor Coss'),(981,'General Bravo'),(982,'China'),(983,'Guadalupe'),(984,'Juárez'),(985,'Santiago'),(986,'Allende'),(987,'General Terán'),(988,'Cadereyta Jiménez'),(989,'Montemorelos'),(990,'Rayones'),(991,'Linares'),(992,'Iturbide'),(993,'Galeana'),(994,'Hualahuises'),(995,'Doctor Arroyo'),(996,'Aramberri'),(997,'General Zaragoza'),(998,'Mier y Noriega'),(999,'Oaxaca de Juárez'),(1000,'Villa de Etla'),(1001,'San Juan Bautista Atatlahuca'),(1002,'San Jerónimo Sosola'),(1003,'San Juan Bautista Jayacatlán'),(1004,'San Francisco Telixtlahuaca'),(1005,'Santiago Tenango'),(1006,'San Pablo Huitzo'),(1007,'San Juan del Estado'),(1008,'Magdalena Apasco'),(1009,'Santiago Suchilquitongo'),(1010,'San Juan Bautista Guelache'),(1011,'Reyes Etla'),(1012,'Nazareno Etla'),(1013,'San Andrés Zautla'),(1014,'San Agustín Etla'),(1015,'Soledad Etla'),(1016,'Santo Tomás Mazaltepec'),(1017,'Guadalupe Etla'),(1018,'San Pablo Etla'),(1019,'San Felipe Tejalápam'),(1020,'San Lorenzo Cacaotepec'),(1021,'Santa María Peñoles'),(1022,'Santiago Tlazoyaltepec'),(1023,'Tlalixtac de Cabrera'),(1024,'San Jacinto Amilpas'),(1025,'San Andrés Huayápam'),(1026,'San Agustín Yatareni'),(1027,'Santo Domingo Tomaltepec'),(1028,'Santa María del Tule'),(1029,'San Juan Bautista Tuxtepec'),(1030,'Loma Bonita'),(1031,'San José Independencia'),(1032,'Cosolapa'),(1033,'Acatlán de Pérez Figueroa'),(1034,'San Miguel Soyaltepec'),(1035,'Ayotzintepec'),(1036,'San Pedro Ixcatlán'),(1037,'San José Chiltepec'),(1038,'San Felipe Jalapa de Díaz'),(1039,'Santa María Jacatepec'),(1040,'San Lucas Ojitlán'),(1041,'San Juan Bautista Valle Nacional'),(1042,'San Felipe Usila'),(1043,'Huautla de Jiménez'),(1044,'Santa María Chilchotla'),(1045,'Santa Ana Ateixtlahuaca'),(1046,'San Lorenzo Cuaunecuiltitla'),(1047,'San Francisco Huehuetlán'),(1048,'San Pedro Ocopetatillo'),(1049,'Santa Cruz Acatepec'),(1050,'Eloxochitlán de Flores Magón'),(1051,'Santiago Texcalcingo'),(1052,'Teotitlán de Flores Magón'),(1053,'Santa María Teopoxco'),(1054,'San Martín Toxpalan'),(1055,'San Jerónimo Tecóatl'),(1056,'Santa María la Asunción'),(1057,'Huautepec'),(1058,'San Juan Coatzóspam'),(1059,'San Lucas Zoquiápam'),(1060,'San Antonio Nanahuatípam'),(1061,'San José Tenango'),(1062,'San Mateo Yoloxochitlán'),(1063,'San Bartolomé Ayautla'),(1064,'Mazatlán Villa de Flores'),(1065,'San Juan de los Cués'),(1066,'Santa María Tecomavaca'),(1067,'Santa María Ixcatlán'),(1068,'San Juan Bautista Cuicatlán'),(1069,'Cuyamecalco Villa de Zaragoza'),(1070,'Santa Ana Cuauhtémoc'),(1071,'Chiquihuitlán de Benito Juárez'),(1072,'San Pedro Teutila'),(1073,'San Miguel Santa Flor'),(1074,'Santa María Tlalixtac'),(1075,'San Andrés Teotilálpam'),(1076,'San Francisco Chapulapa'),(1077,'Concepción Pápalo'),(1078,'Santos Reyes Pápalo'),(1079,'San Juan Bautista Tlacoatzintepec'),(1080,'Santa María Pápalo'),(1081,'San Juan Tepeuxila'),(1082,'San Pedro Sochiápam'),(1083,'Valerio Trujano'),(1084,'San Pedro Jocotipac'),(1085,'Santa María Texcatitlán'),(1086,'San Pedro Jaltepetongo'),(1087,'Santiago Nacaltepec'),(1088,'Natividad'),(1089,'San Juan Quiotepec'),(1090,'San Pedro Yólox'),(1091,'Santiago Comaltepec'),(1092,'Abejones'),(1093,'San Pablo Macuiltianguis'),(1094,'Ixtlán de Juárez'),(1095,'San Juan Atepec'),(1096,'San Pedro Yaneri'),(1097,'San Miguel Aloápam'),(1098,'Teococuilco de Marcos Pérez'),(1099,'Santa Ana Yareni'),(1100,'San Juan Evangelista Analco'),(1101,'Santa María Jaltianguis'),(1102,'San Miguel del Río'),(1103,'San Juan Chicomezúchil'),(1104,'Capulálpam de Méndez'),(1105,'Nuevo Zoquiápam'),(1106,'Santiago Xiacuí'),(1107,'Guelatao de Juárez'),(1108,'Santa Catarina Ixtepeji'),(1109,'San Miguel Yotao'),(1110,'Santa Catarina Lachatao'),(1111,'San Miguel Amatlán'),(1112,'Santa María Yavesía'),(1113,'Santiago Laxopa'),(1114,'San Ildefonso Villa Alta'),(1115,'Santiago Camotlán'),(1116,'San Juan Yaeé'),(1117,'Santiago Lalopa'),(1118,'San Juan Yatzona'),(1119,'Villa Talea de Castro'),(1120,'Tanetze de Zaragoza'),(1121,'San Juan Juquila Vijanos'),(1122,'San Cristóbal Lachirioag'),(1123,'Santa María Temaxcalapa'),(1124,'Santo Domingo Roayaga'),(1125,'Santa María Yalina'),(1126,'San Andrés Solaga'),(1127,'San Juan Tabaá'),(1128,'San Melchor Betaza'),(1129,'San Andrés Yaá'),(1130,'San Bartolomé Zoogocho'),(1131,'San Baltazar Yatzachi el Bajo'),(1132,'Santiago Zoochila'),(1133,'Villa Hidalgo'),(1134,'San Francisco Cajonos'),(1135,'San Mateo Cajonos'),(1136,'San Pedro Cajonos'),(1137,'Santo Domingo Xagacía'),(1138,'San Pablo Yaganiza'),(1139,'Santiago Choápam'),(1140,'Santiago Jocotepec'),(1141,'San Juan Lalana'),(1142,'Santiago Yaveo'),(1143,'San Juan Petlapa'),(1144,'San Juan Comaltepec'),(1145,'Heroica Ciudad de Huajuapan de León'),(1146,'Santiago Chazumba'),(1147,'Cosoltepec'),(1148,'San Pedro y San Pablo Tequixtepec'),(1149,'San Juan Bautista Suchitepec'),(1150,'Santa Catarina Zapoquila'),(1151,'Santiago Miltepec'),(1152,'San Jerónimo Silacayoapilla'),(1153,'Zapotitlán Palmas'),(1154,'San Andrés Dinicuiti'),(1155,'Santiago Cacaloxtepec'),(1156,'Asunción Cuyotepeji'),(1157,'Santa María Camotlán'),(1158,'Santiago Huajolotitlán'),(1159,'Santiago Tamazola'),(1160,'San Juan Cieneguilla'),(1161,'Zapotitlán Lagunas'),(1162,'San Juan Ihualtepec'),(1163,'San Nicolás Hidalgo'),(1164,'Guadalupe de Ramírez'),(1165,'San Andrés Tepetlapa'),(1166,'San Miguel Ahuehuetitlán'),(1167,'San Mateo Nejápam'),(1168,'San Juan Bautista Tlachichilco'),(1169,'Tezoatlán de Segura y Luna'),(1170,'Fresnillo de Trujano'),(1171,'Santiago Ayuquililla'),(1172,'San José Ayuquila'),(1173,'San Martín Zacatepec'),(1174,'San Miguel Amatitlán'),(1175,'Mariscala de Juárez'),(1176,'Santa Cruz Tacache de Mina'),(1177,'San Simón Zahuatlán'),(1178,'San Marcos Arteaga'),(1179,'San Jorge Nuchita'),(1180,'Santos Reyes Yucuná'),(1181,'Santo Domingo Tonalá'),(1182,'Santo Domingo Yodohino'),(1183,'San Juan Bautista Coixtlahuaca'),(1184,'Tepelmeme Villa de Morelos'),(1185,'Concepción Buenavista'),(1186,'Santiago Ihuitlán Plumas'),(1187,'Tlacotepec Plumas'),(1188,'San Francisco Teopan'),(1189,'Santa Magdalena Jicotlán'),(1190,'San Mateo Tlapiltepec'),(1191,'San Miguel Tequixtepec'),(1192,'San Miguel Tulancingo'),(1193,'Santiago Tepetlapa'),(1194,'San Cristóbal Suchixtlahuaca'),(1195,'Santa María Nativitas'),(1196,'Silacayoápam'),(1197,'Santiago Yucuyachi'),(1198,'San Lorenzo Victoria'),(1199,'San Agustín Atenango'),(1200,'Calihualá'),(1201,'Santa Cruz de Bravo'),(1202,'Ixpantepec Nieves'),(1203,'San Francisco Tlapancingo'),(1204,'Santiago del Río'),(1205,'San Pedro y San Pablo Teposcolula'),(1206,'La Trinidad Vista Hermosa'),(1207,'Villa de Tamazulápam del Progreso'),(1208,'San Pedro Nopala'),(1209,'Teotongo'),(1210,'San Antonio Acutla'),(1211,'Villa Tejúpam de la Unión'),(1212,'Santo Domingo Tonaltepec'),(1213,'Villa de Chilapa de Díaz'),(1214,'San Antonino Monte Verde'),(1215,'San Andrés Lagunas'),(1216,'San Pedro Yucunama'),(1217,'San Juan Teposcolula'),(1218,'San Bartolo Soyaltepec'),(1219,'Santiago Yolomécatl'),(1220,'San Sebastián Nicananduta'),(1221,'Santo Domingo Tlatayápam'),(1222,'Santa María Nduayaco'),(1223,'San Vicente Nuñú'),(1224,'San Pedro Topiltepec'),(1225,'Santiago Nejapilla'),(1226,'Asunción Nochixtlán'),(1227,'San Miguel Huautla'),(1228,'San Miguel Chicahua'),(1229,'Santa María Apazco'),(1230,'Santiago Apoala'),(1231,'Santa María Chachoápam'),(1232,'San Pedro Coxcaltepec Cántaros'),(1233,'Santiago Huauclilla'),(1234,'Santo Domingo Yanhuitlán'),(1235,'San Andrés Sinaxtla'),(1236,'San Juan Yucuita'),(1237,'San Juan Sayultepec'),(1238,'Santiago Tillo'),(1239,'San Francisco Chindúa'),(1240,'San Mateo Etlatongo'),(1241,'Santa Inés de Zaragoza'),(1242,'Santiago Juxtlahuaca'),(1243,'San Miguel Tlacotepec'),(1244,'San Sebastián Tecomaxtlahuaca'),(1245,'Santos Reyes Tepejillo'),(1246,'San Juan Mixtepec -Dto. 08 -'),(1247,'San Martín Peras'),(1248,'Coicoyán de las Flores'),(1249,'Heroica Ciudad de Tlaxiaco'),(1250,'San Juan Ñumí'),(1251,'San Pedro Mártir Yucuxaco'),(1252,'San Martín Huamelúlpam'),(1253,'Santa Cruz Tayata'),(1254,'Santiago Nundiche'),(1255,'Santa María del Rosario'),(1256,'San Juan Achiutla'),(1257,'Santa Catarina Tayata'),(1258,'San Cristóbal Amoltepec'),(1259,'San Miguel Achiutla'),(1260,'San Martín Itunyoso'),(1261,'Magdalena Peñasco'),(1262,'San Bartolomé Yucuañe'),(1263,'Santa Cruz Nundaco'),(1264,'San Agustín Tlacotepec'),(1265,'Santo Tomás Ocotepec'),(1266,'San Antonio Sinicahua'),(1267,'San Mateo Peñasco'),(1268,'Santa María Tataltepec'),(1269,'San Pedro Molinos'),(1270,'Santa María Yosoyúa'),(1271,'San Juan Teita'),(1272,'Magdalena Jaltepec'),(1273,'Magdalena Yodocono de Porfirio Díaz'),(1274,'San Miguel Tecomatlán'),(1275,'Magdalena Zahuatlán'),(1276,'San Francisco Nuxaño'),(1277,'San Pedro Tidaá'),(1278,'San Francisco Jaltepetongo'),(1279,'Santiago Tilantongo'),(1280,'San Juan Diuxi'),(1281,'San Andrés Nuxiño'),(1282,'San Juan Tamazola'),(1283,'Santo Domingo Nuxaá'),(1284,'Yutanduchi de Guerrero'),(1285,'San Pedro Teozacoalco'),(1286,'San Miguel Piedras'),(1287,'San Mateo Sindihui'),(1288,'Heroica Ciudad de Juchitán de Zaragoza'),(1289,'Ciudad Ixtepec'),(1290,'El Espinal'),(1291,'Santo Domingo Ingenio'),(1292,'Santa María Xadani'),(1293,'Santiago Niltepec'),(1294,'San Dionisio del Mar'),(1295,'Asunción Ixtaltepec'),(1296,'San Francisco del Mar'),(1297,'Unión Hidalgo'),(1298,'San Miguel Chimalapa'),(1299,'Santo Domingo Zanatepec'),(1300,'Reforma de Pineda'),(1301,'San Francisco Ixhuatán'),(1302,'San Pedro Tapanatepec'),(1303,'Chahuites'),(1304,'Santiago Zacatepec'),(1305,'Santo Domingo Tepuxtepec'),(1306,'San Juan Cotzocón'),(1307,'San Juan Mazatlán'),(1308,'Totontepec Villa de Morelos'),(1309,'Mixistlán de la Reforma'),(1310,'Santa María Tlahuitoltepec'),(1311,'Santa María Alotepec'),(1312,'Santiago Atitlán'),(1313,'Tamazulápam del Espíritu Santo'),(1314,'San Pedro y San Pablo Ayutla'),(1315,'Santa María Tepantlali'),(1316,'San Miguel Quetzaltepec'),(1317,'Asunción Cacalotepec'),(1318,'San Pedro Ocotepec'),(1319,'San Lucas Camotlán'),(1320,'Santiago Ixcuintepec'),(1321,'Matías Romero Avendaño'),(1322,'San Juan Guichicovi'),(1323,'Santo Domingo Petapa'),(1324,'Santa María Chimalapa'),(1325,'Santa María Petapa'),(1326,'El Barrio de la Soledad'),(1327,'Tlacolula de Matamoros'),(1328,'San Sebastián Abasolo'),(1329,'Villa Díaz Ordaz'),(1330,'Santa María Guelacé'),(1331,'Teotitlán del Valle'),(1332,'San Francisco Lachigoló'),(1333,'San Sebastián Teitipac'),(1334,'Santa Ana del Valle'),(1335,'San Pablo Villa de Mitla'),(1336,'Santiago Matatlán'),(1337,'Santo Domingo Albarradas'),(1338,'Rojas de Cuauhtémoc'),(1339,'San Juan Teitipac'),(1340,'Santa Cruz Papalutla'),(1341,'Magdalena Teitipac'),(1342,'San Jerónimo Tlacochahuaya'),(1343,'San Juan Guelavía'),(1344,'San Lucas Quiaviní'),(1345,'San Juan del Río'),(1346,'San Bartolomé Quialana'),(1347,'San Lorenzo Albarradas'),(1348,'San Pedro Totolápam'),(1349,'San Pedro Quiatoni'),(1350,'Santa María Zoquitlán'),(1351,'San Dionisio Ocotepec'),(1352,'San Carlos Yautepec'),(1353,'San Juan Juquila Mixes'),(1354,'Nejapa de Madero'),(1355,'Santa Ana Tavela'),(1356,'San Juan Lajarcia'),(1357,'San Bartolo Yautepec'),(1358,'Santa María Ecatepec'),(1359,'Asunción Tlacolulita'),(1360,'San Pedro Mártir Quiechapa'),(1361,'Santa María Quiegolani'),(1362,'Santa Catarina Quioquitani'),(1363,'Santa Catalina Quierí'),(1364,'Salina Cruz'),(1365,'Santiago Lachiguiri'),(1366,'Santa María Jalapa del Marqués'),(1367,'Santa María Totolapilla'),(1368,'Santiago Laollaga'),(1369,'Guevea de Humboldt'),(1370,'Santo Domingo Chihuitán'),(1371,'Santa María Guienagati'),(1372,'Magdalena Tequisistlán'),(1373,'Magdalena Tlacotepec'),(1374,'San Pedro Comitancillo'),(1375,'Santa María Mixtequilla'),(1376,'Santo Domingo Tehuantepec'),(1377,'San Pedro Huamelula'),(1378,'San Pedro Huilotepec'),(1379,'San Mateo del Mar'),(1380,'San Blas Atempa'),(1381,'Santiago Astata'),(1382,'San Miguel Tenango'),(1383,'Miahuatlán de Porfirio Díaz'),(1384,'San Nicolás'),(1385,'San Simón Almolongas'),(1386,'San Luis Amatlán'),(1387,'San José Lachiguiri'),(1388,'Sitio de Xitlapehua'),(1389,'San Francisco Logueche'),(1390,'Santa Ana'),(1391,'Santa Cruz Xitla'),(1392,'Monjas'),(1393,'San Ildefonso Amatlán'),(1394,'Santa Catarina Cuixtla'),(1395,'San José del Peñasco'),(1396,'San Cristóbal Amatlán'),(1397,'San Juan Mixtepec -Dto. 26 -'),(1398,'San Pedro Mixtepec -Dto. 26 -'),(1399,'Santa Lucía Miahuatlán'),(1400,'San Jerónimo Coatlán'),(1401,'San Sebastián Coatlán'),(1402,'San Pablo Coatlán'),(1403,'San Mateo Río Hondo'),(1404,'Santo Tomás Tamazulapan'),(1405,'San Andrés Paxtlán'),(1406,'Santa María Ozolotepec'),(1407,'San Miguel Coatlán'),(1408,'San Sebastián Río Hondo'),(1409,'San Miguel Suchixtepec'),(1410,'Santo Domingo Ozolotepec'),(1411,'San Francisco Ozolotepec'),(1412,'Santiago Xanica'),(1413,'San Marcial Ozolotepec'),(1414,'San Juan Ozolotepec'),(1415,'San Pedro Pochutla'),(1416,'Santo Domingo de Morelos'),(1417,'Santa Catarina Loxicha'),(1418,'San Agustín Loxicha'),(1419,'San Baltazar Loxicha'),(1420,'Santa María Colotepec'),(1421,'San Bartolomé Loxicha'),(1422,'Santa María Tonameca'),(1423,'Candelaria Loxicha'),(1424,'Pluma Hidalgo'),(1425,'San Pedro el Alto'),(1426,'San Mateo Piñas'),(1427,'Santa María Huatulco'),(1428,'San Miguel del Puerto'),(1429,'Putla Villa de Guerrero'),(1430,'Constancia del Rosario'),(1431,'Mesones Hidalgo'),(1432,'Santa María Zacatepec'),(1433,'San Pedro Amuzgos'),(1434,'La Reforma'),(1435,'Santa María Ipalapa'),(1436,'Chalcatongo de Hidalgo'),(1437,'Santa María Yucuhiti'),(1438,'San Esteban Atatlahuca'),(1439,'Santa Catarina Ticuá'),(1440,'Santiago Nuyoó'),(1441,'Santa Catarina Yosonotú'),(1442,'San Miguel el Grande'),(1443,'Santo Domingo Ixcatlán'),(1444,'San Pablo Tijaltepec'),(1445,'Santa Cruz Tacahua'),(1446,'Santa Lucía Monteverde'),(1447,'San Andrés Cabecera Nueva'),(1448,'Santa María Yolotepec'),(1449,'Santiago Yosondúa'),(1450,'Santa Cruz Itundujia'),(1451,'Zimatlán de Álvarez'),(1452,'San Bernardo Mixtepec'),(1453,'Santa Cruz Mixtepec'),(1454,'San Miguel Mixtepec'),(1455,'Santa María Atzompa'),(1456,'San Andrés Ixtlahuaca'),(1457,'Santa Cruz Amilpas'),(1458,'Santa Cruz Xoxocotlán'),(1459,'Santa Lucía del Camino'),(1460,'San Pedro Ixtlahuaca'),(1461,'San Antonio de la Cal'),(1462,'San Agustín de las Juntas'),(1463,'San Pablo Huixtepec'),(1464,'Ánimas Trujano'),(1465,'San Jacinto Tlacotepec'),(1466,'San Raymundo Jalpan'),(1467,'Trinidad Zaachila'),(1468,'Santa María Coyotepec'),(1469,'San Bartolo Coyotepec'),(1470,'Santa Inés Yatzeche'),(1471,'Ciénega de Zimatlán'),(1472,'San Antonio Huitepec'),(1473,'Villa de Zaachila'),(1474,'San Sebastián Tutla'),(1475,'San Miguel Peras'),(1476,'San Pablo Cuatro Venados'),(1477,'Santa Inés del Monte'),(1478,'Santa Gertrudis'),(1479,'San Antonino el Alto'),(1480,'Magdalena Mixtepec'),(1481,'Santa Catarina Quiané'),(1482,'Ayoquezco de Aldama'),(1483,'Santa Ana Tlapacoyan'),(1484,'Santa Cruz Zenzontepec'),(1485,'San Francisco Cahuacuá'),(1486,'San Mateo Yucutindoo'),(1487,'Santiago Textitlán'),(1488,'Santiago Amoltepec'),(1489,'Santa María Zaniza'),(1490,'Santo Domingo Teojomulco'),(1491,'Cuilápam de Guerrero'),(1492,'Villa Sola de Vega'),(1493,'Santa María Lachixío'),(1494,'San Vicente Lachixío'),(1495,'San Lorenzo Texmelúcan'),(1496,'Santa María Sola'),(1497,'San Francisco Sola'),(1498,'San Ildefonso Sola'),(1499,'Santiago Minas'),(1500,'Heroica Ciudad de Ejutla de Crespo'),(1501,'San Martín Tilcajete'),(1502,'Santo Tomás Jalieza'),(1503,'San Juan Chilateca'),(1504,'Ocotlán de Morelos'),(1505,'Santa Ana Zegache'),(1506,'Santiago Apóstol'),(1507,'San Antonino Castillo Velasco'),(1508,'Asunción Ocotlán'),(1509,'San Pedro Mártir'),(1510,'San Dionisio Ocotlán'),(1511,'Magdalena Ocotlán'),(1512,'San Miguel Tilquiápam'),(1513,'Santa Catarina Minas'),(1514,'San Baltazar Chichicápam'),(1515,'San Pedro Apóstol'),(1516,'Santa Lucía Ocotlán'),(1517,'San Jerónimo Taviche'),(1518,'San Andrés Zabache'),(1519,'San José del Progreso'),(1520,'Yaxe'),(1521,'San Pedro Taviche'),(1522,'San Martín de los Cansecos'),(1523,'San Martín Lachilá'),(1524,'La Pe'),(1525,'La Compañía'),(1526,'Coatecas Altas'),(1527,'San Juan Lachigalla'),(1528,'San Agustín Amatengo'),(1529,'Taniche'),(1530,'San Miguel Ejutla'),(1531,'Yogana'),(1532,'San Vicente Coatlán'),(1533,'Santiago Pinotepa Nacional'),(1534,'San Juan Cacahuatepec'),(1535,'San Juan Bautista Lo de Soto'),(1536,'Mártires de Tacubaya'),(1537,'San Sebastián Ixcapa'),(1538,'San Antonio Tepetlapa'),(1539,'Santa María Cortijo'),(1540,'Santiago Llano Grande'),(1541,'San Miguel Tlacamama'),(1542,'Santiago Tapextla'),(1543,'San José Estancia Grande'),(1544,'Santo Domingo Armenta'),(1545,'Santiago Jamiltepec'),(1546,'San Pedro Atoyac'),(1547,'San Juan Colorado'),(1548,'Santiago Ixtayutla'),(1549,'San Pedro Jicayán'),(1550,'Pinotepa de Don Luis'),(1551,'San Lorenzo'),(1552,'San Agustín Chayuco'),(1553,'San Andrés Huaxpaltepec'),(1554,'Santa Catarina Mechoacán'),(1555,'Santiago Tetepec'),(1556,'Santa María Huazolotitlán'),(1557,'Villa de Tututepec de Melchor Ocampo'),(1558,'Tataltepec de Valdés'),(1559,'San Juan Quiahije'),(1560,'San Miguel Panixtlahuaca'),(1561,'Santa Catarina Juquila'),(1562,'San Pedro Juchatengo'),(1563,'Santiago Yaitepec'),(1564,'San Juan Lachao'),(1565,'Santa María Temaxcaltepec'),(1566,'Santos Reyes Nopala'),(1567,'San Gabriel Mixtepec'),(1568,'San Pedro Mixtepec -Dto. 22 -'),(1569,'Puebla'),(1570,'Tlaltenango'),(1571,'San Miguel Xoxtla'),(1572,'Juan C. Bonilla'),(1573,'Coronango'),(1574,'Cuautlancingo'),(1575,'San Pedro Cholula'),(1576,'San Andrés Cholula'),(1577,'Ocoyucan'),(1578,'Amozoc'),(1579,'Francisco Z. Mena'),(1580,'Pantepec'),(1581,'Venustiano Carranza'),(1582,'Jalpan'),(1583,'Tlaxco'),(1584,'Tlacuilotepec'),(1585,'Xicotepec'),(1586,'Pahuatlán'),(1587,'Honey'),(1588,'Naupan'),(1589,'Huauchinango'),(1590,'Ahuazotepec'),(1591,'Juan Galindo'),(1592,'Tlaola'),(1593,'Zihuateutla'),(1594,'Jopala'),(1595,'Tlapacoya'),(1596,'Chignahuapan'),(1597,'Zacatlán'),(1598,'Chiconcuautla'),(1599,'Ahuacatlán'),(1600,'Tepetzintla'),(1601,'San Felipe Tepatlán'),(1602,'Amixtlán'),(1603,'Tepango de Rodríguez'),(1604,'Zongozotla'),(1605,'Hermenegildo Galeana'),(1606,'Olintla'),(1607,'Coatepec'),(1608,'Camocuautla'),(1609,'Hueytlalpan'),(1610,'Zapotitlán de Méndez'),(1611,'Huitzilan de Serdán'),(1612,'Xochitlán de Vicente Suárez'),(1613,'Huehuetla'),(1614,'Ixtepec'),(1615,'Atlequizayan'),(1616,'Tenampulco'),(1617,'Tuzamapan de Galeana'),(1618,'Caxhuacan'),(1619,'Jonotla'),(1620,'Zoquiapan'),(1621,'Nauzontla'),(1622,'Cuetzalan del Progreso'),(1623,'Ayotoxco de Guerrero'),(1624,'Hueytamalco'),(1625,'Acateno'),(1626,'Cuautempan'),(1627,'Aquixtla'),(1628,'Tetela de Ocampo'),(1629,'Xochiapulco'),(1630,'Zacapoaxtla'),(1631,'Zaragoza'),(1632,'Ixtacamaxtitlán'),(1633,'Zautla'),(1634,'Ocotepec'),(1635,'Libres'),(1636,'Teziutlán'),(1637,'Tlatlauquitepec'),(1638,'Yaonáhuac'),(1639,'Hueyapan'),(1640,'Teteles de Avila Castillo'),(1641,'Atempan'),(1642,'Chignautla'),(1643,'Xiutetelco'),(1644,'Cuyoaco'),(1645,'Tepeyahualco'),(1646,'San Martín Texmelucan'),(1647,'Tlahuapan'),(1648,'San Matías Tlalancaleca'),(1649,'San Salvador el Verde'),(1650,'San Felipe Teotlalcingo'),(1651,'Chiautzingo'),(1652,'Huejotzingo'),(1653,'Domingo Arenas'),(1654,'Calpan'),(1655,'San Nicolás de los Ranchos'),(1656,'Atlixco'),(1657,'Nealtican'),(1658,'San Jerónimo Tecuanipan'),(1659,'San Gregorio Atzompa'),(1660,'Tochimilco'),(1661,'Tianguismanalco'),(1662,'Santa Isabel Cholula'),(1663,'Huaquechula'),(1664,'San Diego la Mesa Tochimiltzingo'),(1665,'Tepeojuma'),(1666,'Izúcar de Matamoros'),(1667,'Atzitzihuacán'),(1668,'Acteopan'),(1669,'Cohuecan'),(1670,'Tepemaxalco'),(1671,'Tlapanalá'),(1672,'Tepexco'),(1673,'Tilapa'),(1674,'Chietla'),(1675,'Atzala'),(1676,'Teopantlán'),(1677,'San Martín Totoltepec'),(1678,'Xochiltepec'),(1679,'Epatlán'),(1680,'Ahuatlán'),(1681,'Coatzingo'),(1682,'Santa Catarina Tlaltempan'),(1683,'Chigmecatitlán'),(1684,'Zacapala'),(1685,'Tepexi de Rodríguez'),(1686,'Teotlalco'),(1687,'Jolalpan'),(1688,'Huehuetlán el Chico'),(1689,'Chiautla'),(1690,'Cohetzala'),(1691,'Xicotlán'),(1692,'Chila de la Sal'),(1693,'Ixcamilpa de Guerrero'),(1694,'Albino Zertuche'),(1695,'Tulcingo'),(1696,'Tehuitzingo'),(1697,'Cuayuca de Andrade'),(1698,'Santa Inés Ahuatempan'),(1699,'Axutla'),(1700,'Chinantla'),(1701,'Ahuehuetitla'),(1702,'San Pablo Anicano'),(1703,'Tecomatlán'),(1704,'Piaxtla'),(1705,'Guadalupe'),(1706,'Ixcaquixtla'),(1707,'Coyotepec'),(1708,'Xayacatlán de Bravo'),(1709,'Totoltepec de Guerrero'),(1710,'Acatlán'),(1711,'San Jerónimo Xayacatlán'),(1712,'San Pedro Yeloixtlahuaca'),(1713,'Petlalcingo'),(1714,'San Miguel Ixitlán'),(1715,'Chila'),(1716,'Rafael Lara Grajales'),(1717,'San José Chiapa'),(1718,'Oriental'),(1719,'San Nicolás Buenos Aires'),(1720,'Guadalupe Victoria'),(1721,'Tlachichuca'),(1722,'Lafragua'),(1723,'Chilchotla'),(1724,'Quimixtlán'),(1725,'Chichiquila'),(1726,'Tepatlaxco de Hidalgo'),(1727,'Acajete'),(1728,'Nopalucan'),(1729,'Mazapiltepec de Juárez'),(1730,'Soltepec'),(1731,'Acatzingo'),(1732,'San Salvador el Seco'),(1733,'General Felipe Ángeles'),(1734,'Aljojuca'),(1735,'San Juan Atenco'),(1736,'Tepeaca'),(1737,'Cuautinchán'),(1738,'Tecali de Herrera'),(1739,'Mixtla'),(1740,'Santo Tomás Hueyotlipan'),(1741,'Tzicatlacoyan'),(1742,'Huehuetlán el Grande'),(1743,'La Magdalena Tlatlauquitepec'),(1744,'San Juan Atzompa'),(1745,'Huatlatlauca'),(1746,'Los Reyes de Juárez'),(1747,'Cuapiaxtla de Madero'),(1748,'San Salvador Huixcolotla'),(1749,'Quecholac'),(1750,'Tecamachalco'),(1751,'Palmar de Bravo'),(1752,'Chalchicomula de Sesma'),(1753,'Atzitzintla'),(1754,'Esperanza'),(1755,'Cañada Morelos'),(1756,'Tlanepantla'),(1757,'Tochtepec'),(1758,'Atoyatempan'),(1759,'Tepeyahualco de Cuauhtémoc'),(1760,'Huitziltepec'),(1761,'Molcaxac'),(1762,'Xochitlán Todos Santos'),(1763,'Yehualtepec'),(1764,'Tlacotepec de Benito Juárez'),(1765,'Juan N. Méndez'),(1766,'Tehuacán'),(1767,'Tepanco de López'),(1768,'Chapulco'),(1769,'Santiago Miahuatlán'),(1770,'Nicolás Bravo'),(1771,'Atexcal'),(1772,'San Antonio Cañada'),(1773,'Zapotitlán'),(1774,'San Gabriel Chilac'),(1775,'Caltepec'),(1776,'Vicente Guerrero'),(1777,'Ajalpan'),(1778,'Eloxochitlán'),(1779,'Zoquitlán'),(1780,'San Sebastián Tlacotepec'),(1781,'Altepexi'),(1782,'Zinacatepec'),(1783,'San José Miahuatlán'),(1784,'Coxcatlán'),(1785,'Coyomeapan'),(1786,'Querétaro'),(1787,'El Marqués'),(1788,'Colón'),(1789,'Pinal de Amoles'),(1790,'Jalpan de Serra'),(1791,'Landa de Matamoros'),(1792,'Arroyo Seco'),(1793,'Peñamiller'),(1794,'Cadereyta de Montes'),(1795,'San Joaquín'),(1796,'Tolimán'),(1797,'Ezequiel Montes'),(1798,'Pedro Escobedo'),(1799,'Tequisquiapan'),(1800,'San Juan del Río'),(1801,'Amealco de Bonfil'),(1802,'Corregidora'),(1803,'Huimilpan'),(1804,'Othón P. Blanco'),(1805,'Felipe Carrillo Puerto'),(1806,'Lázaro Cárdenas'),(1807,'Isla Mujeres'),(1808,'Benito Juárez'),(1809,'Cozumel'),(1810,'Solidaridad'),(1811,'Tulum'),(1812,'José María Morelos'),(1813,'Bacalar'),(1814,'San Luis Potosí'),(1815,'Soledad de Graciano Sánchez'),(1816,'Cerro de San Pedro'),(1817,'Ahualulco'),(1818,'Mexquitic de Carmona'),(1819,'Villa de Arriaga'),(1820,'Vanegas'),(1821,'Cedral'),(1822,'Catorce'),(1823,'Charcas'),(1824,'Salinas'),(1825,'Santo Domingo'),(1826,'Villa de Ramos'),(1827,'Matehuala'),(1828,'Villa de la Paz'),(1829,'Villa de Guadalupe'),(1830,'Guadalcázar'),(1831,'Moctezuma'),(1832,'Venado'),(1833,'Villa de Arista'),(1834,'Villa Hidalgo'),(1835,'Armadillo de los Infante'),(1836,'Ciudad Valles'),(1837,'Ebano'),(1838,'Tamuín'),(1839,'El Naranjo'),(1840,'Ciudad del Maíz'),(1841,'Alaquines'),(1842,'Cárdenas'),(1843,'Cerritos'),(1844,'Villa Juárez'),(1845,'San Nicolás Tolentino'),(1846,'Villa de Reyes'),(1847,'Zaragoza'),(1848,'Santa María del Río'),(1849,'Tierra Nueva'),(1850,'Rioverde'),(1851,'Ciudad Fernández'),(1852,'San Ciro de Acosta'),(1853,'Tamasopo'),(1854,'Rayón'),(1855,'Aquismón'),(1856,'Lagunillas'),(1857,'Santa Catarina'),(1858,'Tancanhuitz'),(1859,'Tanlajás'),(1860,'San Vicente Tancuayalab'),(1861,'San Antonio'),(1862,'Tanquián de Escobedo'),(1863,'Tampamolón Corona'),(1864,'Coxcatlán'),(1865,'Huehuetlán'),(1866,'Xilitla'),(1867,'Axtla de Terrazas'),(1868,'Tampacán'),(1869,'San Martín Chalchicuautla'),(1870,'Tamazunchale'),(1871,'Matlapa'),(1872,'Culiacán'),(1873,'Navolato'),(1874,'Badiraguato'),(1875,'Cosalá'),(1876,'Mocorito'),(1877,'Guasave'),(1878,'Ahome'),(1879,'Salvador Alvarado'),(1880,'Angostura'),(1881,'Choix'),(1882,'El Fuerte'),(1883,'Sinaloa'),(1884,'Mazatlán'),(1885,'Escuinapa'),(1886,'Concordia'),(1887,'Elota'),(1888,'Rosario'),(1889,'San Ignacio'),(1890,'Hermosillo'),(1891,'San Miguel de Horcasitas'),(1892,'Carbó'),(1893,'San Luis Río Colorado'),(1894,'Puerto Peñasco'),(1895,'General Plutarco Elías Calles'),(1896,'Caborca'),(1897,'Altar'),(1898,'Tubutama'),(1899,'Atil'),(1900,'Oquitoa'),(1901,'Sáric'),(1902,'Benjamín Hill'),(1903,'Trincheras'),(1904,'Pitiquito'),(1905,'Nogales'),(1906,'Imuris'),(1907,'Santa Cruz'),(1908,'Magdalena'),(1909,'Naco'),(1910,'Agua Prieta'),(1911,'Fronteras'),(1912,'Nacozari de García'),(1913,'Bavispe'),(1914,'Bacerac'),(1915,'Huachinera'),(1916,'Nácori Chico'),(1917,'Granados'),(1918,'Bacadéhuachi'),(1919,'Cumpas'),(1920,'Huásabas'),(1921,'Moctezuma'),(1922,'Villa Hidalgo'),(1923,'Santa Ana'),(1924,'Cananea'),(1925,'Arizpe'),(1926,'Cucurpe'),(1927,'Bacoachi'),(1928,'San Pedro de la Cueva'),(1929,'Divisaderos'),(1930,'Tepache'),(1931,'Villa Pesqueira'),(1932,'Opodepe'),(1933,'Huépac'),(1934,'Banámichi'),(1935,'Ures'),(1936,'Aconchi'),(1937,'Baviácora'),(1938,'San Felipe de Jesús'),(1939,'Rayón'),(1940,'Cajeme'),(1941,'Navojoa'),(1942,'Huatabampo'),(1943,'Bácum'),(1944,'Etchojoa'),(1945,'Benito Juárez'),(1946,'Empalme'),(1947,'Guaymas'),(1948,'San Ignacio Río Muerto'),(1949,'La Colorada'),(1950,'Mazatán'),(1951,'Suaqui Grande'),(1952,'Sahuaripa'),(1953,'San Javier'),(1954,'Soyopa'),(1955,'Bacanora'),(1956,'Arivechi'),(1957,'Rosario'),(1958,'Quiriego'),(1959,'Onavas'),(1960,'Alamos'),(1961,'Yécora'),(1962,'Centro'),(1963,'Jalpa de Méndez'),(1964,'Nacajuca'),(1965,'Comalcalco'),(1966,'Huimanguillo'),(1967,'Cárdenas'),(1968,'Paraíso'),(1969,'Cunduacán'),(1970,'Macuspana'),(1971,'Centla'),(1972,'Jonuta'),(1973,'Teapa'),(1974,'Jalapa'),(1975,'Tacotalpa'),(1976,'Tenosique'),(1977,'Balancán'),(1978,'Emiliano Zapata'),(1979,'Victoria'),(1980,'Llera'),(1981,'Güémez'),(1982,'Casas'),(1983,'Matamoros'),(1984,'Valle Hermoso'),(1985,'San Fernando'),(1986,'Cruillas'),(1987,'San Nicolás'),(1988,'Soto la Marina'),(1989,'Jiménez'),(1990,'San Carlos'),(1991,'Abasolo'),(1992,'Padilla'),(1993,'Hidalgo'),(1994,'Mainero'),(1995,'Villagrán'),(1996,'Tula'),(1997,'Jaumave'),(1998,'Miquihuana'),(1999,'Bustamante'),(2000,'Palmillas'),(2001,'Ocampo'),(2002,'Nuevo Laredo'),(2003,'Miguel Alemán'),(2004,'Guerrero'),(2005,'Mier'),(2006,'Gustavo Díaz Ordaz'),(2007,'Camargo'),(2008,'Reynosa'),(2009,'Río Bravo'),(2010,'Méndez'),(2011,'Burgos'),(2012,'Tampico'),(2013,'Ciudad Madero'),(2014,'Altamira'),(2015,'Aldama'),(2016,'González'),(2017,'Xicoténcatl'),(2018,'Gómez Farías'),(2019,'El Mante'),(2020,'Antiguo Morelos'),(2021,'Nuevo Morelos'),(2022,'Tlaxcala'),(2023,'Ixtacuixtla de Mariano Matamoros'),(2024,'Santa Ana Nopalucan'),(2025,'Panotla'),(2026,'Totolac'),(2027,'Tepeyanco'),(2028,'Santa Isabel Xiloxoxtla'),(2029,'San Juan Huactzinco'),(2030,'Calpulalpan'),(2031,'Sanctórum de Lázaro Cárdenas'),(2032,'Benito Juárez'),(2033,'Hueyotlipan'),(2034,'Tlaxco'),(2035,'Nanacamilpa de Mariano Arista'),(2036,'Españita'),(2037,'Apizaco'),(2038,'Atlangatepec'),(2039,'Muñoz de Domingo Arenas'),(2040,'Tetla de la Solidaridad'),(2041,'Xaltocan'),(2042,'San Lucas Tecopilco'),(2043,'Yauhquemehcan'),(2044,'Xaloztoc'),(2045,'Tocatlán'),(2046,'Tzompantepec'),(2047,'San José Teacalco'),(2048,'Huamantla'),(2049,'Terrenate'),(2050,'Lázaro Cárdenas'),(2051,'Emiliano Zapata'),(2052,'Atltzayanca'),(2053,'Cuapiaxtla'),(2054,'El Carmen Tequexquitla'),(2055,'Ixtenco'),(2056,'Ziltlaltépec de Trinidad Sánchez Santos'),(2057,'Apetatitlán de Antonio Carvajal'),(2058,'Amaxac de Guerrero'),(2059,'Santa Cruz Tlaxcala'),(2060,'Cuaxomulco'),(2061,'Contla de Juan Cuamatzi'),(2062,'Tepetitla de Lardizábal'),(2063,'Natívitas'),(2064,'Santa Apolonia Teacalco'),(2065,'Tetlatlahuca'),(2066,'San Damián Texóloc'),(2067,'San Jerónimo Zacualpan'),(2068,'Zacatelco'),(2069,'San Lorenzo Axocomanitla'),(2070,'Santa Catarina Ayometla'),(2071,'Xicohtzinco'),(2072,'Papalotla de Xicohténcatl'),(2073,'Chiautempan'),(2074,'La Magdalena Tlaltelulco'),(2075,'San Francisco Tetlanohcan'),(2076,'Teolocholco'),(2077,'Acuamanala de Miguel Hidalgo'),(2078,'Santa Cruz Quilehtla'),(2079,'Mazatecochco de José María Morelos'),(2080,'Tenancingo'),(2081,'San Pablo del Monte'),(2082,'Xalapa'),(2083,'Tlalnelhuayocan'),(2084,'Xico'),(2085,'Ixhuacán de los Reyes'),(2086,'Ayahualulco'),(2087,'Perote'),(2088,'Banderilla'),(2089,'Rafael Lucio'),(2090,'Acajete'),(2091,'Las Vigas de Ramírez'),(2092,'Villa Aldama'),(2093,'Tlacolulan'),(2094,'Tonayán'),(2095,'Coacoatzintla'),(2096,'Jilotepec'),(2097,'Naolinco'),(2098,'Miahuatlán'),(2099,'Acatlán'),(2100,'Tepetlán'),(2101,'Juchique de Ferrer'),(2102,'Alto Lucero de Gutiérrez Barrios'),(2103,'Actopan'),(2104,'Coatepec'),(2105,'Teocelo'),(2106,'Cosautlán de Carvajal'),(2107,'Emiliano Zapata'),(2108,'Apazapan'),(2109,'Puente Nacional'),(2110,'Ursulo Galván'),(2111,'Paso de Ovejas'),(2112,'La Antigua'),(2113,'Veracruz'),(2114,'Pánuco'),(2115,'Pueblo Viejo'),(2116,'Tampico Alto'),(2117,'Tempoal'),(2118,'Ozuluama de Mascareñas'),(2119,'Tantoyuca'),(2120,'Platón Sánchez'),(2121,'Chiconamel'),(2122,'Chalma'),(2123,'Chontla'),(2124,'Citlaltépetl'),(2125,'Ixcatepec'),(2126,'Naranjos Amatlán'),(2127,'El Higo'),(2128,'Chinampa de Gorostiza'),(2129,'Tantima'),(2130,'Tamalín'),(2131,'Cerro Azul'),(2132,'Tepetzintla'),(2133,'Tancoco'),(2134,'Tamiahua'),(2135,'Huayacocotla'),(2136,'Ilamatlán'),(2137,'Zontecomatlán de López y Fuentes'),(2138,'Texcatepec'),(2139,'Zacualpan'),(2140,'Benito Juárez'),(2141,'Tlachichilco'),(2142,'Ixhuatlán de Madero'),(2143,'Chicontepec'),(2144,'Álamo Temapache'),(2145,'Tuxpan'),(2146,'Tihuatlán'),(2147,'Castillo de Teayo'),(2148,'Cazones de Herrera'),(2149,'Zozocolco de Hidalgo'),(2150,'Chumatlán'),(2151,'Coxquihui'),(2152,'Mecatlán'),(2153,'Filomeno Mata'),(2154,'Coahuitlán'),(2155,'Coyutla'),(2156,'Coatzintla'),(2157,'Espinal'),(2158,'Poza Rica de Hidalgo'),(2159,'Papantla'),(2160,'Gutiérrez Zamora'),(2161,'Tecolutla'),(2162,'Martínez de la Torre'),(2163,'San Rafael'),(2164,'Tlapacoyan'),(2165,'Jalacingo'),(2166,'Atzalan'),(2167,'Altotonga'),(2168,'Las Minas'),(2169,'Tatatila'),(2170,'Tenochtitlán'),(2171,'Nautla'),(2172,'Misantla'),(2173,'Landero y Coss'),(2174,'Chiconquiaco'),(2175,'Yecuatla'),(2176,'Colipa'),(2177,'Vega de Alatorre'),(2178,'Jalcomulco'),(2179,'Tlaltetela'),(2180,'Tenampa'),(2181,'Totutla'),(2182,'Sochiapa'),(2183,'Tlacotepec de Mejía'),(2184,'Huatusco'),(2185,'Calcahualco'),(2186,'Alpatláhuac'),(2187,'Coscomatepec'),(2188,'La Perla'),(2189,'Chocamán'),(2190,'Tomatlán'),(2191,'Ixhuatlán del Café'),(2192,'Tepatlaxco'),(2193,'Comapa'),(2194,'Zentla'),(2195,'Camarón de Tejeda'),(2196,'Soledad de Doblado'),(2197,'Manlio Fabio Altamirano'),(2198,'Jamapa'),(2199,'Medellín'),(2200,'Boca del Río'),(2201,'Orizaba'),(2202,'Rafael Delgado'),(2203,'Mariano Escobedo'),(2204,'Ixhuatlancillo'),(2205,'Atzacan'),(2206,'Ixtaczoquitlán'),(2207,'Fortín'),(2208,'Córdoba'),(2209,'Maltrata'),(2210,'Nogales'),(2211,'Río Blanco'),(2212,'Camerino Z. Mendoza'),(2213,'Aquila'),(2214,'Acultzingo'),(2215,'Soledad Atzompa'),(2216,'Huiloapan de Cuauhtémoc'),(2217,'Tlaquilpa'),(2218,'Astacinga'),(2219,'Xoxocotla'),(2220,'Atlahuilco'),(2221,'Tequila'),(2222,'San Andrés Tenejapan'),(2223,'Tlilapan'),(2224,'Magdalena'),(2225,'Naranjal'),(2226,'Coetzala'),(2227,'Omealca'),(2228,'Cuitláhuac'),(2229,'Cuichapa'),(2230,'Yanga'),(2231,'Amatlán de los Reyes'),(2232,'Atoyac'),(2233,'Paso del Macho'),(2234,'Carrillo Puerto'),(2235,'Cotaxtla'),(2236,'Zongolica'),(2237,'Tehuipango'),(2238,'Mixtla de Altamirano'),(2239,'Los Reyes'),(2240,'Texhuacán'),(2241,'Tezonapa'),(2242,'Tierra Blanca'),(2243,'Tlalixcoyan'),(2244,'Ignacio de la Llave'),(2245,'Alvarado'),(2246,'Lerdo de Tejada'),(2247,'Tres Valles'),(2248,'Carlos A. Carrillo'),(2249,'Cosamaloapan de Carpio'),(2250,'Ixmatlahuacan'),(2251,'Acula'),(2252,'Amatitlán'),(2253,'Tlacotalpan'),(2254,'Saltabarranca'),(2255,'Otatitlán'),(2256,'Tlacojalpan'),(2257,'Tuxtilla'),(2258,'Chacaltianguis'),(2259,'José Azueta'),(2260,'Playa Vicente'),(2261,'Santiago Sochiapan'),(2262,'Isla'),(2263,'Juan Rodríguez Clara'),(2264,'San Andrés Tuxtla'),(2265,'Santiago Tuxtla'),(2266,'Angel R. Cabada'),(2267,'Hueyapan de Ocampo'),(2268,'Catemaco'),(2269,'Soteapan'),(2270,'Mecayapan'),(2271,'Tatahuicapan de Juárez'),(2272,'Pajapan'),(2273,'Chinameca'),(2274,'Acayucan'),(2275,'San Juan Evangelista'),(2276,'Sayula de Alemán'),(2277,'Oluta'),(2278,'Soconusco'),(2279,'Texistepec'),(2280,'Jáltipan'),(2281,'Zaragoza'),(2282,'Oteapan'),(2283,'Cosoleacaque'),(2284,'Nanchital de Lázaro Cárdenas del Río'),(2285,'Ixhuatlán del Sureste'),(2286,'Moloacán'),(2287,'Coatzacoalcos'),(2288,'Agua Dulce'),(2289,'Minatitlán'),(2290,'Hidalgotitlán'),(2291,'Jesús Carranza'),(2292,'Las Choapas'),(2293,'Uxpanapa'),(2294,'Mérida'),(2295,'Progreso'),(2296,'Chicxulub Pueblo'),(2297,'Ixil'),(2298,'Conkal'),(2299,'Yaxkukul'),(2300,'Hunucmá'),(2301,'Ucú'),(2302,'Kinchil'),(2303,'Tetiz'),(2304,'Celestún'),(2305,'Kanasín'),(2306,'Timucuy'),(2307,'Acanceh'),(2308,'Tixpéhual'),(2309,'Umán'),(2310,'Telchac Pueblo'),(2311,'Dzemul'),(2312,'Telchac Puerto'),(2313,'Cansahcab'),(2314,'Sinanché'),(2315,'Yobaín'),(2316,'Motul'),(2317,'Baca'),(2318,'Mocochá'),(2319,'Muxupip'),(2320,'Cacalchén'),(2321,'Bokobá'),(2322,'Tixkokob'),(2323,'Hoctún'),(2324,'Tahmek'),(2325,'Dzidzantún'),(2326,'Temax'),(2327,'Tekantó'),(2328,'Teya'),(2329,'Suma'),(2330,'Tepakán'),(2331,'Tekal de Venegas'),(2332,'Izamal'),(2333,'Hocabá'),(2334,'Xocchel'),(2335,'Seyé'),(2336,'Cuzamá'),(2337,'Homún'),(2338,'Sanahcat'),(2339,'Huhí'),(2340,'Dzilam González'),(2341,'Dzilam de Bravo'),(2342,'Panabá'),(2343,'San Felipe'),(2344,'Buctzotz'),(2345,'Sucilá'),(2346,'Cenotillo'),(2347,'Dzoncauich'),(2348,'Tunkás'),(2349,'Quintana Roo'),(2350,'Dzitás'),(2351,'Kantunil'),(2352,'Sudzal'),(2353,'Tekit'),(2354,'Sotuta'),(2355,'Tizimín'),(2356,'Río Lagartos'),(2357,'Espita'),(2358,'Temozón'),(2359,'Calotmul'),(2360,'Tinum'),(2361,'Chankom'),(2362,'Chichimilá'),(2363,'Tixcacalcupul'),(2364,'Kaua'),(2365,'Cuncunul'),(2366,'Tekom'),(2367,'Chemax'),(2368,'Valladolid'),(2369,'Uayma'),(2370,'Maxcanú'),(2371,'Samahil'),(2372,'Opichén'),(2373,'Chocholá'),(2374,'Kopomá'),(2375,'Tecoh'),(2376,'Abalá'),(2377,'Halachó'),(2378,'Muna'),(2379,'Sacalum'),(2380,'Maní'),(2381,'Dzán'),(2382,'Chapab'),(2383,'Ticul'),(2384,'Oxkutzcab'),(2385,'Santa Elena'),(2386,'Mama'),(2387,'Chumayel'),(2388,'Mayapán'),(2389,'Teabo'),(2390,'Cantamayec'),(2391,'Yaxcabá'),(2392,'Peto'),(2393,'Chikindzonot'),(2394,'Tahdziú'),(2395,'Tixmehuac'),(2396,'Chacsinkín'),(2397,'Tzucacab'),(2398,'Tekax'),(2399,'Akil'),(2400,'Zacatecas'),(2401,'Morelos'),(2402,'Vetagrande'),(2403,'Concepción del Oro'),(2404,'Melchor Ocampo'),(2405,'Mazapil'),(2406,'El Salvador'),(2407,'Juan Aldama'),(2408,'Miguel Auza'),(2409,'General Francisco R. Murguía'),(2410,'Río Grande'),(2411,'Villa de Cos'),(2412,'Cañitas de Felipe Pescador'),(2413,'Calera'),(2414,'Pánuco'),(2415,'General Enrique Estrada'),(2416,'Guadalupe'),(2417,'Trancoso'),(2418,'Genaro Codina'),(2419,'Cuauhtémoc'),(2420,'Ojocaliente'),(2421,'General Pánfilo Natera'),(2422,'Luis Moya'),(2423,'Loreto'),(2424,'Villa González Ortega'),(2425,'Noria de Ángeles'),(2426,'Villa García'),(2427,'Pinos'),(2428,'Villa Hidalgo'),(2429,'Fresnillo'),(2430,'Sombrerete'),(2431,'Sain Alto'),(2432,'Valparaíso'),(2433,'Chalchihuites'),(2434,'Jiménez del Teul'),(2435,'Jerez'),(2436,'Monte Escobedo'),(2437,'Susticacán'),(2438,'Villanueva'),(2439,'Tepetongo'),(2440,'El Plateado de Joaquín Amaro'),(2441,'Jalpa'),(2442,'Tabasco'),(2443,'Huanusco'),(2444,'Tlaltenango de Sánchez Román'),(2445,'Momax'),(2446,'Atolinga'),(2447,'Tepechitlán'),(2448,'Benito Juárez'),(2449,'Teúl de González Ortega'),(2450,'Santa María de la Paz'),(2451,'Trinidad García de la Cadena'),(2452,'Mezquital del Oro'),(2453,'Nochistlán de Mejía'),(2454,'Apulco'),(2455,'Apozol'),(2456,'Juchipila'),(2457,'Moyahua de Estrada');
/*!40000 ALTER TABLE `municipios` ENABLE KEYS */;
UNLOCK TABLES;

--
-- Table structure for table `newtable`
--

DROP TABLE IF EXISTS `newtable`;
/*!40101 SET @saved_cs_client     = @@character_set_client */;
/*!40101 SET character_set_client = utf8 */;
CREATE TABLE `newtable` (
  `id_foto` varchar(100) DEFAULT NULL,
  `foto` varbinary(10000) DEFAULT NULL
) ENGINE=InnoDB DEFAULT CHARSET=utf16 COLLATE=utf16_spanish_ci;
/*!40101 SET character_set_client = @saved_cs_client */;

--
-- Dumping data for table `newtable`
--

LOCK TABLES `newtable` WRITE;
/*!40000 ALTER TABLE `newtable` DISABLE KEYS */;
/*!40000 ALTER TABLE `newtable` ENABLE KEYS */;
UNLOCK TABLES;

--
-- Table structure for table `paises`
--

DROP TABLE IF EXISTS `paises`;
/*!40101 SET @saved_cs_client     = @@character_set_client */;
/*!40101 SET character_set_client = utf8 */;
CREATE TABLE `paises` (
  `id_pais` varchar(5) NOT NULL,
  `pais` char(50) NOT NULL,
  PRIMARY KEY (`id_pais`)
) ENGINE=InnoDB DEFAULT CHARSET=utf16 COLLATE=utf16_spanish_ci;
/*!40101 SET character_set_client = @saved_cs_client */;

--
-- Dumping data for table `paises`
--

LOCK TABLES `paises` WRITE;
/*!40000 ALTER TABLE `paises` DISABLE KEYS */;
INSERT INTO `paises` VALUES ('COL','Colombia'),('CRI','Costa Rica'),('GUA','Guatemala'),('HON','Honduras'),('MEX','México');
/*!40000 ALTER TABLE `paises` ENABLE KEYS */;
UNLOCK TABLES;

--
-- Table structure for table `taxonomia`
--

DROP TABLE IF EXISTS `taxonomia`;
/*!40101 SET @saved_cs_client     = @@character_set_client */;
/*!40101 SET character_set_client = utf8 */;
CREATE TABLE `taxonomia` (
  `id_especie` int(11) NOT NULL,
  `familia` varchar(8) DEFAULT NULL,
  `genero` varchar(7) DEFAULT NULL,
  `epiteto_especifico` varchar(22) DEFAULT NULL,
  `autoridad_taxonomica` varchar(79) DEFAULT NULL,
  `fecha_descripcion` int(11) DEFAULT NULL,
  PRIMARY KEY (`id_especie`)
) ENGINE=InnoDB DEFAULT CHARSET=utf16 COLLATE=utf16_spanish_ci;
/*!40101 SET character_set_client = @saved_cs_client */;

--
-- Dumping data for table `taxonomia`
--

LOCK TABLES `taxonomia` WRITE;
/*!40000 ALTER TABLE `taxonomia` DISABLE KEYS */;
INSERT INTO `taxonomia` VALUES (1,'Fagaceae','Hibrido',NULL,NULL,NULL),(2,'Fagaceae','Quercus','acherdophylla','Trelease, William',1924),(3,'Fagaceae','Quercus','acutifolia','Née, Luis',1801),(4,'Fagaceae','Quercus','affinis','Scheidweiler, Michael Joseph François',1837),(5,'Fagaceae','Quercus','benthamii','Candolle, Alphonse Louis Pierre Pyramus de',1864),(6,'Fagaceae','Quercus','breedlovea','Nixon, Kevin C.; Barrie, Fred Rogers',2017),(7,'Fagaceae','Quercus','calophylla','Schlechtendal, Diederich Franz Leonhard von; Chamisso, Ludolf Karl Adelbert von',1830),(8,'Fagaceae','Quercus','canbyi','Trelease, William',1924),(9,'Fagaceae','Quercus','candicans x xalapensis','Bonpland, Aimè Jacques Alexandre',1809),(10,'Fagaceae','Quercus','chihuahuensis','Trelease, William',1924),(11,'Fagaceae','Quercus','corrugata','Hooker, William Jackson',1842),(12,'Fagaceae','Quercus','cortesii','Liebmann, Frederik Michael',1854),(13,'Fagaceae','Quercus','crispifolia','Trelease, William',1924),(14,'Fagaceae','Quercus','cupreata','Trelease, William; Muller, Cornelius Herman',1936),(15,'Fagaceae','Quercus','delgadoa','Valencia Avalos, Susa; Nixon, Kevin C; Kelly, Lawrence Michael',2011),(16,'Fagaceae','Quercus','elliptica','Née, Luis',1801),(17,'Fagaceae','Quercus','flocculenta','Muller, Cornelius Herman',1936),(18,'Fagaceae','Quercus','germa','Schlechtendal, Diederich Franz Leonhard von; Chamisso, Ludolf Karl Adelbert von',1830),(19,'Fagaceae','Quercus','glabrescens','Bentham, George',1840),(20,'Fagaceae','Quercus','glaucescens','Bonpland, Aimé Jacques Alexandre (né Goujaud)',1809),(21,'Fagaceae','Quercus','graciliramis','Muller, Cornelius Herman',1936),(22,'Fagaceae','Quercus','grahamii','Bentham, George',1840),(23,'Fagaceae','Quercus','iltisii','González Villarreal, Luz María',2003),(24,'Fagaceae','Quercus','insignis','Martens, Martin; Galeotti, Henri Guillaume',1843),(25,'Fagaceae','Quercus','lancifolia','Schlechtendal, Diederich Franz Leonhard von; Chamisso, Ludolf Karl Adelbert von',1830),(26,'Fagaceae','Quercus','laurina','Bonpland, Aimé Jacques Alexandre (né Goujaud)',1809),(27,'Fagaceae','Quercus','laxa','Liebmann, Frederik Michael',1854),(28,'Fagaceae','Quercus','liebmannii','Oersted, Anders Sandøe',1924),(29,'Fagaceae','Quercus','magnoliifolia','Née, Luis',1801),(30,'Fagaceae','Quercus','martinezii','Muller, Cornelius Herman',1953),(31,'Fagaceae','Quercus','meavei','Valencia-A., Susa; Sabas Rosales, José Luciano; Soto Arellano, Oscar Javier',2016),(32,'Fagaceae','Quercus','oleoides','Schlechtendal, Diederich Franz Leonhard von; Chamisso, Ludolf Karl Adelbert von',1830),(33,'Fagaceae','Quercus','paxtalensis','Muller, Cornelius Herman',1942),(34,'Fagaceae','Quercus','peduncularis','Née',1801),(35,'Fagaceae','Quercus','pintivenulosa','Muller, Cornelius Herman',1936),(36,'Fagaceae','Quercus','polymorpha','Schlechtendal, Diederich Franz Leonhard von; Chamisso, Ludolf Karl Adelbert von',1830),(37,'Fagaceae','Quercus','resinosa','Liebmann, Frederik Michael',1854),(38,'Fagaceae','Quercus','sapotifolia','Liebmann, Frederik Michael',1854),(39,'Fagaceae','Quercus','sartorii','Liebmann, Frederik Michael',1854),(40,'Fagaceae','Quercus','segoviensis','Liebmann, Frederik Michael',1854),(41,'Fagaceae','Quercus','skinneri','Bentham, George',1841),(42,'Fagaceae','Quercus','sp. nov',NULL,NULL),(43,'Fagaceae','Quercus','spp',NULL,NULL),(44,'Fagaceae','Quercus','subspathulata','Trelease, William',1924),(45,'Fagaceae','Quercus','tristis','Liebmann, Frederik Michael',1854),(46,'Fagaceae','Quercus','tuberculata','Liebmann, Frederik Michael',1854),(47,'Fagaceae','Quercus','uxoris','McVaugh, Rogers',1972),(48,'Fagaceae','Quercus','vicentensis','Trelease, William',1924),(49,'Fagaceae','Quercus','viminea','Trelease, William',1924),(50,'Fagaceae','Quercus','xalapensis','Bonpland, Aimè Jacques Alexandre',1809);
/*!40000 ALTER TABLE `taxonomia` ENABLE KEYS */;
UNLOCK TABLES;

--
-- Table structure for table `tipos_vegetacion`
--

DROP TABLE IF EXISTS `tipos_vegetacion`;
/*!40101 SET @saved_cs_client     = @@character_set_client */;
/*!40101 SET character_set_client = utf8 */;
CREATE TABLE `tipos_vegetacion` (
  `tipo_veg` varchar(56) DEFAULT NULL,
  `id_veg` int(11) NOT NULL,
  PRIMARY KEY (`id_veg`)
) ENGINE=InnoDB DEFAULT CHARSET=utf16 COLLATE=utf16_spanish_ci;
/*!40101 SET character_set_client = @saved_cs_client */;

--
-- Dumping data for table `tipos_vegetacion`
--

LOCK TABLES `tipos_vegetacion` WRITE;
/*!40000 ALTER TABLE `tipos_vegetacion` DISABLE KEYS */;
INSERT INTO `tipos_vegetacion` VALUES ('bosque de encino',1),('bosque de encino con selva alta',2),('bosque de encino perturbado con cafetales',3),('bosque de pino encino',4),('bosque mesófilo de montaña',5),('bosque mesófilo con helechos arborescentes',6),('bosque mesófilo con liquidambar y helechos arborescentes',7),('bosque mesófilo con presencia de helechos arborescentes',8),('bosque mesófilo perturbado',9),('bosque tropical caducifolio',10),('cafetal',11),('matorral con elementos de bosque tropical caducifolio',12),('matorral xerófilo con palmas y Quercus',13),('pino encino',14),('potreros',15),('remanentes de bosque tropical caducifolio',16),('selva humeda media',17),('matorrales secos con encinos',18);
/*!40000 ALTER TABLE `tipos_vegetacion` ENABLE KEYS */;
UNLOCK TABLES;
/*!40103 SET TIME_ZONE=@OLD_TIME_ZONE */;

/*!40101 SET SQL_MODE=@OLD_SQL_MODE */;
/*!40014 SET FOREIGN_KEY_CHECKS=@OLD_FOREIGN_KEY_CHECKS */;
/*!40014 SET UNIQUE_CHECKS=@OLD_UNIQUE_CHECKS */;
/*!40101 SET CHARACTER_SET_CLIENT=@OLD_CHARACTER_SET_CLIENT */;
/*!40101 SET CHARACTER_SET_RESULTS=@OLD_CHARACTER_SET_RESULTS */;
/*!40101 SET COLLATION_CONNECTION=@OLD_COLLATION_CONNECTION */;
/*!40111 SET SQL_NOTES=@OLD_SQL_NOTES */;

-- Dump completed on 2023-02-15 13:45:56
